:020000040800F2
:10000000D0770020950200087DA2000869840008CE
:1000100009980008F90B0008CD5401080000000001
:10002000000000000000000000000000710901084D
:10003000B126000800000000D1A70008CD09010882
:10004000AF020008AF020008AF020008AF020008CC
:10005000AF020008AF020008B5260008C12600085C
:10006000AF020008CD260008D9260008AF0200081C
:1000700009140008AF020008AF020008AF02000830
:10008000AF020008AF020008AF020008AF0200088C
:10009000FD0B0008AF020008AF020008E5260008CB
:1000A000AF020008AF020008AF020008AF0200086C
:1000B000AF020008AF020008D90A0108AF02000829
:1000C000AF020008AF020008AF020008AF0200084C
:1000D000AF02000889180108AF020008991801084A
:1000E000AF020008AF020008AF020008E90A0108E9
:1000F000AF020008AF020008AF020008AF0200081C
:10010000AF020008AF020008AF020008AF0200080B
:10011000AF020008AF020008AF020008AF020008FB
:10012000AF0200081914000829140008D924000897
:10013000AF020008AF020008AF020008AF020008DB
:10014000AF0200080D0C0008AF020008EDA2000885
:10015000E9240008F924000809250008A918010865
:10016000AF020008AF020008AF020008AF020008AB
:10017000AF020008AF020008AF0200080000000054
:10018000AF020008AF02000800F002F800F072F8B9
:1001900014A696E8000CB244B344DA4501D100F04D
:1001A00069F8BAE80F000FA696E83000A5EB040541
:1001B00004EB0607AAEB0704A7F101074FEA1515A0
:1001C0004FEA3414A4F10104AC4201D300F052F818
:1001D00013F0010F18BFFB1A43F0010300F001F800
:1001E000DBE71847BCB00100DCB001000A444FF067
:1001F000000C10F8013B13F0070408BF10F8014B86
:100200001D1108BF10F8015B641E05D010F8016BCA
:10021000641E01F8016BF9D113F0080F1EBF10F82E
:10022000014BAD1C0C1B09D16D1E58BF01F801CB51
:10023000FAD505E014F8016B01F8016B6D1EF9D5D4
:100240009142D6D37047000070470000002300247D
:1002500000250026103A28BF78C1FBD8520728BFD6
:1002600030C148BF0B6070471FB51AF048FD1FBD75
:1002700010B510BD00F0A4F91146FFF7F5FF16F018
:100280003BFC00F0C2F903B4FFF7F2FF03BC00F03F
:10029000C5F900000948804709480047FEE7FEE726
:1002A000FEE7FEE7FEE7FEE7FEE7FEE7FEE7FEE726
:1002B00004480549054A064B70470000C50A010875
:1002C00089010008D0710020D0770020D073002071
:1002D000D073002053EA020C00F069802DE9F04B46
:1002E0004FF00006002B1FBFB3FA83F503FA05F4A5
:1002F00024FA05F65E4012BF1643B2FA82F502FAFE
:1003000005F4C5F120051EBF22FA05FC44EA0C04E1
:10031000203556EA044C4FEA144418BF641C4FF0D1
:1003200000084FF00009904271EB030C39D300290B
:1003300019BFB1FA81F701FA07F6B0FA80F700FAAF
:1003400007F6C7F120071EBF20FA07FC46EA0C0695
:100350002037B6FBF4FCA7EB0507103F07F01F0B97
:10036000CBF120062CFA06F60CFA0BFB44BFB34681
:100370000026202FA4BF5E464FF0000B5BEA060C60
:1003800008BF4FF0010B19EB0B0948EB0608ABFB5C
:10039000027C06FB02CC0BFB03CCC01B71EB0C01F7
:1003A000C1E70B46024641464846BDE8F08B13B50F
:1003B000084318BF4FF0FF300146AFF30080BDE89F
:1003C0001C40704710B5431C02E010F8011B71B1CE
:1003D0008107FAD14FF0013202C88C1A8C4314EA1B
:1003E000C211F9D0C01A0A0603D0C01E10BDC01A2F
:1003F00010BD0A0401D0801E10BD0902FCD0401EB1
:1004000010BD032A40F2308010F0030C00F015807C
:1004100011F8013BBCF1020F624498BF11F801CB07
:1004200000F8013B38BF11F8013BA2F1040298BF6C
:1004300000F801CB38BF00F8013B11F0030300F0D6
:100440008480083AC0F0088051F8043B083A51F81B
:1004500004CBA0E80810F5E7121D5CBF51F8043B7F
:1004600040F8043BAFF30080D20724BF11F8013BF2
:1004700011F801CB48BF11F8012B24BF00F8013B54
:1004800000F801CB48BF00F8012B704702F0FF03D2
:1004900043EA032242EA024200F024B84FF000028D
:1004A0000429C0F0128010F0030C00F01B80CCF186
:1004B000040CBCF1020F18BF00F8012BA8BF20F8F4
:1004C000022BA1EB0C0100F00DB85FEAC17C24BF48
:1004D00000F8012B00F8012B48BF00F8012B7047F2
:1004E0004FF0000200B5134694469646203922BFCD
:1004F000A0E80C50A0E80C50B1F12001BFF4F7AF18
:10050000090728BFA0E80C5048BF0CC05DF804EBF9
:10051000890028BF40F8042B08BF704748BF20F867
:10052000022B11F0804F18BF00F8012B7047704765
:100530007047704710B500F03BF8006810BD10B56B
:10054000044600F035F8046010BD10B5203AC0F044
:100550000B80B1E81850A0E81850B1E81850A0E896
:100560001850203ABFF4F5AF5FEA027C24BFB1E82F
:100570001850A0E8185044BF18C918C0BDE8104072
:100580005FEA827C24BF51F8043B40F8043B08BF7B
:100590007047D20728BF31F8023B48BF11F8012B42
:1005A00028BF20F8023B48BF00F8012B704700002D
:1005B0000048704760030020004870476003002037
:1005C0007546FFF7F9FFAE4605006946534620F031
:1005D0000700854618B020B5FFF76AFEBDE8204049
:1005E0004FF000064FF000074FF000084FF0000BEF
:1005F000AC46ACE8C009ACE8C009ACE8C009ACE85E
:10060000C00921F007018D46704710B50446AFF3CD
:1006100000802046BDE81040FFF735BE0149182094
:10062000ABBEFEE7260002007047000083B00290D8
:100630000191009202994FF07E50086002990020CB
:100640004860029988600299C86003B07047000052
:1006500080B586B005908DED040A03910292019356
:100660000598039991ED000AD1ED010A91ED021A66
:100670000299D1ED001A91ED012AD1ED022A08F07C
:100680009BFE06B080BD000081B08DED000AFFE743
:100690009DED000A9FED141AB4EE410AF1EE10FA36
:1006A00009DDFFE79DED000A9FED121A30EE010A09
:1006B0008DED000AECE7FFE79DED000A9FED0B1AB8
:1006C000B4EE410AF1EE10FA09DAFFE79DED000AF7
:1006D0009FED071A30EE010A8DED000AECE79DED63
:1006E000000A01B0704700BFDC0F4940DC0F49C071
:1006F000DC0FC940DC0FC9C080B50020C4F2020085
:100700001021012203F054FF80BD000080B50020BD
:10071000C4F202001021002203F04AFF80BD000055
:100720007047000080B540F20040C4F20200012290
:10073000114603F03DFF80BD80B540F20040C4F299
:1007400002000121002203F033FF80BD85B0049038
:100750000391029204990878497840EA0120ADF8A3
:100760000600BDF9060000EE100AB8EEC00A40F21D
:100770000000C2F2000090ED001A20EE010A039979
:1007800081ED000A049A9178D27841EA0221ADF80D
:100790000610BDF9061000EE101AB8EEC00A90ED72
:1007A000001A20EE010A039981ED010A049A1179D9
:1007B000527941EA0221ADF80610BDF9061000EEAB
:1007C000101AB8EEC00A90ED001A20EE010A039844
:1007D00080ED020A04988179C279007A000440EA27
:1007E0000220084400909DED000AB8EE400A9FEDFB
:1007F000041A20EE010A029880ED000A05B0704745
:1008000000401C427047000080B582B0ADF8060081
:10081000BDF8060016F0ACF902B080BD80B582B01C
:10082000ADF80600012016F0A3F902B080BD00006B
:1008300083B00290019102990878497840EA01203A
:10084000ADF80200BDF9020000EE100AB8EEC00AD1
:1008500040F20400C2F2000090ED001A20EE010AFE
:10086000019981ED000A029A9178D27841EA022139
:10087000ADF80210BDF9021000EE101AB8EEC00A71
:1008800090ED001A20EE010A019981ED010A029A09
:100890001179527941EA0221ADF80210BDF9021036
:1008A00000EE101AB8EEC00A90ED001A20EE010A10
:1008B000019880ED020A03B07047000080B582B055
:1008C00000208DF80700FFF72BFFFFF79BFF15F0C7
:1008D0004BFA38B1FFE79DF8070040F080008DF833
:1008E000070008E015F076F901469DF80700084377
:1008F0008DF80700FFE715F0BDFC38B1FFE79DF864
:10090000070040F040008DF8070008E015F00CFCEF
:1009100001469DF8070008438DF80700FFE79DF8A2
:10092000070002B080BD000080B588B00790069136
:1009300005920020009004900390FFF7E7FE9220BC
:1009400000F006F9122003A90191062200F0CCF86C
:10095000FFF7D2FE9DF80C009DF80D1040EA012033
:10096000ADF80A00BDF90A0000EE100AB8EEC00AA0
:1009700040F20000C2F2000090ED001A20EE010AE1
:10098000069981ED000A9DF80E109DF80F2041EAAE
:100990000221ADF80A10BDF90A1000EE101AB8EEE7
:1009A000C00A90ED001A20EE010A069981ED010AB5
:1009B0009DF810109DF8112041EA0221ADF80A10AF
:1009C000BDF90A1000EE101AB8EEC00A90ED001A38
:1009D00020EE010A069880ED020AFFF7ADFE0098AE
:1009E0000199082200F080F8FFF79CFE9DF80C00AA
:1009F0000F2844D1FFE79DF80E009DF80F1040EA44
:100A00000120ADF80A00BDF90A0000EE100AB8EEA8
:100A1000C00A40F20400C2F2000090ED001A20EE7D
:100A2000010A079981ED000A9DF810109DF8112028
:100A300041EA0221ADF80A10BDF90A1000EE101AC1
:100A4000B8EEC00A90ED001A20EE010A079981ED78
:100A5000010A9DF812109DF8132041EA0221ADF819
:100A60000A10BDF90A1000EE101AB8EEC00A90ED97
:100A7000001A20EE010A079880ED020AFFE7FFF74F
:100A800045FEA22000F064F8222003A9022200F013
:100A90002BF8FFF731FE9DF80C009DF80D10C000FB
:100AA00040EA5110ADF80A00BDF90A00B0F5806FB8
:100AB00007DBFFE7BDF80A00A0F50060ADF80A000B
:100AC000FFE7BDF90A0000EE100AB8EEC00AB4EE66
:100AD000001A20EE010AB3EE071A30EE010A05985B
:100AE00080ED000A08B080BD80B584B08DF80F009D
:100AF00002918DF807209DF80F0040F0800000F073
:100B000027F8FFE79DF8070070B1FFE7552000F0D8
:100B10001FF8029908700298013002909DF80700B2
:100B200001388DF80700EDE704B080BD80B582B0D4
:100B30008DF8070000919DF8070040F0800000F05C
:100B400007F8552000F004F80099087002B080BD45
:100B500080B582B08DF8070069464FF47A7008605E
:100B600042F62810C2F200000DF107010DF1060255
:100B7000012306F00FF89DF8060002B080BD0000CA
:100B800083B002900191029908784978C00040EA48
:100B90005110ADF80200BDF90200B0F5806F07DB1F
:100BA000FFE7BDF80200A0F50060ADF80200FFE726
:100BB000BDF9020000EE100AB8EEC00AB4EE001A49
:100BC00020EE010AB3EE071A30EE010A019880ED1B
:100BD000000A03B07047000080B582B08DF80700AE
:100BE0008DF806109DF80700FFF7B2FF9DF806008C
:100BF000FFF7AEFF02B080BDFFE7FEE780B542F22F
:100C00000010C2F2000002F0FDF980BD80B542F292
:100C10002810C2F2000002F0F5F980BD82B08DF814
:100C200003009DF80300012806D1FFE742F20010FF
:100C3000C2F2000001900DE09DF80300022806D1E9
:100C4000FFE742F22810C2F20000019002E000200B
:100C50000190FFE7019802B07047000084B08DF862
:100C60000F000291ADF806209DF80F00014600919B
:100C700023281DD80099DFE801F012131415161B64
:100C80001B1B1B1B1B1B1B1B1B1B1B1B1B1B1B1BB4
:100C90001B1B1B1B1B1B1B1B1B1B1718191A08E0FC
:100CA00007E006E005E004E003E002E001E000E028
:100CB000FFE7002004B070470020704780B582B085
:100CC00041F62460C2F20000009041F28801C2F2B5
:100CD00000010022019211F089F9009840F6880184
:100CE000C2F2000111F064F9019802B080BD000069
:100CF00080B584B003900291039941F62460C2F25A
:100D00000000019011F054F9019811F0F7F800205B
:100D100004B080BD83B0029001918DF803200020C3
:100D20008DF802009DF9020003B0704780B596B0BF
:100D3000012114910020129013910C900D900E90AF
:100D40000F9011901090FFE742F20010C2F20000E5
:100D50000CA901F015FFB0B1FFE74AF64260C0F6FA
:100D60000100694608604BF2F201C0F601014AF643
:100D70004762C0F601024AF63963C0F6010300205B
:100D80000AF062F8E0E701210A9100200890099139
:100D9000069102900390049005900E2007900B900E
:100DA000FFE742F22810C2F2000002A901F0E8FEBB
:100DB000B0B1FFE74AF64260C0F60100694608603C
:100DC0004BF21B11C0F601014AF64762C0F6010260
:100DD0004AF63963C0F6010300200AF035F8E0E76F
:100DE00016B080BD80B586B0FFF7A0FF4AF642601E
:100DF000C0F601000290694608604BF20E21C0F671
:100E000001014AF64F62C0F6010203924AF63C63C2
:100E1000C0F601030493002005900AF015F800F0D5
:100E200045FA02990598039A049BEC46CCF8001009
:100E30004BF2C611C0F601010AF006F80299039AB6
:100E4000049B059840F23D1CC2F2000C8CF8000097
:100E5000EC46CCF800104BF2EE11C0F6010109F09F
:100E6000F3FF06B080BD000080B58CB00A900A98F0
:100E700000F072F818B9FFE700200B9069E040F22B
:100E80003D10C2F200000078C00718B1FFE7FFF77D
:100E9000A9FFFFE73F2016F0ADFE09900998E0B9E1
:100EA000FFE70A9800684AF64262C0F60102694606
:100EB0004A6008604BF23A21C0F601014AF64762E7
:100EC000C0F601024AF63963C0F601030020029021
:100ED00009F0BAFF02980B903BE009983F21FFF719
:100EE000DDFA0A980068099908600A980079FFF706
:100EF00095FE099948600A98B0F805000999088498
:100F0000099808300A99B1F805100391002104915D
:100F100005910691082207928DF8201003A9182246
:100F2000FFF76FFA0A98B0F80700099948850A9800
:100F3000D0F809000999C1F837000A98D0F80D00D7
:100F40000999C1F83B00099800F03EF909980B9007
:100F5000FFE70B980CB080BD80B58CB00A900A9862
:100F6000D0B9FFE74AF64260C0F601006946086062
:100F70004AF69A61C0F601014AF64762C0F60102DC
:100F80004AF63963C0F601030020089009F05CFFBF
:100F900008988DF82F0013E10A980068A0B1FFE7C8
:100FA0000A98B0F8070078B1FFE70A98B0F8050092
:100FB00050B1FFE70A98007901281FD0FFE70A988F
:100FC000007902281AD0FFE74AF64260C0F6010015
:100FD000694608604BF25E01C0F601014AF64762BD
:100FE000C0F601024AF63963C0F6010300200790FB
:100FF00009F02AFF07988DF82F00E1E00A980079A0
:1010000001286AD1FFE741F61060C2F200000078C3
:1010100008281DD1FFE70A9800684AF64262C0F628
:10102000010269464A6008604AF6A471C0F60101EF
:101030004AF64762C0F601024AF63963C0F6010378
:101040000020069009F000FF06988DF82F00B7E009
:1010500000208DF82700FFE79DF8270041F610617A
:10106000C2F200010978884236DAFFE79DF82710BE
:1010700041F6D050C2F2000050F82100408D0A998C
:10108000B1F80710884220D1FFE70A990868B1F843
:1010900007204AF64263C0F6010369468B604A6046
:1010A00008604BF24411C0F601014AF64762C0F6EF
:1010B00001024AF63963C0F601030020059009F0E9
:1010C000C3FE05988DF82F007AE0FFE79DF8270012
:1010D00001308DF82700BFE7FFE70A980079022862
:1010E0006AD1FFE741F61160C2F2000000780828DB
:1010F0001DD1FFE70A9800684AF64262C0F6010275
:1011000069464A6008604AF6E471C0F601014AF691
:101110004762C0F601024AF63963C0F601030020B7
:10112000049009F091FE04988DF82F0048E000200B
:101130008DF82600FFE79DF8260041F61161C2F206
:1011400000010978884236DAFFE79DF8261041F65B
:10115000F050C2F2000050F82100408D0A99B1F819
:101160000710884220D1FFE70A990868B1F80720E4
:101170004AF64263C0F6010369468B604A60086024
:101180004BF28511C0F601014AF64762C0F6010232
:101190004AF63963C0F601030020039009F054FEBB
:1011A00003988DF82F000BE0FFE79DF82600013033
:1011B0008DF82600BFE7FFE701208DF82F00FFE73D
:1011C0009DF82F000CB080BD80B586B005900598C5
:1011D000406842F20011C2F2000188422DD1FFE7BF
:1011E000059841F61061C2F200010B7841F6D05229
:1011F000C2F2000242F82300087801300870059915
:1012000008680A8C4B8D4AF6426CC0F6010C6946A0
:10121000C1F80CC08B604A6008604AF6CA61C0F62B
:1012200001014AF64F62C0F601024AF63C63C0F67D
:101230000103002009F008FEFFE70598406842F22C
:101240002811C2F2000188422DD1FFE7059841F62E
:101250001161C2F200010B7841F6F052C2F20002B5
:1012600042F82300087801300870059908680A8C54
:101270004B8D4AF6426CC0F6010C6946C1F80CC0B1
:101280008B604A6008604AF61071C0F601014AF6A8
:101290004F62C0F601024AF63C63C0F6010300202B
:1012A00009F0D2FDFFE706B080BD000080B582B036
:1012B000FFE742F20010C2F2000002F023FBB0B1DF
:1012C000FFE74AF64260C0F60100694608604BF24B
:1012D0002401C0F601014AF64762C0F601024AF64F
:1012E0003963C0F60103002009F0AEFDE1E7FFE736
:1012F00042F22810C2F2000002F004FBB0B1FFE796
:101300004AF64260C0F60100694608604BF24101AE
:10131000C0F601014AF64762C0F601024AF6396397
:10132000C0F60103002009F08FFDE1E7FFE742F27C
:101330000010C2F20000022101F04CFBB0B1FFE747
:101340004AF64260C0F60100694608604BF294011B
:10135000C0F601014AF64762C0F601024AF6396357
:10136000C0F60103002009F06FFDE0E7FFE742F25D
:101370002810C2F20000102101F02CFBB0B1FFE7F1
:101380004AF64260C0F60100694608604BF2C301AC
:10139000C0F601014AF64762C0F601024AF6396317
:1013A000C0F60103002009F04FFDE0E702B080BD68
:1013B00080B584B00290FFE70298406801F0EAFD32
:1013C00060B9FFE79DF8070001308DF807009DF830
:1013D0000700652801DBFFE700E0EDE7029A5068AF
:1013E00002F108012232012301F01EFB20B9FFE7C0
:1013F00001208DF80F0003E000208DF80F00FFE7BB
:101400009DF80F0004B080BD80B542F2D020C2F23A
:10141000000002F071FB80BD80B542F23030C2F2B4
:10142000000002F069FB80BD80B5E2B042F62810F2
:10143000C2F20000C06C006846F25941C4F20201D9
:101440008842C0F0F380FFE746F20440C4F2020095
:101450000068619042F62810C2F20000C06C00687B
:1014600046F21001C4F20201884203D1FFE72020B6
:101470006090D6E042F62810C2F20000C06C00680E
:1014800046F21041C4F20201884203D1FFE7202056
:101490005F90C3E042F62810C2F20000C06C006802
:1014A00046F27001C4F20201884203D1FFE7202016
:1014B0005E90B0E042F62810C2F20000C06C0068F6
:1014C00046F27041C4F20201884203D1FFE72020B6
:1014D0005D909DE042F62810C2F20000C06C0068EA
:1014E00046F22801C4F20201884204D1FFE74FF41A
:1014F00000605C9089E042F62810C2F20000C06CE7
:10150000006846F22841C4F20201884204D1FFE794
:101510004FF400605B9075E042F62810C2F20000C4
:10152000C06C006846F28801C4F20201884204D10E
:10153000FFE74FF400605A9061E042F62810C2F2D3
:101540000000C06C006846F28841C4F20201884283
:1015500004D1FFE74FF4006059904DE042F62810A7
:10156000C2F20000C06C006846F24001C4F2020101
:10157000884204D1FFE74FF40010589039E042F65A
:101580002810C2F20000C06C006846F24041C4F26C
:101590000201884204D1FFE74FF40010579025E084
:1015A00042F62810C2F20000C06C006846F2A001AA
:1015B000C4F20201884204D1FFE74FF400105690B4
:1015C00011E042F62810C2F20000C06C016846F239
:1015D000A042C4F202024FF00060914208BF4FF4F3
:1015E00000105690FFE756985790FFE7579858908D
:1015F000FFE758985990FFE759985A90FFE75A9893
:101600005B90FFE75B985C90FFE75C985D90FFE77D
:101610005D985E90FFE75E985F90FFE75F9860904F
:10162000FFE76198609908405590F7E242F628106C
:10163000C2F20000C06C006846F2B901C4F20201B7
:101640008842C0F0F380FFE746F20040C4F2020097
:101650000068549042F62810C2F20000C06C006886
:1016600046F21001C4F20201884203D1FFE72020B4
:101670005390D6E042F62810C2F20000C06C006819
:1016800046F21041C4F20201884203D1FFE7202054
:101690005290C3E042F62810C2F20000C06C00680D
:1016A00046F27001C4F20201884203D1FFE7202014
:1016B0005190B0E042F62810C2F20000C06C006801
:1016C00046F27041C4F20201884203D1FFE72020B4
:1016D00050909DE042F62810C2F20000C06C0068F5
:1016E00046F22801C4F20201884204D1FFE74FF418
:1016F00000604F9089E042F62810C2F20000C06CF2
:10170000006846F22841C4F20201884204D1FFE792
:101710004FF400604E9075E042F62810C2F20000CF
:10172000C06C006846F28801C4F20201884204D10C
:10173000FFE74FF400604D9061E042F62810C2F2DE
:101740000000C06C006846F28841C4F20201884281
:1017500004D1FFE74FF400604C904DE042F62810B2
:10176000C2F20000C06C006846F24001C4F20201FF
:10177000884204D1FFE74FF400104B9039E042F665
:101780002810C2F20000C06C006846F24041C4F26A
:101790000201884204D1FFE74FF400104A9025E08F
:1017A00042F62810C2F20000C06C006846F2A001A8
:1017B000C4F20201884204D1FFE74FF400104990BF
:1017C00011E042F62810C2F20000C06C016846F237
:1017D000A042C4F202024FF00060914208BF4FF4F1
:1017E00000104990FFE749984A90FFE74A984B90CC
:1017F000FFE74B984C90FFE74C984D90FFE74D98D2
:101800004E90FFE74E984F90FFE74F985090FFE7BC
:1018100050985190FFE751985290FFE7529853909B
:10182000FFE75498539908404890F4E142F6281095
:10183000C2F20000C06C006846F25901C4F2020115
:101840008842C0F0F380FFE746F20400C4F20200D1
:101850000068479042F62810C2F20000C06C006891
:1018600046F21001C4F20201884203D1FFE72020B2
:101870004690D6E042F62810C2F20000C06C006824
:1018800046F21041C4F20201884203D1FFE7202052
:101890004590C3E042F62810C2F20000C06C006818
:1018A00046F27001C4F20201884203D1FFE7202012
:1018B0004490B0E042F62810C2F20000C06C00680C
:1018C00046F27041C4F20201884203D1FFE72020B2
:1018D00043909DE042F62810C2F20000C06C006800
:1018E00046F22801C4F20201884204D1FFE74FF416
:1018F0000060429089E042F62810C2F20000C06CFD
:10190000006846F22841C4F20201884204D1FFE790
:101910004FF40060419075E042F62810C2F20000DA
:10192000C06C006846F28801C4F20201884204D10A
:10193000FFE74FF40060409061E042F62810C2F2E9
:101940000000C06C006846F28841C4F2020188427F
:1019500004D1FFE74FF400603F904DE042F62810BD
:10196000C2F20000C06C006846F24001C4F20201FD
:10197000884204D1FFE74FF400103E9039E042F670
:101980002810C2F20000C06C006846F24041C4F268
:101990000201884204D1FFE74FF400103D9025E09A
:1019A00042F62810C2F20000C06C006846F2A001A6
:1019B000C4F20201884204D1FFE74FF400103C90CA
:1019C00011E042F62810C2F20000C06C016846F235
:1019D000A042C4F202024FF00060914208BF4FF4EF
:1019E00000103C90FFE73C983D90FFE73D983E900B
:1019F000FFE73E983F90FFE73F984090FFE7409811
:101A00004190FFE741984290FFE742984390FFE7FB
:101A100043984490FFE744984590FFE745984690E7
:101A2000FFE74798469908403B90F1E046F20000F6
:101A3000C4F2020000683A9042F62810C2F2000098
:101A4000C06C006846F21001C4F20201884203D162
:101A5000FFE720203990D6E042F62810C2F20000BD
:101A6000C06C006846F21041C4F20201884203D102
:101A7000FFE720203890C3E042F62810C2F20000B1
:101A8000C06C006846F27001C4F20201884203D1C2
:101A9000FFE720203790B0E042F62810C2F20000A5
:101AA000C06C006846F27041C4F20201884203D162
:101AB000FFE7202036909DE042F62810C2F2000099
:101AC000C06C006846F22801C4F20201884204D1C9
:101AD000FFE74FF40060359089E042F62810C2F22B
:101AE0000000C06C006846F22841C4F2020188423E
:101AF00004D1FFE74FF40060349075E042F62810FF
:101B0000C2F20000C06C006846F28801C4F2020113
:101B1000884204D1FFE74FF40060339061E042F661
:101B20002810C2F20000C06C006846F28841C4F27E
:101B30000201884204D1FFE74FF4006032904DE08B
:101B400042F62810C2F20000C06C006846F2400164
:101B5000C4F20201884204D1FFE74FF40010319033
:101B600039E042F62810C2F20000C06C006846F26C
:101B70004041C4F20201884204D1FFE74FF4001053
:101B8000309025E042F62810C2F20000C06C0068D8
:101B900046F2A001C4F20201884204D1FFE74FF4EB
:101BA00000102F9011E042F62810C2F20000C06C25
:101BB000016846F2A042C4F202024FF00060914276
:101BC00008BF4FF400102F90FFE72F983090FFE7E9
:101BD00030983190FFE731983290FFE73298339098
:101BE000FFE733983490FFE734983590FFE7359856
:101BF0003690FFE736983790FFE737983890FFE741
:101C000038983990FFE73A98399908403B90FFE7B8
:101C10003B984890FFE748985590FFE75598002873
:101C200000F05884FFE742F62810C2F20000C06CB2
:101C3000006846F25941C4F202018842C0F0EF80C8
:101C4000FFE742F62810C2F20000C06C006846F2BE
:101C50001001C4F20201884203D1FFE720202E9038
:101C6000D6E042F62810C2F20000C06C006846F2CE
:101C70001041C4F20201884203D1FFE720202D90D9
:101C8000C3E042F62810C2F20000C06C006846F2C1
:101C90007001C4F20201884203D1FFE720202C909A
:101CA000B0E042F62810C2F20000C06C006846F2B4
:101CB0007041C4F20201884203D1FFE720202B903B
:101CC0009DE042F62810C2F20000C06C006846F2A7
:101CD0002801C4F20201884204D1FFE74FF40060FA
:101CE0002A9089E042F62810C2F20000C06C006819
:101CF00046F22841C4F20201884204D1FFE74FF4C2
:101D00000060299075E042F62810C2F20000C06C15
:101D1000006846F28801C4F20201884204D1FFE75C
:101D20004FF40060289061E042F62810C2F20000F3
:101D3000C06C006846F28841C4F20201884204D1B6
:101D4000FFE74FF4006027904DE042F62810C2F202
:101D50000000C06C006846F24001C4F202018842F3
:101D600004D1FFE74FF40010269039E042F6281026
:101D7000C2F20000C06C006846F24041C4F20201A9
:101D8000884204D1FFE74FF40010259025E042F689
:101D90002810C2F20000C06C006846F2A001C4F234
:101DA0000201884204D1FFE74FF40010249011E0B3
:101DB00042F62810C2F20000C06C016846F2A04250
:101DC000C4F202024FF00060914208BF4FF40010CD
:101DD0002490FFE724982590FFE725982690FFE7B9
:101DE00026982790FFE727982890FFE728982990C2
:101DF000FFE729982A90FFE72A982B90FFE72B9876
:101E00002C90FFE72C982D90FFE72D982E90FFE760
:101E10002E9846F20C41C4F202010860EDE242F64F
:101E20002810C2F20000C06C006846F2B901C4F28A
:101E300002018842C0F0F080FFE742F62810C2F2AB
:101E40000000C06C006846F21001C4F20201884232
:101E500003D1FFE720202390D6E042F62810C2F2FB
:101E60000000C06C006846F21041C4F202018842D2
:101E700003D1FFE720202290C3E042F62810C2F2EF
:101E80000000C06C006846F27001C4F20201884292
:101E900003D1FFE720202190B0E042F62810C2F2E3
:101EA0000000C06C006846F27041C4F20201884232
:101EB00003D1FFE7202020909DE042F62810C2F2D7
:101EC0000000C06C006846F22801C4F2020188429A
:101ED00004D1FFE74FF400601F9089E042F628101C
:101EE000C2F20000C06C006846F22841C4F2020150
:101EF000884204D1FFE74FF400601E9075E042F67F
:101F00002810C2F20000C06C006846F28801C4F2DA
:101F10000201884204D1FFE74FF400601D9061E0A8
:101F200042F62810C2F20000C06C006846F28841F8
:101F3000C4F20201884204D1FFE74FF400601C9014
:101F40004DE042F62810C2F20000C06C006846F274
:101F50004001C4F20201884204D1FFE74FF40010AF
:101F60001B9039E042F62810C2F20000C06C0068F5
:101F700046F24041C4F20201884204D1FFE74FF427
:101F800000101A9025E042F62810C2F20000C06C42
:101F9000006846F2A001C4F20201884204D1FFE7C2
:101FA0004FF40010199011E042F62810C2F2000020
:101FB000C06C016846F2A042C4F202024FF0006019
:101FC000914208BF4FF400101990FFE719981A903A
:101FD000FFE71A981B90FFE71B981C90FFE71C98DF
:101FE0001D90FFE71D981E90FFE71E981F90FFE7CA
:101FF0001F982090FFE720982190FFE721982290DA
:10200000FFE722982390FFE7239846F20841C4F2A5
:10201000020108601890EEE142F62810C2F20000BA
:10202000C06C006846F25901C4F202018842C0F057
:10203000F080FFE742F62810C2F20000C06C006892
:1020400046F21001C4F20201884203D1FFE72020CA
:102050001790D6E042F62810C2F20000C06C00686B
:1020600046F21041C4F20201884203D1FFE720206A
:102070001690C3E042F62810C2F20000C06C00685F
:1020800046F27001C4F20201884203D1FFE720202A
:102090001590B0E042F62810C2F20000C06C006853
:1020A00046F27041C4F20201884203D1FFE72020CA
:1020B00014909DE042F62810C2F20000C06C006847
:1020C00046F22801C4F20201884204D1FFE74FF42E
:1020D0000060139089E042F62810C2F20000C06C44
:1020E000006846F22841C4F20201884204D1FFE7A9
:1020F0004FF40060129075E042F62810C2F2000022
:10210000C06C006846F28801C4F20201884204D122
:10211000FFE74FF40060119061E042F62810C2F230
:102120000000C06C006846F28841C4F20201884297
:1021300004D1FFE74FF4006010904DE042F6281004
:10214000C2F20000C06C006846F24001C4F2020115
:10215000884204D1FFE74FF400100F9039E042F6B7
:102160002810C2F20000C06C006846F24041C4F280
:102170000201884204D1FFE74FF400100E9025E0E1
:1021800042F62810C2F20000C06C006846F2A001BE
:10219000C4F20201884204D1FFE74FF400100D9011
:1021A00011E042F62810C2F20000C06C016846F24D
:1021B000A042C4F202024FF00060914208BF4FF407
:1021C00000100D90FFE70D980E90FFE70E980F900E
:1021D000FFE70F981090FFE710981190FFE7119814
:1021E0001290FFE712981390FFE713981490FFE7FF
:1021F00014981590FFE715981690FFE7169817901A
:10220000FFE7179846F20C01C4F2020108600C9037
:10221000EEE042F62810C2F20000C06C006846F200
:102220001001C4F20201884203D1FFE720200B9085
:10223000D6E042F62810C2F20000C06C006846F2F8
:102240001041C4F20201884203D1FFE720200A9026
:10225000C3E042F62810C2F20000C06C006846F2EB
:102260007001C4F20201884203D1FFE720200990E7
:10227000B0E042F62810C2F20000C06C006846F2DE
:102280007041C4F20201884203D1FFE72020089088
:102290009DE042F62810C2F20000C06C006846F2D1
:1022A0002801C4F20201884204D1FFE74FF4006024
:1022B000079089E042F62810C2F20000C06C006866
:1022C00046F22841C4F20201884204D1FFE74FF4EC
:1022D0000060069075E042F62810C2F20000C06C63
:1022E000006846F28801C4F20201884204D1FFE787
:1022F0004FF40060059061E042F62810C2F2000041
:10230000C06C006846F28841C4F20201884204D1E0
:10231000FFE74FF4006004904DE042F62810C2F24F
:102320000000C06C006846F24001C4F2020188421D
:1023300004D1FFE74FF40010039039E042F6281073
:10234000C2F20000C06C006846F24041C4F20201D3
:10235000884204D1FFE74FF40010029025E042F6D6
:102360002810C2F20000C06C006846F2A001C4F25E
:102370000201884204D1FFE74FF40010019011E000
:1023800042F62810C2F20000C06C016846F2A0427A
:10239000C4F202024FF00060914208BF4FF40010F7
:1023A0000190FFE701980290FFE702980390FFE792
:1023B00003980490FFE704980590FFE705980690BE
:1023C000FFE706980790FFE707980890FFE708984F
:1023D0000990FFE709980A90FFE70A980B90FFE73A
:1023E0000B9846F20801C4F2020108600C90FFE766
:1023F0000C981890FFE71898FFE741F62160C2F2A9
:10240000000000788007002815D5FFE741F621611C
:10241000C2F20001087800F0FD000870087840F072
:102420000400087040F20040C4F20200012211468C
:1024300002F0BEF8FFE741F68150C2F200000078DA
:102440008007002814D5FFE741F68151C2F2000150
:10245000087800F0FD000870087840F0040008706B
:102460000020C4F202001021012202F0A1F8FFE7CF
:1024700041F68050C2F2000000788007002814D591
:10248000FFE741F68051C2F20001087800F0FD003C
:102490000870087840F0040008700020C4F20200C0
:1024A0001021012202F084F8FFE714F091F941F6BF
:1024B0002160C2F2000000784007002809D5FFE73C
:1024C00043F61041C4F20101086840F001000860C1
:1024D000FFE7FFE762B080BD80B542F2B010C2F204
:1024E000000001F009FB80BD80B542F21020C2F26D
:1024F000000001F001FB80BD80B542F29030C2F2D5
:10250000000001F0F9FA80BD80B542F27020C2F2FD
:10251000000001F0F1FA80BD82B0019001980078CE
:1025200010384AF6AB21CAF6AA21A0FB0110000917
:10253000009000994AF69050C0F60100405C019965
:10254000C8650098042807D3FFE7019908680422AA
:1025500062F30900886506E00199086840F2FF32DD
:1025600090438865FFE70198806D02B070470000D6
:1025700086B0059000208DF813000598806A0390BE
:102580000598806910BBFFE70398029003281BD8C9
:102590000299DFE801F0020D0218059890F82F006B
:1025A000C00720B1FFE701208DF81300FFE70CE022
:1025B0000598C06AB0F1C07F04D1FFE701208DF813
:1025C0001300FFE701E000E0FFE745E005988069C0
:1025D000B0F5005F25D1FFE70398019003281ED8CE
:1025E0000199DFE801F00206021101208DF81300C5
:1025F00016E0059890F82F00C00720B1FFE70120F2
:102600008DF81300FFE70BE00598C06AB0F1C07FBA
:1026100004D1FFE701208DF81300FFE700E0FFE79A
:1026200019E003980090032804D3FFE700980328DB
:1026300004D00EE001208DF813000BE0059890F80F
:102640002F00C00720B1FFE701208DF81300FFE73E
:1026500000E0FFE7FFE7FFE79DF8130006B07047D3
:1026600084B0039002910192009303980168086876
:1026700020F4802008600098039909684860039856
:102680008068402809D1FFE70198039909688860AC
:10269000029803990968C86008E0029803990968DC
:1026A0008860019803990968C860FFE704B0704723
:1026B0007047000080B5012001F082FD80BD000060
:1026C00080B5022001F07CFD80BD000080B50820AF
:1026D00001F076FD80BD000080B5102001F070FD96
:1026E00080BD000080B5202001F06AFD80BD0000A3
:1026F00072B6FFE7FEE7000080B584B047F6102011
:10270000C1F6FF700068039047F61420C1F6FF7011
:102710000068029047F61820C1F6FF70006801902B
:102720000199039808440390039888B1FFE7039840
:1027300040F2E001C2F2000100910231082206F0ED
:10274000E3F8009902981231042206F0DDF8FFE761
:1027500004B080BD80B582B008F0A6FA42F6CC5134
:10276000C2F20001086040F22C10C2F20000FEF735
:102770007BFB41F6CC51C2F20001086040F24020E0
:10278000C2F2000007F094FA42F6D051C2F2000102
:102790000091086040F2B420C2F2000007F088FA0D
:1027A0000099486040F26010C2F2000007F02EF875
:1027B000014641F61460C2F2000001900160006819
:1027C000002107F015FB0198006807F03DFD02B0FD
:1027D00080BD00000000000080B58AB0FFF7BAFF9E
:1027E000FFE713F0D9FD41F6CC50C2F200000068BB
:1027F000FEF7DEFD42F6CC50C2F200000068D0F8D1
:102800000900C0F30130012840F08B80FFE742F659
:10281000CC50C2F200000068D0F8050040F38F10E1
:10282000401117F056FF41EC100B8DED040B42F6F2
:102830006040C2F200000990006818F0C5F99DEDF3
:10284000040B41EC110B8DED061B9FED591B53EC56
:10285000112B51EC100B17F0CBFF9DED060B41EC4B
:10286000110B51EC110B53EC102B17F0B7FC41EC92
:10287000100B51EC100B17F07FFC0146099801601A
:10288000006818F0A1F941EC100B9FED4B1B53ECC5
:10289000112B51EC100B18F0DEF950B9FFE742F69E
:1028A0006041C2F2000149F69A10C3F6197008603F
:1028B000FFE742F66040C2F20000006818F084F9B9
:1028C00041EC100B9FED3E1B53EC112B51EC100B08
:1028D00018F0BAF950B9FFE742F66041C2F20001C0
:1028E0004CF6CD40CBF64C600860FFE742F6D05086
:1028F000C2F20000039000689FED350A8DED020AD8
:1029000006F0DCFF0398006807F04AFA9DED020A22
:102910000398406806F0D2FF0398406807F040FA39
:1029200025E042F6CC50C2F200000068D0F8090061
:10293000C0F30130032819D1FFE742F6D050C2F2AC
:102940000000019000689FED200A06F0B7FF019893
:10295000006807F025FA019840689FED1C0A06F010
:10296000ADFF0198406807F01BFAFFE7FFE741F66B
:102970001460C2F200000090006842F66041C2F2AA
:10298000000191ED000A07F061FA0098006890EDEF
:102990001C1ADFED0F0AB0EE600A07F0ADFB0098DD
:1029A000006807F051FC012014F0E2F819E700BFBD
:1029B0008DEDB5A0F7C6B03E333333333333E33F49
:1029C0009A9999999999C9BF0000C8420000C8C254
:1029D0000000000084B002900191029890F820005D
:1029E0008DF803009DF80300012805D0FFE79DF84E
:1029F000030002280AD1FFE7019A0298016848699A
:102A00001043486100208DF80F0008E00299486AE1
:102A100040F48020486201208DF80F00FFE79DF808
:102A20000F0004B07047000088B006900591049232
:102A30000393069890F820008DF807000698006828
:102A4000806800900598806808B9FFE700E0FFE71C
:102A50009DF80700012806D0FFE79DF8070002282F
:102A600040F08080FFE79DF80300400700280CD469
:102A7000FFE79DF803000007002806D4FFE79DF854
:102A80000300C006002864D5FFE70098C0F301608A
:102A90000290029901208840039908600598806897
:102AA00068B9FFE705980168C06840EA4150069997
:102AB0000968029A01EB0211C1F880010EE0059944
:102AC0004A688868C96840EAC200084306990968EC
:102AD000029A01EB0211C1F88001FFE70598006935
:102AE00006990968029A01EB0211C1F88401059860
:102AF000007D01280CD1FFE706980068029900EBE1
:102B00000111D1F8840140F48070C1F88401FFE71D
:102B10000498406806990968029A01EB0211C1F80D
:102B20008C010498006806990968029A01EB021169
:102B3000C1F8880106980068029900EB0111D1F8EC
:102B4000800140F00100C1F8800100208DF81F00D5
:102B500011E00699486A40F40010486201208DF89F
:102B60001F0008E00699486A40F48020486201206E
:102B70008DF81F00FFE79DF81F0008B070470000A8
:102B800086B004900391049800680190049890F82E
:102B900020008DF803009DF80300012806D0FFE710
:102BA0009DF80300022840F0B080FFE746F20040A5
:102BB000C4F2000001900199D1F8000240F0010038
:102BC000C1F800020199D1F8000220F47C50C1F84C
:102BD00000020398426A0199D1F8000240EA0220FB
:102BE000C1F800020398406900F01F0101208840ED
:102BF0000290029A0199D1F81C029043C1F81C027C
:102C00000398C069F0B9FFE7029A0199D1F80C0264
:102C10009043C1F80C02039A9088D168526940EA47
:102C20000140019901EBC201C1F84002039A1088EA
:102C30009168526940EA0140019901EBC201C1F873
:102C40004402FFE70398C06901281ED1FFE7029AFA
:102C50000199D1F80C021043C1F80C02039A908834
:102C60001168526940EA0140019901EBC201C1F8C3
:102C70004002039A90899168526940EA01400199A3
:102C800001EBC201C1F84402FFE70398806940B933
:102C9000FFE7029A0199D1F804029043C1F80402B7
:102CA00007E0029A0199D1F804021043C1F8040226
:102CB000FFE70398006940B9FFE7029A0199D1F84C
:102CC00014029043C1F8140207E0029A0199D1F866
:102CD00014021043C1F81402FFE70398006A0128A8
:102CE00008D1FFE7029A0199D1F81C021043C1F8FC
:102CF0001C02FFE70199D1F8000220F00100C1F8A1
:102D0000000200208DF8170008E00499486A40F49A
:102D10008020486201208DF81700FFE79DF817001A
:102D200006B0704781B0009001B0704784B0039046
:102D3000029100200190039890F820008DF8030084
:102D40009DF80300012805D0FFE79DF80300022845
:102D500012D1FFE7029838B9FFE703980068C0680E
:102D600000F00300019006E003980068006900F09D
:102D700003000190FFE7FFE7019804B070470000EF
:102D800086B00490039102920193049890F8200079
:102D90008DF803009DF80300012806D0FFE79DF899
:102DA0000300022840F0E880FFE7039880B9FFE7BE
:102DB00004980068C068800748B9FFE70499486A2A
:102DC00040F40010486201208DF81700DDE00FE0AC
:102DD000049800680069800748B9FFE70499486AC9
:102DE00040F40010486201208DF81700CDE0FFE7A5
:102DF00004980068039900EB0110D0F8B00100F0CE
:102E00000400029988600298806858B9FFE7049826
:102E10000068039900EB0110D0F8B001400D029951
:102E200008600AE004980068039900EB0110D0F8EC
:102E3000B001C00802994860FFE704980068039950
:102E400000EB0110D0F8B00100F002000299C86058
:102E500004980068039900EB0110D0F8B40100F069
:102E60000F00082804D3FFE70299082008610BE04F
:102E700004980068039900EB0110D0F8B40100F049
:102E80000F0002990861FFE704980068039900EBBE
:102E90000110D0F8B40180B2000A02998861049848
:102EA0000068039900EB0110D0F8B401000C0299FE
:102EB000486104980068039900EB0110D0F8B8014C
:102EC0000199087004980068039900EB0110D0F88C
:102ED000B801000A0199487004980068039900EB52
:102EE0000110D0F8B801000C0199887004980068AE
:102EF000039900EB0110D0F8B801000E0199C870D9
:102F000004980068039900EB0110D0F8BC01019906
:102F1000087104980068039900EB0110D0F8BC0117
:102F2000000A0199487104980068039900EB0110A8
:102F3000D0F8BC01000C01998871049800680399CD
:102F400000EB0110D0F8BC01000E0199C871039884
:102F500038B9FFE704980168C86840F02000C860ED
:102F600006E004980168086940F020000861FFE766
:102F700000208DF8170008E00499486A40F480208A
:102F8000486201208DF81700FFE79DF8170006B092
:102F90007047000083B0029000200190029890F8E2
:102FA00020008DF803009DF80300012805D0FFE7FD
:102FB0009DF80300022822D1FFE70298006880688C
:102FC0004001002804D5FFE7019801300190FFE798
:102FD0000298006880680001002804D5FFE7019886
:102FE00001300190FFE7029800688068C000002867
:102FF00004D5FFE7019801300190FFE7FFE7019852
:1030000003B0704780B58AB00990002008900998F5
:103010000068406907900998006840680690099820
:1030200000688068059009980068C0680490099855
:1030300000680069039009980068806902909DF813
:103040001C00C007002800F09480FFE79DF81400E2
:10305000C00758B3FFE709980168012088609DF810
:1030600014008007002804D5FFE7099800F094FCBD
:103070001BE09DF814004007002805D5FFE70898DD
:1030800040F4006008900FE09DF81400000700284D
:1030900005D5FFE7089840F48050089003E00998B0
:1030A00000F076FCFFE7FFE7FFE7FFE79DF815007C
:1030B000C00760B3FFE7099801684FF4807088602B
:1030C0009DF815008007002804D5FFE7099800F057
:1030D0006BFC1BE09DF815004007002805D5FFE7B5
:1030E000089840F4005008900FE09DF81500000784
:1030F000002805D5FFE7089840F48040089003E0D9
:10310000099800F04DFCFFE7FFE7FFE7FFE79DF8B8
:103110001600C00760B3FFE7099801684FF48030DC
:1031200088609DF816008007002804D5FFE70998FD
:1031300000F042FC1BE09DF816004007002805D572
:10314000FFE7089840F4004008900FE09DF8160053
:103150000007002805D5FFE7089840F48030089064
:1031600003E0099800F024FCFFE7FFE7FFE7FFE733
:10317000FFE79DF81C000007002810D5FFE79DF829
:103180001000C006002809D5FFE7089840F4007039
:103190000890099801681020C860FFE7FFE79DF8D4
:1031A0001C00400700280FD5FFE79DF8100000071E
:1031B000002808D5FFE7099801680820C860099829
:1031C00000F0CCFAFFE7FFE79DF81C00800700281D
:1031D0000BD5FFE709980068C068800720B1FFE7BA
:1031E000099800F0BFFAFFE7FFE79DF81C004006D2
:1031F000002810D5FFE79DF80C00C006002809D56F
:10320000FFE7089840F48060089009980168102052
:103210000861FFE7FFE79DF81C00800600280FD536
:10322000FFE79DF80C000007002808D5FFE7099884
:10323000016808200861099800F0F8FAFFE7FFE745
:103240009DF81C00C00600280BD5FFE70998006810
:103250000069800720B1FFE7099800F0EBFAFFE76B
:10326000FFE79DF81E00800700280FD5FFE79DF8B7
:103270001800C006002808D5FFE70998016810204B
:103280004860099800F03AFBFFE7FFE79DF81E0051
:10329000C00778B1FFE79DF818000007002808D59F
:1032A000FFE70998016808204860099800F088FB4A
:1032B000FFE7FFE79DF81D000006002840F18D8024
:1032C000FFE79DF818004007002840F18180FFE7E4
:1032D0009DF81D00C00750B1FFE79DF80800C0072A
:1032E00028B1FFE7089840F001000890FFE79DF83B
:1032F0001D00800700280BD5FFE79DF80800800718
:10330000002805D5FFE7089840F002000890FFE785
:103310009DF81D00400700280BD5FFE79DF8080029
:103320004007002805D5FFE7089840F00400089002
:10333000FFE79DF81D000007002848D5FFE79DF82E
:10334000080010F0700F42D0FFE7029800F0700004
:1033500001460191102814D0FFE70198202815D0CC
:10336000FFE70198302816D0FFE70198402817D0D2
:10337000FFE70198502818D0FFE70198602819D07E
:103380001DE0089840F00800089019E0089840F007
:103390001000089014E0089840F0200008900FE01A
:1033A000089840F0400008900AE0089840F080003B
:1033B000089005E0089840F48070089000E0FFE76E
:1033C00009980168886920F070008861FFE7FFE7CD
:1033D0000998016804204860FFE7089848B1FFE7B2
:1033E000089A0999486A104348620998FFF79AFCBD
:1033F000FFE70AB080BD000080B584B0029002985B
:1034000020B9FFE701208DF80F00E0E0029890F866
:10341000200020B9FFE7029800F0DEF8FFE70298ED
:103420000168086840F00100086001F0D9F80190D7
:10343000FFE7029800684068C007A8B9FFE701F0FD
:10344000CFF80199401A0B280DD3FFE70299486A7B
:1034500040F4003048620299052081F820000120E4
:103460008DF80F00B3E0E4E702980168086820F0E7
:103470000200086001F0B4F80190FFE702980068CC
:1034800040688007002815D5FFE701F0A9F80199E9
:10349000401A0B280DD3FFE70299486A40F4003028
:1034A00048620299052081F8200001208DF80F0064
:1034B0008DE0E3E70298007E012807D1FFE702983C
:1034C0000168086840F08000086006E00298016822
:1034D000086820F080000860FFE70298407E01281D
:1034E00007D1FFE702980168086840F040000860D3
:1034F00006E002980168086820F040000860FFE7D5
:103500000298807E012807D1FFE7029801680868C9
:1035100040F02000086006E002980168086820F08A
:1035200020000860FFE70298C07E012807D1FFE76E
:1035300002980168086820F01000086006E0029810
:103540000168086840F010000860FFE70298007FFB
:10355000012807D1FFE702980168086840F00800D9
:10356000086006E002980168086820F0080008601A
:10357000FFE70298407F012807D1FFE70298016822
:10358000086840F00400086006E0029801680868D6
:1035900020F004000860FFE7029B19685A689868E9
:1035A000D3F80CC040EA0C00D3F810C040EA0C007D
:1035B0005B691843013A1043C861029900204862D0
:1035C000029A012182F820108DF80F00FFE79DF884
:1035D0000F0004B080BD000080B590B00F900020B7
:1035E0000E900D900C900B900A900F98006846F288
:1035F0000041C4F20001884249D1FFE740F20C408B
:10360000C2F200000168013101600068012812D196
:10361000FFE7FFE70020099043F64000C4F20200F4
:10362000016841F000710160006800F000700990CD
:103630000998FFE7FFE7FFE70020089043F6300016
:10364000C4F20200016841F008010160006800F066
:10365000080008900898FFE703200A9002210B91C8
:10366000002103910C910D9009200E9040F600402E
:10367000C4F202000AA900F0BFFD039A14200490CE
:10368000052101F051FA049801F044FA64E00F9822
:10369000006846F60001C4F2000188425BD1FFE7F2
:1036A000FFE70020079043F64000C4F202000168E3
:1036B00041F080610160006800F080600790079829
:1036C000FFE740F20C40C2F20000016801310160E6
:1036D0000068012812D1FFE7FFE70020069043F6BB
:1036E0004000C4F20200016841F00071016000680E
:1036F00000F0007006900698FFE7FFE7FFE7002064
:10370000059043F63000C4F20200016841F0020166
:103710000160006800F0020005900598FFE7602056
:103720000A9002200B90002001900C9003200D9035
:1037300009200E9040F20040C4F202000AA900F0F5
:103740005BFD019A41200290052101F0EDF90298FC
:1037500001F0E0F9FFE7FFE710B080BD81B0009015
:1037600001B0704780B584B0039003980021FFF743
:10377000DDFA8DF80B009DF80B00072819DBFFE739
:103780009DF80B004AF64262C0F6010269464A60A3
:1037900008604AF65671C0F601014AF65762C0F653
:1037A00001024AF63F63C0F60103002007F04CFB1C
:1037B000FFE7039840F2C032C2F2000202F11C039C
:1037C0000021FFF7DDFA039842F20011C2F2000176
:1037D000884210D1FFE741F61060C2F20000017884
:1037E00040F2C030C2F2000041F6D052C2F20002F4
:1037F00011F0B0FCFFE7039842F22811C2F2000179
:10380000884210D1FFE741F61160C2F20000017852
:1038100040F2C030C2F2000041F6F052C2F20002A3
:1038200011F098FCFFE704B080BD000081B000906B
:1038300001B0704780B584B0039003980121FFF771
:1038400075FA8DF80B009DF80B00072819DBFFE7D0
:103850009DF80B004AF64262C0F6010269464A60D2
:1038600008604AF67D71C0F601014AF65762C0F65B
:1038700001024AF63F63C0F60103002007F0E4FAB4
:10388000FFE7039840F2E432C2F2000202F11C03A7
:103890000121FFF775FA039842F20011C2F200010C
:1038A000884210D1FFE741F61060C2F200000178B3
:1038B00040F2E430C2F2000041F6D052C2F20002FF
:1038C00011F048FCFFE7039842F22811C2F2000110
:1038D000884210D1FFE741F61160C2F20000017882
:1038E00040F2E430C2F2000041F6F052C2F20002AF
:1038F00011F030FCFFE704B080BD000081B0009003
:1039000001B0704780B584B00290029890F8200012
:1039100001282FD1FFE70299022081F820000298A8
:103920000168086820F00100086000F059FE01906D
:10393000FFE7029800684068C007A8B1FFE700F001
:103940004FFE0199401A0B280DD3FFE70299486AF0
:1039500040F4003048620299052081F820000120DF
:103960008DF80F000FE0E4E70299002048628DF81F
:103970000F0008E00299486A40F4002048620120E4
:103980008DF80F00FFE79DF80F0004B080BD000028
:1039900081B0009001B0704781B0009001B07047D5
:1039A00081B0009001B0704781B0009001B07047C5
:1039B00081B0009001B0704781B0009001B07047B5
:1039C00081B0009001B0704780B584B00290029839
:1039D000806D019000F004FE0090029890F8350090
:1039E00002280DD0FFE7029980204865FFE7029981
:1039F000002081F83400FFE701208DF80F0055E02A
:103A000002980168086820F01600086002980168B2
:103A1000486920F0800048610298006C20B9FFE7F7
:103A20000298806C38B1FFE702980168086820F0BE
:103A300008000860FFE702980168086820F00100AC
:103A40000860FFE7029800680068C007C8B1FFE798
:103A500000F0C6FD0099401A062811D3FFE702992D
:103A6000202048650299032081F83500FFE702997C
:103A7000002081F83400FFE703208DF80F0015E0E7
:103A8000E0E70298C16D3F20884001998860029963
:103A9000012081F83500FFE70299002081F8340009
:103AA000FFE7FFE700208DF80F00FFE79DF80F000C
:103AB00004B080BD82B00090009890F835000228D4
:103AC00007D0FFE700998020486501208DF80700A6
:103AD0000EE00099052081F835000098016808681B
:103AE00020F001000860FFE700208DF80700FFE7E5
:103AF0009DF8070002B0704780B586B005900020A1
:103B0000039040F22800C2F20000006848F2B511AC
:103B1000C1F64E31A0FB0110800A02900598806D1D
:103B2000019001980068049004980599C96DC840F7
:103B3000000700281AD5FFE70598006800684007CD
:103B4000002812D5FFE705980168086820F00400F6
:103B500008600598C16D0820884001998860059922
:103B6000486D40F001004865FFE7FFE704980599BC
:103B7000C96DC840C007A0B1FFE70598006840695B
:103B8000000600280CD5FFE70598C16D012088408C
:103B9000019988600599486D40F002004865FFE78B
:103BA000FFE704980599C96DC8404007002814D55F
:103BB000FFE7059800680068800700280CD5FFE73C
:103BC0000598C16D04208840019988600599486D69
:103BD00040F004004865FFE7FFE704980599C96DC8
:103BE000C840C006002847D5FFE705980068006870
:103BF000000700283FD5FFE70598C16D10208840D9
:103C000001998860059800680068400300281AD56B
:103C1000FFE70598006800680003002809D4FFE763
:103C20000598006C20B1FFE70598016C8847FFE715
:103C300008E00598806C20B1FFE70598816C884703
:103C4000FFE7FFE716E0059800680068C005002858
:103C500007D4FFE705980168086820F008000860AD
:103C6000FFE70598006C20B1FFE70598016C8847D5
:103C7000FFE7FFE7FFE7FFE704980599C96DC84034
:103C80008006002840F18D80FFE7059800680068F5
:103C9000C006002840F18480FFE70598C16D202010
:103CA000884001998860059890F83500052834D13E
:103CB000FFE705980168086820F01600086005987D
:103CC0000168486920F0800048610598006C20B9BF
:103CD000FFE70598806C38B1FFE705980168086830
:103CE00020F008000860FFE70598C16D3F2088407C
:103CF000019988600599012081F83500FFE7059951
:103D0000002081F83400FFE70598006D20B1FFE73F
:103D10000598016D8847FFE77BE00598006800681B
:103D2000400300281AD5FFE70598006800680003E3
:103D3000002809D4FFE70598406C20B1FFE70598FB
:103D4000416C8847FFE708E00598C06B20B1FFE7AA
:103D50000598C16B8847FFE7FFE720E005980068FA
:103D60000068C005002811D4FFE7059801680868BD
:103D700020F0100008600599012081F83500FFE768
:103D80000599002081F83400FFE7FFE70598C06B34
:103D900020B1FFE70598C16B8847FFE7FFE7FFE722
:103DA000FFE70598406DA0B3FFE70598406DC00799
:103DB00030B3FFE70599052081F8350005980168C3
:103DC000086820F001000860FFE7039801300390C5
:103DD0000299884201D9FFE707E0FFE705980068EC
:103DE0000068C0070028F0D1FFE70599012081F89D
:103DF0003500FFE70599002081F83400FFE7FFE771
:103E00000598C06C20B1FFE70598C16C8847FFE7B3
:103E1000FFE706B080BD000080B586B004900020AA
:103E2000039000F0DDFB0290049820B9FFE7012029
:103E30008DF81700A3E00498406A08B1FFE7FFE798
:103E40000499022081F83500FFE70499002081F8E9
:103E50003400FFE704980168086820F0010008605A
:103E6000FFE7049800680068C00790B1FFE700F022
:103E7000B7FB0299401A06280AD3FFE704992020CD
:103E800048650499032081F835008DF8170076E025
:103E9000E7E70498006800680390039848F23F0140
:103EA000CFF2100108400390049900914868D1F8BE
:103EB00008C0CB680A6940EA0C00184310434A69FD
:103EC00010438A691043CA691043096A0143039881
:103ED000084303900498406A042808D1FFE7049936
:103EE000C86A096B0143039808430390FFE70398EE
:103EF0000499096808600498006840690390039871
:103F000020F0070003900498416A03980843039047
:103F10000498406A04281AD1FFE70498816A03983C
:103F2000084303900498C06A80B1FFE70498FEF745
:103F30001FFB50B1FFE70499402048650499012018
:103F400081F835008DF8170019E0FFE7FFE70398C7
:103F50000499096848610498FEF7DEFA0190049814
:103F6000C16D3F2088400199886004990020486510
:103F7000049A012182F835108DF81700FFE79DF8AB
:103F8000170006B080BD000080B588B0069005918E
:103F90000492039300208DF80B000698806D019029
:103FA000FFE7069890F83400012804D1FFE70220CB
:103FB0008DF81F0045E00699012081F83400FFE7E5
:103FC000FFE7069890F8350001282BD1FFE7069906
:103FD000022081F835000699002048650698059969
:103FE000049A039BFEF73CFB0698C16D3F20884076
:103FF0000199886006980168086840F0160008601A
:104000000698006C38B1FFE706980168086840F030
:1040100008000860FFE706980168086840F00100A2
:10402000086009E0FFE70699002081F83400FFE707
:1040300002208DF80B00FFE79DF80B008DF81F00A4
:10404000FFE79DF81F0008B080BD000080B584B078
:10405000039000F0C5FA0290039801900198013096
:1040600048B1FFE740F22C30C2F20000017801981D
:1040700008440190FFE7FFE700F0B2FA0299401A06
:104080000199884201D2FFE7F6E704B080BD000045
:1040900080B582B0ADF80600BDF8060010281BD12F
:1040A000FFE741F68151C2F20001087840F00100BB
:1040B000087041F68051C2F20001087840F001001A
:1040C000087042F6C330C2F20000007818B1FFE772
:1040D00012F07EFBFFE770E0BDF80600202813D148
:1040E000FFE741F62161C2F20001087840F00100CB
:1040F000087042F6C330C2F20000007818B1FFE742
:1041000012F066FBFFE757E0BDF8060008281CD157
:10411000FFE742F62841C2F20001087840F00100B2
:104120000870087800F00100087068B1FFE742F6F7
:104130002841C2F20001087800F0FE0008700878FB
:1041400040F002000870FFE735E0BDF806000128E6
:1041500023D1FFE715F08CFA01281DD0FFE740F2CC
:104160006040C2F20000006840F20841C2F2000163
:10417000009114F0E9FA0098006860B1FFE74EF68C
:104180000451CEF200014FF080500860BFF34F8F12
:10419000BFF36F8FFFE7FFE70CE0BDF806000228D2
:1041A00007D1FFE741F61861C2F200010120087053
:1041B000FFE7FFE7FFE7FFE7FFE702B080BD000092
:1041C00080B582B0ADF8060043F61440C4F2010099
:1041D0000068BDF8061008420CD0FFE7BDF80600E5
:1041E00043F61441C4F201010860BDF80600FFF770
:1041F0004FFFFFE702B080BD8EB00D900C91002004
:104200000A90099008900B90FFE70B980F2800F296
:10421000CC81FFE70B99012088400A900C98006838
:104220000A990840099009980A99884240F0B88193
:10423000FFE70C98406800F00300012807D0FFE773
:104240000C98406800F0030002282FD1FFE70D987A
:10425000806808900B984100032000FA01F108984B
:10426000884308900C98C0680B99490000FA01F146
:1042700008980843089008980D9988600D98406840
:1042800008900B99012000FA01F1089888430890E2
:104290000C984068C0F300100B9900FA01F10898DF
:1042A0000843089008980D994860FFE70C9840680B
:1042B00000F00300032818D0FFE70D98C0680890AD
:1042C0000B984100032000FA01F1089888430890F8
:1042D0000C9880680B99490000FA01F1089808438E
:1042E000089008980D99C860FFE70C98406800F0A6
:1042F0000300022826D1FFE70D980B996FF0030207
:1043000002EA51010844006A08900B9800F0070087
:1043100081000F2000FA01F10898884308900C985A
:1043200000690B9901F00701890000FA01F1089872
:104330000843089008980D990B9B02EA5302114418
:104340000862FFE70D98006808900B984100032071
:1043500000FA01F10898884308900C98406800F032
:1043600003000B99490000FA01F1089808430890EE
:1043700008980D9908600C9880798007002800F053
:104380000E81FFE7FFE70020079043F64400C4F2E8
:104390000200016841F480410160006800F480403F
:1043A00007900798FFE70B9820F0030043F60801F9
:1043B000C4F20101405808900B9800F003008100FE
:1043C0000F2000FA01F10898884308900D98002109
:1043D000C4F20201884203D1FFE7002006905EE0AC
:1043E0000D9840F20041C4F20201884203D1FFE778
:1043F0000120059050E00D9840F60001C4F2020142
:10440000884203D1FFE70220049042E00D9840F675
:104410000041C4F20201884203D1FFE70320039068
:1044200034E00D9841F20001C4F20201884203D148
:10443000FFE70420029026E00D9841F20041C4F20B
:104440000201884203D1FFE70520019018E00D9892
:1044500041F60001C4F20201884203D1FFE70620C1
:1044600000900AE00D9941F60042C4F202020820D1
:10447000914208BF07200090FFE700980190FFE7F6
:1044800001980290FFE702980390FFE703980490D9
:10449000FFE704980590FFE705980690FFE7069868
:1044A000C0B20B9901F00301890000FA01F10898EC
:1044B0000843089008980B9921F0030143F608027D
:1044C000C4F20102885043F60840C4F201000068BB
:1044D000089009990898884308900C988079C0063C
:1044E000002805D5FFE70999089808430890FFE7D9
:1044F000089843F60841C4F20101086043F60C40F5
:10450000C4F201000068089009990898884308904F
:104510000C9880798006002805D5FFE7099908984E
:1045200008430890FFE7089843F60C41C4F20101E4
:10453000086043F60440C4F201000068089009993D
:104540000898884308900C9880798007002805D542
:10455000FFE70999089808430890FFE7089843F691
:104560000441C4F20101086043F60040C4F20100B6
:104570000068089009990898884308900C988079F9
:10458000C00728B1FFE70999089808430890FFE79A
:10459000089843F60041C4F201010860FFE7FFE715
:1045A000FFE70B9801300B902FE60EB0704700002C
:1045B00082B00190ADF802108DF801209DF8010045
:1045C00028B1FFE7BDF802000199886105E0BDF858
:1045D0000200000401998861FFE702B07047000003
:1045E00046F6FC10C2F200000068704780B58EB03D
:1045F0000C900C9820B9FFE701208DF8370043E1BB
:104600000C9890F83D0040B9FFE70C99002081F824
:104610003C000C9800F03CF9FFE70C99242081F84D
:104620003D000C980168086820F0010008600C98B3
:104630000168086840F4004008600C980168086848
:1046400020F40040086001F065FD0A900C98406875
:1046500048F2A061C0F2010188420BD8FFE70A9935
:1046600048F28042C0F21E020020914238BF012071
:1046700009900AE00A9940F60012C0F23D020020BB
:10468000914238BF01200990FFE70998012804D121
:10469000FFE701208DF83700F6E00A984DF68361B8
:1046A000C4F21B31A0FB0110800C0B900C98006829
:1046B000406820F03F000B9908430C990968486056
:1046C0000C980068006A20F03F0008900C98406841
:1046D00048F2A061C0F20101884204D8FFE70B98BC
:1046E000013007900EE00B984FF49671484344F662
:1046F000D351C1F26201A0FB0101012000EB911036
:104700000790FFE70898079908430C990968086221
:104710000C980068C0694CF6FF71884306900C98AD
:10472000406848F2A061C0F2010188421FD8FFE74B
:104730000A9801380C9949684900B0FBF1F0013042
:104740006FF31F30032803D8FFE7042005900BE028
:104750000A9801380C9949684900B0FBF1F0013022
:104760006FF31F300590FFE7059804904CE00C981C
:10477000806868B9FFE70A9801380C99496801EB2D
:104780004101B0FBF1F001306FF31F3003900DE0F9
:104790000A9801380C99496819225143B0FBF1F08D
:1047A0000130042161F31F300390FFE703980005F7
:1047B00018B9FFE70120029023E00C98806868B9DF
:1047C000FFE70A9801380C99496801EB4101B0FBF9
:1047D000F1F001306FF31F3001900DE00A980138BD
:1047E0000C99496819225143B0FBF1F001300421C2
:1047F00061F31F300190FFE7019840F40040029000
:10480000FFE702980490FFE70698049908430C9983
:104810000968C8610C980068006820F0C0000C9B13
:104820001968DA691B6A1A43104308600C9800681B
:10483000806848F2FF3188430C9A1168D368126986
:104840001A43104388600C980068C06820F0FF008D
:104850000C9B19685A699B691A431043C8600C98ED
:104860000168086840F0010008600C9900200864A5
:104870000C9A202182F83D100C9908630C9981F85C
:104880003E008DF83700FFE79DF837000EB080BD81
:1048900080B58EB00D9000200C900B900A9009907E
:1048A00008900D98006845F60041C4F20001884266
:1048B0005FD1FFE7FFE70020079043F63000C4F226
:1048C0000200016841F004010160006800F004008A
:1048D00007900798FFE7FFE70020069043F63000B7
:1048E000C4F20200016841F001010160006800F0BB
:1048F000010006900698FFE74FF400700890122020
:1049000000900990002001900A90032002900B90E3
:10491000042003900C9040F60000C4F2020008A9A5
:104920000491FFF769FCDDF800C0019B029A03982F
:1049300004994FF4807ECDF820E0CDF824C00A938E
:104940000B920C900020C4F20200FFF755FCFFE729
:104950000020059043F64000C4F20200016841F4D3
:1049600000010160006800F4000005900598FFE771
:10497000FFE70EB080BD000040F22C30C2F2000014
:10498000027846F6FC11C2F2000108681044086083
:104990007047000080B543F60041C4F20201086888
:1049A00040F400700860086840F48060086008689F
:1049B00040F480700860032000F0D0F80F2000F071
:1049C00005F800F07BF8002080BD000080B58CB0B9
:1049D0000B90002004900390FFE70020009043F626
:1049E0004000C4F20200016841F04001016000682B
:1049F00000F0400000900098FFE706A802A901F02F
:104A000059FB09980490049820B9FFE701F082FB54
:104A1000059004E001F07EFB40000590FFE705985B
:104A20004DF68361C4F21B31A0FB01014FF0FF3052
:104A300000EB9140039042F61020C2F2000041F6D4
:104A40000001C4F20001016040F2E731C160039946
:104A50004160002101618160816102F061FB8DF89C
:104A600007009DF8070028BBFFE742F61020C2F2BE
:104A7000000002F01FFC8DF807009DF80700C0B988
:104A8000FFE72B2000F046F80B980F280CD8FFE723
:104A90000B992B20002200F047F80B9840F23031A0
:104AA000C2F20001086003E001208DF80700FFE773
:104AB000FFE7FFE79DF807000CB080BD80B582B02E
:104AC000FFE70020019043F64400C4F202000168B1
:104AD00041F480410160006800F480400190019839
:104AE000FFE7FFE70020009043F64000C4F2020019
:104AF000016841F080510160006800F08050009032
:104B00000098FFE76FF001000F21002200F00CF881
:104B100002B080BD80B582B08DF807009DF9070016
:104B200010F0F8FF02B080BD80B586B08DF8170098
:104B3000049103920020029011F004F802909DF974
:104B40001700019002980499039A05F099FB014619
:104B5000019810F0FFFF06B080BD000080B582B064
:104B60000190019811F018F802B080BD82B0019058
:104B70008DF8031002B0704782B00190ADF80210BA
:104B8000BDF80200019909684862002002B0704730
:104B900084B003908DF80B10ADF8082003980068DE
:104BA000406A00909DF80B0048B9FFE7BDF8081077
:104BB000009840EA014003990968886233E003984D
:104BC0000068816A009800EB1140009000208DF889
:104BD0000700FFE79DF807009DF80B100139884298
:104BE00013D2FFE7039800689DF8071000EB8100DF
:104BF000D0F80411009800EB11400090FFE79DF8F9
:104C0000070001308DF80700E4E7BDF808100098B0
:104C100040EA0140039909689DF80B2001EB8201ED
:104C2000C1F80001FFE7002004B0704780B582B0F2
:104C300001900198D0F8E0040EF042F902B080BD76
:104C400080B582B001908DF80310019AD2F8E0048B
:104C50009DF8031001EBC10302EB8302126A0DF011
:104C60008DFF02B080BD000080B582B001908DF84C
:104C70000310019AD2F8E0049DF8031001EBC10380
:104C800002EB8302D2F860220EF040F802B080BD41
:104C900080B582B001900198D0F8E0040EF016F9CA
:104CA00002B080BD80B584B003908DF80B109DF8E4
:104CB0000B00000600280CD5FFE703989DF80B10A9
:104CC00001F00F0101EBC10100EB810014300190F4
:104CD0000CE003989DF80B1001F00F0101EBC101EE
:104CE00000EB810000F515700190FFE70398006864
:104CF00001990FF067FE8DF80A009DF80A0004B0D4
:104D000080BD000080B584B002908DF807109DF83A
:104D10000700000600280FD5FFE702989DF807104E
:104D200001F00F0101EBC10100EB81001430009094
:104D30000099012048700FE002989DF8071001F0DB
:104D40000F0101EBC10100EB810000F5157000902F
:104D5000009900204870FFE79DF8070000F00F0061
:104D600000990870FFE7029890F89404012804D194
:104D7000FFE702208DF80F0014E00299012081F86E
:104D80009404FFE7FFE70298006800990FF00AF922
:104D9000FFE70299002081F89404FFE700208DF8D6
:104DA0000F00FFE79DF80F0004B080BD80B584B010
:104DB00002908DF807109DF8070000F00F0002998F
:104DC0000979884204D9FFE701208DF80F004DE0F2
:104DD0009DF80700000600280FD5FFE702989DF810
:104DE000071001F00F0101EBC10100EB810014304D
:104DF00000900099012048700FE002989DF807107C
:104E000001F00F0101EBC10100EB810000F515700D
:104E10000090009900204870FFE7009900208870FA
:104E20009DF8070000F00F0000990870FFE7029856
:104E300090F89404012804D1FFE702208DF80F00B8
:104E400014E00299012081F89404FFE7FFE702983B
:104E5000006800990FF016FBFFE70299002081F827
:104E60009404FFE700208DF80F00FFE79DF80F0086
:104E700004B080BD82B001908DF8031001989DF8B8
:104E8000031001F00F0101EBC10100EB8100D0F82C
:104E9000680202B07047000080B586B004908DF8BB
:104EA0000F10ADF80C208DF80B3000208DF80A00A3
:104EB0009DF80F00000600280FD5FFE704989DF825
:104EC0000F1001F00F0101EBC10100EB8100143064
:104ED00001900199012048700FE004989DF80F108F
:104EE00001F00F0101EBC10100EB810000F515702D
:104EF0000190019900204870FFE79DF80F0000F035
:104F00000F0001990870BDF80C006FF3DF200199C4
:104F100088609DF80B00019908710198407820B1D4
:104F2000FFE7019908784883FFE79DF80B00022806
:104F300004D1FFE7019900204871FFE7FFE70498DB
:104F400090F89404012804D1FFE702208DF817009F
:104F500015E00499012081F89404FFE7FFE7049825
:104F6000006801990EF0F0FEFFE70499002081F837
:104F70009404FFE79DF80A008DF81700FFE79DF8FD
:104F8000170006B080BD000080B586B005908DF892
:104F900013100392029305989DF8131001F00F016E
:104FA00001EBC10100EB810000F515700190039841
:104FB0000199C8600298019908610199002048612F
:104FC000019948709DF8130000F00F0001990870D6
:104FD00005988079012804D1FFE703980199C861F9
:104FE000FFE7059A1068019992790FF0EFFA002017
:104FF00006B080BD80B584B002908DF807109DF892
:10500000070000F00F0002990979884204D9FFE7F0
:1050100001208DF80F0058E09DF8070000060028D9
:105020000FD5FFE702989DF8071001F00F0101EB83
:10503000C10100EB810014300090009901204870FC
:105040000DE002989DF8071001EBC10100EB810013
:1050500000F515700090009900204870FFE7009956
:10506000012088709DF8070000F00F00009908707B
:10507000FFE7029890F89404012804D1FFE702208A
:105080008DF80F0021E00299012081F89404FFE7D8
:10509000FFE70298006800990FF044FA9DF80700B6
:1050A000000740B9FFE7029A1068917902F29C422A
:1050B0000FF098F9FFE7FFE70299002081F89404C8
:1050C000FFE700208DF80F00FFE79DF80F0004B008
:1050D00080BD000080B586B005908DF81310039256
:1050E000029305989DF8131001F00F0101EBC10127
:1050F00000EB81001430019003980199C860029878
:1051000001990861019900204861019901204870C6
:105110009DF8130000F00F00019908700598807940
:10512000012804D1FFE703980199C861FFE7059AB8
:105130001068019992790FF049FA002006B080BDFD
:1051400080B58CB00B900B9800680A900A98099073
:105150000B9800680FF06CFD002840F00B84FFE70F
:105160000B9800680FF0D0FD10B9FFE700F002BC0B
:105170000998D0F80808C0F30D200B99C1F8D404A1
:105180000B9800680FF0C0FD8007002807D5FFE7E7
:105190000B980168486900F002004861FFE70B982E
:1051A00000680FF0B1FDC006002862D5FFE70B983C
:1051B0000168886920F0100088610A98006A0290EE
:1051C0000B98029901F00F0101EBC10100EB810086
:1051D00000F515700890029800F4F0110220B0EB71
:1051E000514F23D1FFE7BDF8080047F6F0710842A0
:1051F0001BD0FFE70A980899C968029AC2F30A12FD
:105200000FF090FD029847F6F07100EA0103089A4A
:10521000D06800EB1310D060029800EA01020899F0
:10522000486900EB12104861FFE71BE0029800F4A8
:10523000F0110620B0EB514F12D1FFE70A980B99FD
:1052400001F29C4108220FF06DFD029847F6F071C3
:1052500000EA01020899486900EB1210486100E079
:10526000FFE7FFE70B980168886940F0100088614C
:10527000FFE70B9800680FF047FD0003002840F19E
:10528000A680FFE7002004900B9800680FF0EAFC6E
:105290000690FFE70698002800F09880FFE79DF849
:1052A0001800C007002800F08A80FFE70B9800680C
:1052B0009DF810100FF010FD05909DF81400C00728
:1052C00060B1FFE70998049900EB41110120C1F892
:1052D000080B0B98049905F057F8FFE79DF81400A8
:1052E000000700280CD5FFE70998049900EB41114D
:1052F0000820C1F8080B0B98049904F0FFFFFFE7A2
:105300009DF81400C006002808D5FFE70998049905
:1053100000EB41111020C1F8080BFFE79DF81400C5
:10532000800700282DD5FFE70A984069000600286D
:1053300008D5FFE70999D1F8040840F48060C1F866
:105340000408FFE70B98049901EBC10100EB810011
:1053500000F5157008900898C078012809D1FFE77A
:1053600008990020C8700B989DF8101000F012FBEF
:10537000FFE70998049900EB41110220C1F8080BDE
:10538000FFE79DF814008006002808D5FFE709987C
:10539000049900EB41112020C1F8080BFFE79DF8AC
:1053A00015008006002809D5FFE70998049900EB4D
:1053B00041114FF40050C1F8080BFFE7FFE70498D4
:1053C0000130049006984008069063E7FFE70B98C9
:1053D00000680FF099FC4003002840F1C680FFE709
:1053E0000B9800680FF02CFC069000200490FFE75B
:1053F0000698002800F0B880FFE79DF81800C00765
:10540000002800F0AA80FFE70B9800689DF81010B4
:105410000FF03AFC05909DF81400C00700283ED01C
:10542000FFE7049800F00F01012000FA01F1039159
:10543000039B099AD2F834189943C2F83418099991
:10544000049A01EB4211C1F808090B9880790128F0
:105450001FD1FFE70B98049901EBC10100EB81011B
:10546000CA69086A10440862049888B9FFE70B9873
:10547000049901EBC10100EB8100406A40B9FFE7EC
:105480000B99086801F29C4201210EF0ABFFFFE787
:10549000FFE70B989DF81010FFF7D2FBFFE79DF890
:1054A00014000007002808D5FFE70998049900EBCD
:1054B00041110820C1F80809FFE79DF81400C00653
:1054C000002808D5FFE70998049900EB4111102046
:1054D000C1F80809FFE79DF814004006002808D528
:1054E000FFE70998049900EB41114020C1F8080931
:1054F000FFE79DF814008007002822D5FFE70A98EF
:1055000004990FF031FB0B98049901EBC10100EBFA
:105510008100143008900898C078012809D1FFE76D
:1055200008990020C8700B989DF8101000F024FA1C
:10553000FFE70998049900EB41110220C1F808091E
:10554000FFE79DF814000006002805D5FFE70B983B
:10555000049904F0FDFFFFE7FFE704980130049091
:1055600006984008069043E7FFE70B9800680FF0A5
:10557000CBFBC00F00B3FFE70999D1F8040820F076
:105580000100C1F804080B9890F8CC04012808D158
:10559000FFE70B98002180F8CC140B98FFF7E6FA90
:1055A00003E00B9800F0A8FBFFE70B98016848693F
:1055B00000F000404861FFE70B9800680FF0A4FB83
:1055C0000005002811D5FFE70998D0F80808C007A2
:1055D00020B1FFE70B9800F01BFCFFE70B98016878
:1055E000486900F400604861FFE70B9800680FF01D
:1055F0008BFBC004002840F18680FFE70999D1F8B1
:10560000040820F00100C1F804080B98006810217C
:105610000FF0AAFA00200790FFE707980B99097985
:10562000884231D2FFE70998079900EB41114FF604
:105630007F30C1F808090999079A01EB4212D2F8A4
:10564000001921F40011C2F800190999079A01EB19
:105650004211C1F8080B0998079900EB4111D1F8E4
:10566000000B20F40010C1F8000B0998079900EB1B
:105670004111D1F8000B40F00060C1F8000BFFE7CA
:10568000079801300790C8E70999D1F81C0840F045
:105690000110C1F81C080B98C07B78B1FFE709998D
:1056A000D1F8840840F00B00C1F884080999D1F8BA
:1056B000440840F00B00C1F844080FE00999D1F804
:1056C000140842F22B021043C1F814080999D1F8CA
:1056D000100840F00B00C1F81008FFE70999D1F855
:1056E000000820F4FE60C1F800080B9A1068917958
:1056F00002F29C420EF076FE0B980168486900F4B5
:1057000080504861FFE70B9800680FF0FDFA8004B5
:1057100000281FD5FFE70B9800680EF085FB0B985B
:1057200000680FF05FFA0B99C8710B980068019040
:1057300000F0EAFC014601980B9AD2790FF0EAFBDF
:105740000B9800F0AFFA0B980168486900F400501C
:105750004861FFE70B9800680FF0D6FA00070028B1
:105760000AD5FFE70B9800F0D1FA0B980168486959
:1057700000F008004861FFE70B9800680FF0C4FADA
:105780000006002825D5FFE70A99886920F08000E7
:10579000886101200490FFE704980B9909798842F9
:1057A00016D2FFE70B98049901EBC10100EB8100D1
:1057B00090F85702012806D1FFE70B989DF81010CA
:1057C000FFF770FAFFE7FFE7049801300490E3E782
:1057D000FFE70B9800680FF097FAC00200283CD54D
:1057E000FFE701200490FFE704980B9909798842AC
:1057F0002CD2FFE70998049900EB4110D0F800097A
:1058000002900B98049901EBC10100EB8100007E2E
:10581000012816D1FFE79DF80B000006002810D5DF
:10582000FFE70B98049901EBC10100EB8101012016
:10583000C8750B989DF8101041F08001FFF732FAFF
:10584000FFE7FFE7049801300490CDE70B9801686B
:10585000486900F480104861FFE70B9800680FF07A
:1058600053FA8002002855D5FFE701200490FFE796
:1058700004980B990979884245D2FFE70998049961
:1058800000EB4110D0F8000B02900B98049901EB4B
:10589000C10100EB810090F8580201282ED1FFE7EA
:1058A0009DF80B000006002828D5FFE7029800F4B9
:1058B00080300B99D1F8D41401F0010188421DD138
:1058C000FFE70B98049901EBC10100EB8101012076
:1058D00081F857020A99886940F0800088610A9827
:1058E00040690006002808D4FFE70999D1F80408A8
:1058F00040F40070C1F8040805E0FFE7FFE70498F2
:1059000001300490B4E70B980168486900F4001076
:105910004861FFE70B9800680FF0F6F94000002897
:105920000AD5FFE70B98FFF781F90B9801684869E2
:1059300000F080404861FFE70B9800680FF0E4F941
:105940004007002815D5FFE70B98006840680290D3
:105950009DF808004007002804D5FFE70B98FFF7E3
:1059600097F9FFE7029A0B9801684868104348606E
:10597000FFE7FFE70CB080BD80B582B001908DF8E5
:1059800003100198D0F8E0049DF803100DF03AFBE5
:1059900002B080BD80B582B001908DF803100198EF
:1059A000D0F8E0049DF803100DF064FB02B080BD58
:1059B00080B58EB00C900C9820B9FFE701208DF8CF
:1059C000370012E10C9800680B900C9890F8950441
:1059D00040B9FFE70C99002081F894040C9800F07E
:1059E00009F9FFE70C99032081F895040B98B0F1B1
:1059F000A04F04D1FFE70C9900208871FFE70C98B5
:105A000000680EF0E5FC0C9B1868197C8DF82410DA
:105A100059689A68DB680893079206910699079A75
:105A2000089BDDF824C0EE46CEF800C00EF012FA56
:105A300040B1FFE70C99022081F8950401208DF810
:105A40003700D2E00C98006800210FF0C5F940B192
:105A5000FFE70C99022081F8950401208DF83700AA
:105A6000C3E000208DF82B00FFE79DF82B000C9978
:105A70000979884241DAFFE70C989DF82B1001EB79
:105A8000C10100EB8101012048759DF82B000C99A4
:105A900000EBC00201EB820108759DF82B000C9908
:105AA00000EBC00201EB8201C8850C989DF82B1019
:105AB00001EBC10100EB8101002008760C999DF8F3
:105AC0002B2002EBC20201EB8201C8610C999DF808
:105AD0002B2002EBC20201EB820108620C999DF8B7
:105AE0002B2002EBC20201EB82014862FFE79DF826
:105AF0002B0001308DF82B00B7E700208DF82B002C
:105B0000FFE79DF82B000C99097988423EDAFFE700
:105B10000C989DF82B1001EBC10100EB81010020D6
:105B200081F855029DF82B100C9A01EBC10302EB92
:105B3000830282F854120C999DF82B2002EBC202CA
:105B400001EB820181F858020C999DF82B2002EBA1
:105B5000C20201EB8201C1F85C020C999DF82B2076
:105B600002EBC20201EB8201C1F860020C999DF8C0
:105B70002B2002EBC20201EB8201C1F86402FFE7B5
:105B80009DF82B0001308DF82B00BAE70C9B1868AC
:105B9000197C8DF8141059689A68DB680493039295
:105BA00002910299039A049BDDF814C0EE46CEF8E8
:105BB00000C00EF0BFFA40B1FFE70C99022081F857
:105BC000950401208DF837000FE00C99002001901A
:105BD00048740C99012081F895040C9800680EF027
:105BE00093FA01988DF83700FFE79DF837000EB063
:105BF00080BD000080B58AB0099000200890079011
:105C000006900590049009980068B0F1A04F47D124
:105C1000FFE7FFE70020039043F63000C4F20200E4
:105C2000016841F001010160006800F0010003908B
:105C30000398FFE74FF4C050049002200590002025
:105C40000690032007900A2008900020C4F202006A
:105C500004A9FEF7D1FAFFE743F63401C4F20201CA
:105C6000086840F080000860FFE70020029043F6DB
:105C70004400C4F20200016841F480410160006800
:105C800000F4804002900298FFE7FFE74320019074
:105C900005210022FEF748FF0198FEF73BFFFFE7D2
:105CA0000AB080BD80B582B0019001208DF803005C
:105CB0000198C07920B9FFE700208DF803000CE0BF
:105CC0000198C079022804D1FFE701208DF8030074
:105CD00002E0FCF70DFDFFE7FFE70198D0F8E004D4
:105CE0009DF803100DF0C6FA0198D0F8E0040DF00D
:105CF00041FA02B080BD000080B582B001900198E9
:105D0000D0F8E0040DF084FA02B080BD80B582B016
:105D100001900198D0F8E0040DF08CFA02B080BD3B
:105D200080B584B002908DF80710FFE7029890F8D4
:105D30009404012804D1FFE702208DF80F0019E038
:105D40000299012081F89404FFE7FFE79DF807001E
:105D500002994874029800689DF807100FF0ACF89B
:105D6000FFE70299002081F89404FFE700208DF8F6
:105D70000F00FFE79DF80F0004B080BD80B582B032
:105D800001900199D1F8E00401F29C410DF09CFAD8
:105D900002B080BD80B584B0029002980068019086
:105DA000FFE7029890F89404012804D1FFE702204D
:105DB0008DF80F0028E00299012081F89404FFE794
:105DC000FFE70198C068400600280BD5FFE702985E
:105DD000407B012806D1FFE70199886B40F48030B1
:105DE0008863FFE7029800680EF07AFE0298006868
:105DF0000EF074F9FFE70299002081F89404FFE7A0
:105E000000208DF80F00FFE79DF80F0004B080BD63
:105E100080B582B001900198D0F8E0040DF0D6FA78
:105E200001980168D1F8000E40F00100C1F8000EA1
:105E30000198C07A48B1FFE74EF61051CEF200014A
:105E4000086840F006000860FFE702B080BD00006F
:105E500080B584B002900191029820B9FFE701203B
:105E60008DF80F0021E1019843F60041C4F20201D0
:105E7000096801F00701884212D9FFE7019943F64A
:105E80000040C4F202000170006800F007000199B0
:105E9000884204D0FFE701208DF80F0005E1FFE7FD
:105EA00002980078800700282AD5FFE7029800783A
:105EB0004007002809D5FFE743F60801C4F20201B4
:105EC000086840F4E0500860FFE702980078000797
:105ED000002809D5FFE743F60801C4F2020108686B
:105EE00040F460400860FFE743F60801C4F2020195
:105EF000086820F0F000029A926810430860FFE7FB
:105F000002980078C00700286ED0FFE7029840682A
:105F1000012811D1FFE743F60000C4F20200006837
:105F200000F400310020B0EB514F04D1FFE7012015
:105F30008DF80F00B9E02CE002984068022805D0E7
:105F4000FFE702984068032811D1FFE743F60000FD
:105F5000C4F20200006800F000710020B0EB516F45
:105F600004D1FFE701208DF80F009EE010E043F61A
:105F70000000C4F20200006800F002010020B0EB53
:105F8000510F04D1FFE701208DF80F008DE0FFE7EE
:105F9000FFE743F60801C4F20201086820F003009D
:105FA000029A526810430860FEF71AFB0090FFE760
:105FB00043F60800C4F20200006800F00C000299E9
:105FC0004968B0EB810F0ED0FFE7FEF709FB00999F
:105FD000401A41F28931884204D3FFE703208DF84B
:105FE0000F0062E0E4E7FFE7019843F60041C4F2E6
:105FF0000201096801F00701884212D2FFE7019906
:1060000043F60040C4F202000170006800F007008F
:106010000199884204D0FFE701208DF80F0044E089
:10602000FFE702980078400700280CD5FFE743F609
:106030000801C4F20201086820F4E050029AD26814
:1060400010430860FFE702980078000700280DD58C
:10605000FFE743F60801C4F20201086820F460403B
:10606000029A126940EAC2000860FFE700F076F881
:1060700043F60801C4F202010968C9B20A094AF6E6
:106080007851C0F60101895CC84040F22801C2F293
:106090000001086040F23030C2F200000068FEF7F4
:1060A00095FC00208DF80F00FFE79DF80F0004B06D
:1060B00080BD000082B00190009101990F2008601E
:1060C00043F60800C4F20200016801F00301019ADE
:1060D0005160016801F0F001019A9160016801F4DA
:1060E000E051019AD160006800F46040C008019955
:1060F000086143F60040C4F20200006800F00700A7
:106100000099086002B0704740F22800C2F2000017
:106110000068704780B5FFF7F7FF43F60801C4F247
:1061200002010968C1F382224AF68851C0F60101D2
:10613000895CC84080BD000080B5FFF7E5FF43F6ED
:106140000801C4F20201096889B24A0B4AF6885173
:10615000C0F60101895CC84080BD000080B586B0F2
:106160000020059004900390029043F60800C4F2CA
:106170000200006800F00C000146019140B1FFE709
:10618000019804280AD0FFE7019808280CD04FE0B6
:1061900042F20040C0F2F40002904FE041F60030BD
:1061A000C0F2B700029049E043F60400C4F20200D6
:1061B000016801F03F01059100684002002813D5F5
:1061C000FFE743F60400C4F202000068C0F3881041
:1061D00041F60031C0F2B701A0FB0101059A00238E
:1061E000FAF778F8049012E043F60400C4F20200D3
:1061F0000068C0F3881042F20041C0F2F401A0FB35
:106200000101059A0023FAF765F80490FFE743F6C9
:106210000400C4F20200006800F44031022000EBE8
:10622000D130039004980399B0FBF1F0029005E09F
:1062300042F20040C0F2F4000290FFE7029806B07C
:1062400080BD000080B586B00490049820B9FFE7B7
:1062500001208DF8170050E304980078C00700284B
:1062600000F0A580FFE743F60800C4F202000068D2
:1062700000F00C00042813D0FFE743F60800C4F236
:106280000200006800F00C0008281ED1FFE743F66A
:106290000400C4F2020000684002002815D5FFE7A0
:1062A00043F60000C4F20200006800F40031002050
:1062B000B0EB514F08D0FFE70498406820B9FFE7E2
:1062C00001208DF8170018E370E0FFE7049840689C
:1062D000B0F5803F09D1FFE743F60001C4F20201A7
:1062E000086840F48030086020E004984068B0F509
:1062F000A02F0DD1FFE743F60001C4F202010868A8
:1063000040F480200860086840F4803008600CE0A9
:1063100043F60001C4F20201086820F480300860EE
:10632000086820F480200860FFE7FFE7FFE7049893
:106330004068E8B1FFE7FEF753F90390FFE743F643
:106340000000C4F20200006800F400310020B0EB4D
:10635000514F0CD1FFE7FEF743F90399401A652826
:1063600004D3FFE703208DF81700C6E2E7E71CE03F
:10637000FEF736F90390FFE743F60000C4F202008F
:10638000006800F400310020B0EB514F0CD0FFE763
:10639000FEF726F90399401A652804D3FFE7032086
:1063A0008DF81700A9E2E7E7FFE7FFE7FFE70498AA
:1063B00000788007002840F19680FFE743F6080048
:1063C000C4F20200006810F00C0F13D0FFE743F690
:1063D0000800C4F20200006800F00C0008282CD16C
:1063E000FFE743F60400C4F2020000684002002800
:1063F00023D4FFE743F60000C4F20200006800F077
:1064000002010020B0EB510F09D0FFE70498C068EB
:10641000012804D0FFE701208DF817006DE243F654
:106420000001C4F20201086820F0F800049A126921
:1064300040EAC2000860FFE754E00498C06870B307
:10644000FFE70021C4F2472101200860FEF7C8F8E9
:106450000390FFE743F60000C4F20200006800F07A
:1064600002010020B0EB510F0CD1FFE7FEF7B8F8A6
:106470000399401A032804D3FFE703208DF817007F
:106480003BE2E7E743F60001C4F20201086820F0AE
:10649000F800049A126940EAC200086021E0002175
:1064A000C4F2472100200860FEF79AF80390FFE746
:1064B00043F60000C4F20200006800F00201002070
:1064C000B0EB510F0CD0FFE7FEF78AF80399401AA2
:1064D000032804D3FFE703208DF817000DE2E7E758
:1064E000FFE7FFE7FFE704980078000700284BD597
:1064F000FFE70498406918B3FFE740F68061C4F2F3
:10650000472101200860FEF76BF80390FFE743F690
:106510007400C4F20200006800F002010020B0EB39
:10652000510F0CD1FFE7FEF75BF80399401A0328DF
:1065300004D3FFE703208DF81700DEE1E7E722E050
:1065400040F68061C4F2472100200860FEF748F859
:106550000390FFE743F67400C4F20200006800F005
:1065600002010020B0EB510F0CD0FFE7FEF738F826
:106570000399401A032804D3FFE703208DF817007E
:10658000BBE1E7E7FFE7FFE7049800784007002852
:1065900040F1CE80FFE700208DF8070043F6400071
:1065A000C4F202000068C000002815D4FFE7FFE72E
:1065B0000020009043F64000C4F20200016841F060
:1065C00080510160006800F0805000900098FFE763
:1065D00001208DF80700FFE747F20000C4F2000039
:1065E0000068C005002822D4FFE747F20001C4F28A
:1065F0000001086840F480700860FDF7F1FF039027
:10660000FFE747F20000C4F200000068C005002860
:106610000CD4FFE7FDF7E4FF0399401A032804D3E5
:10662000FFE703208DF8170067E1EAE7FFE7FFE7E0
:1066300004988068012809D1FFE743F67001C4F28D
:106640000201086840F0010008601FE004988068BB
:1066500005280DD1FFE743F67001C4F20201086876
:1066600040F004000860086840F0010008600CE099
:1066700043F67001C4F20201086820F001000860CE
:10668000086820F004000860FFE7FFE7FFE70498D0
:106690008068F8B1FFE7FDF7A3FF0390FFE743F63B
:1066A0007000C4F20200006800F002010020B0EBAC
:1066B000510F0ED1FFE7FDF793FF0399401A41F206
:1066C0008931884204D3FFE703208DF8170014E1D5
:1066D000E5E71EE0FDF784FF0390FFE743F6700057
:1066E000C4F20200006800F002010020B0EB510F7C
:1066F0000ED0FFE7FDF774FF0399401A41F289318C
:10670000884204D3FFE703208DF81700F5E0E5E7A2
:10671000FFE79DF80700012809D1FFE743F6400194
:10672000C4F20201086820F080500860FFE7FFE72C
:1067300004988069002800F0DC80FFE743F6080039
:10674000C4F20200006800F00C00082800F0858008
:10675000FFE70498806902285CD1FFE76021C4F25A
:10676000472100200860FDF73BFF0390FFE743F659
:106770000000C4F20200006800F000710020B0EBDD
:10678000516F0CD0FFE7FDF72BFF0399401A032848
:1067900004D3FFE703208DF81700AEE0E7E7049984
:1067A000C869D1F820C04B6A8A6A40EA0C0040EA06
:1067B0008310D2034FF6FF739A43A2F58032104341
:1067C000C96A40EA016043F60401C4F202010860AC
:1067D0006021C4F2472101200860FDF701FF03900A
:1067E000FFE743F60000C4F20200006800F0007109
:1067F0000020B0EB516F0CD1FFE7FDF7F1FE0399DC
:10680000401A032804D3FFE703208DF8170074E033
:10681000E7E721E06021C4F2472100200860FDF78E
:10682000DFFE0390FFE743F60000C4F202000068B9
:1068300000F000710020B0EB516F0CD0FFE7FDF7C6
:10684000CFFE0399401A032804D3FFE703208DF8F5
:10685000170052E0E7E7FFE74AE004988069012863
:1068600004D1FFE701208DF8170046E043F604004D
:10687000C4F202000068029004988069012831D0B7
:10688000FFE7029800F480000499C969884229D181
:10689000FFE7029800F03F000499096A884221D17D
:1068A000FFE7029847F6C07108400499496AB0EBC7
:1068B000811F17D1FFE7029800F440300499896ADC
:1068C000C9034FF6FF729143A1F58031884209D187
:1068D000FFE7029800F070600499C96AB0EB016F9D
:1068E00004D0FFE701208DF8170006E0FFE7FFE77F
:1068F000FFE700208DF81700FFE79DF8170006B0AE
:1069000080BD000080B584B00290029820B9FFE7F6
:1069100001208DF80F0072E00298406A60B9FFE72D
:1069200002984068B0F5827F01D1FFE703E0029949
:106930000020C861FFE705E0029900200861029984
:106940004861FFE7029900208862029890F85100A0
:1069500040B9FFE70299002081F85000029800F04A
:1069600053F8FFE70299022081F85100029801686C
:10697000086820F040000860029A0192116850688F
:10698000D2F808C0D36800F482700CF4044C604460
:1069900003F400631844136903F0020318445369B5
:1069A00003F001031844936903F400731844D36996
:1069B00003F038031844136A03F080031843926A03
:1069C00002F4005210430860029801688369426A29
:1069D000042000EA134002F01002104448600298BC
:1069E0000168C86920F40060C86102990020486508
:1069F000029A012182F851108DF80F00FFE79DF8EF
:106A00000F0004B080BD000080B590B00F90002052
:106A10000E900D900C900B900A900F98006843F226
:106A20000001C4F20101884240F0B280FFE7FFE7B5
:106A30000020099043F64400C4F20200016841F4CA
:106A400080510160006800F4805009900998FFE7C8
:106A5000FFE70020089043F63000C4F2020001680E
:106A600041F002010160006800F0020008900898FF
:106A7000FFE7FFE70020079043F63000C4F2020072
:106A8000016841F001010160006800F00100079019
:106A90000798FFE718200A90022001900B90002031
:106AA00005900C90032002900D90052003900E900D
:106AB00040F20040C4F202000AA90491FDF79CFBD9
:106AC000DDF804C0029A03980499059B4FF0800EEC
:106AD000CDF828E0CDF82CC00C930D920E9000203C
:106AE000C4F20200FDF788FB059942F25010C2F291
:106AF0000000069046F24042C4F2020202604FF0EB
:106B0000C06242608160C1604FF480620261416195
:106B10008161C16101624162FDF77EF918B1FFE751
:106B2000FBF7E6FDFFE7FFE70F9842F25011C2F2D4
:106B30000001C1640F988863FFE742F2B010C2F20F
:106B40000000009046F25841C4F2020101604FF08B
:106B5000C0614160402181600021C1604FF48062CA
:106B6000026141618161C16101624162FDF754F9D5
:106B700018B1FFE7FBF7BCFDFFE7FFE70F9842F214
:106B8000B011C2F2000181640F988863FFE7FFE74C
:106B900010B080BD80B58CB0DDF838C00A90099186
:106BA0000892ADF81E3001200390FDF719FD049006
:106BB0000A9890F851008DF817000A9840680690DE
:106BC000BDF81E00ADF81C009DF81700012812D07A
:106BD000FFE70698B0F5827F09D1FFE70A98806841
:106BE00028B9FFE79DF81700042804D0FFE702202A
:106BF0008DF82F009BE1099838B1FFE7089820B184
:106C0000FFE7BDF81E0020B9FFE701208DF82F0037
:106C10008DE1FFE70A9890F85000012804D1FFE7C2
:106C200002208DF82F0082E10A99012081F850009E
:106C3000FFE7FFE70A9890F85100042805D0FFE726
:106C40000A99052081F85100FFE70A99002048655C
:106C500008990A9A9163BDF81E100A9AD187BDF867
:106C60001E100A9A918709990A9A1163BDF81E109D
:106C70000A9AD186BDF81E100A9A91860A9908646C
:106C80000A9948640A980068006800F040004028AB
:106C900007D0FFE70A980168086840F040000860E4
:106CA000FFE70A98C068B0F5006F40F08180FFE709
:106CB0000A98406828B1FFE7BDF81C0001280ED1F2
:106CC000FFE70A980168006B0088C8600A99086BA2
:106CD000023008630A99C88E0138C886FFE7FFE7CB
:106CE0000A98C18E0120019039B9FFE70A98C08F38
:106CF000002818BF01200190FFE70198C007002875
:106D000055D0FFE70A98006880688007002818D5EA
:106D1000FFE70A98C08EA0B1FFE70398012810D1C1
:106D2000FFE70A980168006B0088C8600A99086B41
:106D3000023008630A99C88E0138C8860020039083
:106D4000FFE70A9800688068C007A8B1FFE70A98C3
:106D5000C08F88B1FFE70A980068C0680A99896BFC
:106D600008800A99886B023088630A99C88F0138B5
:106D7000C88701200390FFE7FDF732FC0499401A11
:106D80000E99884212D3FFE70E98013070B1FFE7E9
:106D90000A99012081F85100FFE70A99002081F843
:106DA0005000FFE703208DF82F00C0E098E782E055
:106DB0000A98406828B1FFE7BDF81C0001280ED1F1
:106DC000FFE70A980168006B007808730A99086B5E
:106DD000013008630A99C88E0138C886FFE7FFE7CB
:106DE0000A98C18E0120009039B9FFE70A98C08F38
:106DF000002818BF01200090FFE70098C007002876
:106E000058D0FFE70A98006880688007002818D5E6
:106E1000FFE70A98C08EA0B1FFE70398012810D1C0
:106E2000FFE70A980168006B007808730A99086BFD
:106E3000013008630A99C88E0138C8860020039083
:106E4000FFE70A9800688068C007A8B1FFE70A98C2
:106E5000C08F88B1FFE70A980068C0680A99896BFB
:106E600008700A99886B013088630A99C88F0138C5
:106E7000C88701200390FFE7FDF7B2FB0499401A91
:106E80000E99884204D3FFE70E98013018B9FFE746
:106E90000E9870B9FFE70A99012081F85100FFE7C9
:106EA0000A99002081F85000FFE703208DF82F0099
:106EB0003DE095E7FFE70A980E99049A09F05CFC1B
:106EC00068B1FFE70A9920204865FFE70A9900208A
:106ED00081F85000FFE701208DF82F0027E00A9885
:106EE000806870B9FFE7FFE7002002900A98006809
:106EF000C06802900A980068806802900298FFE7D4
:106F0000FFE70A99012081F85100FFE70A99002064
:106F100081F85000FFE70A98406D20B1FFE701209B
:106F20008DF82F0003E000208DF82F00FFE79DF87B
:106F30002F000CB080BD000081B0009001B0704700
:106F400081B0009001B0704784B0029001910020A0
:106F50000090FFE7029890F83C00012804D1FFE779
:106F600002208DF80F0044E00299012081F83C00D6
:106F7000FFE7FFE7009820F0FF000199C968084388
:106F80000090009820F440700199896808430090AF
:106F9000009820F4806001994968084300900098A7
:106FA00020F400600199096808430090009820F4DB
:106FB00080500199096908430090009820F400501E
:106FC0000199496908430090009820F48040019994
:106FD000C969084300900098029909684864FFE76E
:106FE0000299002081F83C00FFE700208DF80F0097
:106FF000FFE79DF80F0004B07047000085B00390D4
:107000000291FFE7039890F83C00012804D1FFE7C4
:1070100002208DF813007EE00399012081F83C00E6
:10702000FFE7FFE70399022081F83D00039800681D
:10703000406801900398006880680090019820F0F3
:10704000700001900298016801980843019001982E
:10705000039909684860039800680021C4F201019F
:1070600088423CD0FFE703980068B0F1804F36D0EB
:10707000FFE70398006840F20041C4F20001884233
:107080002DD0FFE70398006840F60001C4F200012C
:10709000884224D0FFE70398006840F60041C4F21C
:1070A000000188421BD0FFE70398006840F20041CE
:1070B000C4F20101884212D0FFE70398006844F24D
:1070C0000001C4F20101884209D0FFE7039800687B
:1070D00041F60001C4F2000188420ED1FFE700989A
:1070E00020F08000009002984168009808430090CA
:1070F0000098039909688860FFE70399012081F8E7
:107100003D00FFE70399002081F83C00FFE70020E5
:107110008DF81300FFE79DF8130005B070470000DD
:1071200080B582B00090009820B9FFE701208DF86B
:1071300007003FE0009890F83D0040B9FFE7009954
:10714000002081F83C00009800F038F8FFE7009933
:10715000022081F83D00009951F8040B09F0CCFCA5
:107160000099012081F84600FFE70099012081F88D
:107170003E00009981F83F00009981F84000009995
:1071800081F84100FFE7FFE70099012081F8420004
:10719000009981F84300009981F84400009981F832
:1071A0004500FFE70099012081F83D0000208DF89F
:1071B0000700FFE79DF8070002B080BD80B586B0EC
:1071C0000590059800680021C4F20101884212D19F
:1071D000FFE7FFE70020049043F64400C4F20200FA
:1071E000016841F001010160006800F001000490B5
:1071F0000498FFE75CE00598006840F60001C4F2DF
:10720000000188421BD1FFE7FFE70020039043F60F
:107210004000C4F20200016841F00401016000680E
:1072200000F0040003900398FFE71E200090052162
:107230000022FDF779FC0098FDF76CFC37E005981B
:10724000006840F60041C4F20001884212D1FFE715
:10725000FFE70020029043F64000C4F202000168FC
:1072600041F008010160006800F0080002900298F7
:10727000FFE71BE00598006844F20041C4F20101F9
:10728000884212D1FFE7FFE70020019043F6440057
:10729000C4F20200016841F400310160006800F4AA
:1072A000003001900198FFE7FFE7FFE7FFE7FFE706
:1072B00006B080BD83B00190019890F83D00012890
:1072C00004D0FFE701208DF80B006AE0019902204D
:1072D00081F83D0001980168C86840F00100C8606D
:1072E000019800680021C4F2010188423CD0FFE708
:1072F00001980068B0F1804F36D0FFE70198006830
:1073000040F20041C4F2000188422DD0FFE701980D
:10731000006840F60001C4F20001884224D0FFE773
:107320000198006840F60041C4F2000188421BD079
:10733000FFE70198006840F20041C4F20101884271
:1073400012D0FFE70198006844F20001C4F2010185
:10735000884209D0FFE70198006841F60001C4F2B5
:107360000001884212D1FFE701980068806800F0B0
:10737000070000900098062807D0FFE701980168F1
:10738000086840F001000860FFE706E00198016826
:10739000086840F001000860FFE700208DF80B004E
:1073A000FFE79DF80B0003B07047000080B586B082
:1073B0000490039100208DF80B00FFE7049890F8EB
:1073C0003C00012804D1FFE702208DF81700ABE054
:1073D0000499012081F83C00FFE7FFE704990220AF
:1073E00081F83D000498006880680190019820F0C1
:1073F00077000190019820F47F4001900198049952
:1074000009688860039800680090002872D0FFE740
:10741000009810286ED0FFE7009820286AD0FFE778
:107420000098302866D0FFE70098402855D0FFE745
:107430000098502837D0FFE70098602840D0FFE739
:10744000009870280BD0FFE70098B0F5805F05D05A
:10745000FFE70098B0F5005F16D052E055E00498C1
:107460000068039B5A689968DB6809F01DFC049862
:10747000006880680190019840F0770001900198C1
:1074800004990968886040E004980068039B5A6882
:107490009968DB6809F008FC04980168886840F482
:1074A0008040886031E004980068039A5168D2688F
:1074B00009F0E6FD04980068502109F00FFC24E073
:1074C00004980068039A5168D26809F001FE049894
:1074D0000068602109F002FC17E004980068039A34
:1074E0005168D26809F0CCFD04980068402109F089
:1074F000F5FB0AE0049800680399096809F0EEFBBF
:1075000003E001208DF80B00FFE70499012081F8CA
:107510003D00FFE70499002081F83C00FFE79DF85B
:107520000B008DF81700FFE79DF8170006B080BD2F
:1075300081B0009001B0704780B584B0039003988B
:107540000068C068029003980068006901909DF887
:1075500004008007002824D5FFE79DF80800800775
:1075600000281DD5FFE7039801686FF0020008614D
:10757000039901200877039800688069800720B18B
:10758000FFE70398FFF7D4FF06E0039800F092F9B5
:10759000039800F087FAFFE7039900200877FFE7D8
:1075A000FFE79DF804004007002825D5FFE79DF878
:1075B0000800400700281ED5FFE7039801686FF018
:1075C0000400086103990220087703980068806925
:1075D00010F4407F04D0FFE70398FFF7A9FF06E00F
:1075E000039800F067F9039800F05CFAFFE703994D
:1075F00000200877FFE7FFE79DF804000007002858
:1076000024D5FFE79DF80800000700281DD5FFE7F7
:10761000039801686FF00800086103990420087757
:1076200003980068C069800720B1FFE70398FFF75F
:107630007FFF06E0039800F03DF9039800F032FA6E
:10764000FFE7039900200877FFE7FFE79DF80400B4
:10765000C006002825D5FFE79DF80800C0060028D1
:107660001ED5FFE7039801686FF0100008610399C9
:107670000820087703980068C06910F4407F04D0A0
:10768000FFE70398FFF754FF06E0039800F012F9B4
:10769000039800F007FAFFE7039900200877FFE757
:1076A000FFE79DF80400C00778B1FFE79DF80800E8
:1076B000C00748B1FFE7039801686FF00100086157
:1076C000039800F0F3F9FFE7FFE79DF804000006D8
:1076D000002810D5FFE79DF808000006002809D50E
:1076E000FFE7039801686FF0800008610398FFF7D7
:1076F00023FCFFE7FFE79DF804004006002810D5B3
:10770000FFE79DF808004006002809D5FFE7039829
:1077100001686FF040000861039800F0D9F9FFE7B5
:10772000FFE79DF804008006002810D5FFE79DF8CC
:1077300008008006002809D5FFE7039801686FF06C
:10774000200008610398FFF7FBFBFFE7FFE704B0A9
:1077500080BD000080B58EB00D9000200C900B9085
:107760000A90099008900D9800680021C4F2010168
:10777000884222D1FFE7FFE70020079043F6300060
:10778000C4F20200016841F010010160006800F0DD
:10779000100007900798FFE74FF42060089002213F
:1077A000099101200A900B910C9041F20000C4F263
:1077B000020008A9FCF720FD7AE00D98006840F669
:1077C0000041C4F20001884244D1FFE7FFE70020F6
:1077D000069043F63000C4F20200016841F08001D7
:1077E0000160006800F0800006900698FFE7FFE760
:1077F0000020059043F63000C4F20200016841F019
:1078000001010160006800F0010005900598FFE7A4
:107810004FF48060089002200290099000210191AD
:107820000A910B910C9041F60040C4F2020008A9A5
:107830000391FCF7E1FC019A02980399062308934F
:1078400009900A920B920C900020C4F20200FCF7FF
:10785000D3FC2CE00D98006844F20041C4F2010111
:10786000884223D1FFE7FFE70020049043F6300071
:10787000C4F20200016841F002010160006800F0FA
:10788000020004900498FFE74FF4807008900220F3
:10789000099000200A900B9003200C9040F20040C9
:1078A000C4F2020008A9FCF7A7FCFFE7FFE7FFE727
:1078B0000EB080BD81B0009001B0704780B586B039
:1078C00004900391029200208DF80700FFE70498CE
:1078D00090F83C00012804D1FFE702208DF8170042
:1078E00089E00499012081F83C00FFE7FFE7029856
:1078F00000900C2800F270800099DFE801F0076D1D
:107900006D6D206D6D6D3A6D6D6D5300049800685E
:10791000039909F0F9F904980168886940F00800B2
:10792000886104980168886920F0040088610398E0
:1079300002690498016888691043886150E00498DE
:107940000068039909F056FA04980168886940F4C0
:107950000060886104980168886920F4806088610B
:107960000398026904980168886940EA02208861E6
:1079700036E004980068039909F0B6FA04980168A3
:10798000C86940F00800C86104980168C86920F01F
:107990000400C8610398026904980168C86910432B
:1079A000C8611DE004980068039909F017FB04986A
:1079B0000168C86940F40060C86104980168C8693A
:1079C00020F48060C8610398026904980168C8695E
:1079D00040EA0220C86103E001208DF80700FFE7BC
:1079E000FFE70499002081F83C00FFE79DF80700BD
:1079F0008DF81700FFE79DF8170006B080BD000066
:107A000080B582B00090009820B9FFE701208DF882
:107A100007003FE0009890F83D0040B9FFE700996B
:107A2000002081F83C00009800F038F8FFE700994A
:107A3000022081F83D00009951F8040B09F05CF830
:107A40000099012081F84600FFE70099012081F8A4
:107A50003E00009981F83F00009981F840000099AC
:107A600081F84100FFE7FFE70099012081F842001B
:107A7000009981F84300009981F84400009981F849
:107A80004500FFE70099012081F83D0000208DF8B6
:107A90000700FFE79DF8070002B080BD81B00090AD
:107AA00001B0704781B0009001B0704780B582B0DE
:107AB00001900198006841F60001C4F2000188427B
:107AC00003D1FFE7FCF758FFFFE702B080BD0000DD
:107AD00081B0009001B0704782B00190ADF8021003
:107AE00002B0704781B0009001B0704780B592B08D
:107AF0001190119800680068109011980068C06893
:107B00000F901198006840690E9000200D900C9025
:107B1000109800F00F000D900D9888B9FFE79DF8C0
:107B20004000800600280AD5FFE79DF83C0080064B
:107B3000002804D5FFE7119809F050FCEAE1FFE7BF
:107B40000D98002800F0C280FFE79DF83800C007BC
:107B500038B9FFE7BDF83C0010F4907F00F0B68024
:107B6000FFE79DF84000C00758B1FFE79DF83D00D2
:107B7000C00730B1FFE71199486C40F0010048643C
:107B8000FFE79DF84000400700280BD5FFE79DF870
:107B90003800C00730B1FFE71199486C40F002008F
:107BA0004864FFE79DF84000800700280BD5FFE7F9
:107BB0009DF83800C00730B1FFE71199486C40F0DC
:107BC00004004864FFE79DF840000007002811D535
:107BD000FFE79DF83C008006002805D4FFE79DF8EC
:107BE0003800C00730B1FFE71199486C40F0080039
:107BF0004864FFE71198406C002866D0FFE79DF8C5
:107C00004000800600280AD5FFE79DF83C0080066A
:107C1000002804D5FFE7119809F0E0FBFFE7119871
:107C200000684069C0F380100C901198406C000708
:107C3000002804D4FFE70C9800283ED0FFE71198F5
:107C400009F052FB119800684069400600282FD5C2
:107C5000FFE7FFE7FFE71198006850E8050F20F005
:107C600040000B90FFE70B991198026842E805105D
:107C70000028F0D1FFE7FFE71198C06B98B1FFE74C
:107C80001198C16B41F22510C0F6010008651198EA
:107C9000C06BFBF70FFF28B1FFE71198C06B016DB8
:107CA0008847FFE703E01198FFF71CFFFFE703E0B9
:107CB0001198FFF717FFFFE706E01198FFF712FF93
:107CC000119900204864FFE7FFE723E11198006B5A
:107CD000012840F0FF80FFE79DF84000C006002823
:107CE00040F1F880FFE79DF83C00C006002840F115
:107CF000F180FFE7FFE700200A9011980068006814
:107D00000A901198006840680A900A98FFE7119855
:107D1000006840694006002840F18280FFE7119822
:107D2000C06B00684068ADF82600BDF8260000284A
:107D300075D0FFE7BDF826001199898D88426EDA6B
:107D4000FFE7BDF826001199C8851198C06BC0697E
:107D5000B0F5807F58D0FFE7FFE7FFE71198006894
:107D600050E8030F20F480700890FFE708991198FD
:107D7000026842E803100028F0D1FFE7FFE7FFE7C1
:107D8000FFE71198006850E8050F20F00100079008
:107D9000FFE707991198026842E805100028F0D122
:107DA000FFE7FFE7FFE7FFE71198006850E8050FDE
:107DB00020F040000690FFE706991198026842E81B
:107DC00005100028F0D1FFE7FFE71199202081F886
:107DD0004200119900200863FFE7FFE7119800684F
:107DE00050E8030F20F010000590FFE70599119867
:107DF000026842E803100028F0D1FFE7FFE711987E
:107E0000C06BFBF7E1FDFFE7119902204863119871
:107E1000818DC28D891A89B2FFF75EFEFFE779E096
:107E20001199888DC98D401AADF812001198C08D36
:107E300000284ED0FFE7BDF81200002849D0FFE728
:107E4000FFE7FFE71198006850E8030F20F49070F7
:107E50000390FFE703991198026842E80310002895
:107E6000F0D1FFE7FFE7FFE7FFE71198006850E870
:107E7000050F20F001000290FFE7029911980268B7
:107E800042E805100028F0D1FFE7FFE71199202014
:107E900081F84200119900200863FFE7FFE711987D
:107EA000006850E8030F20F010000190FFE70199EF
:107EB0001198026842E803100028F0D1FFE7FFE7BD
:107EC0001199022048631198BDF81210FFF704FEC3
:107ED000FFE71FE09DF84000000600280AD5FFE7F5
:107EE0009DF83C000006002804D5FFE7119809F032
:107EF00081FC0FE09DF84000400600280AD5FFE70E
:107F00009DF83C004006002804D5FFE7119809F0D1
:107F100035FAFFE712B080BD80B582B000900098BE
:107F200020B9FFE701208DF8070040E00098806944
:107F300008B1FFE700E0FFE7009890F8410040B982
:107F4000FFE70099002081F84000009800F034F825
:107F5000FFE70099242081F8410000980168C86873
:107F600020F40050C860009809F0EEFA009801680B
:107F7000086920F49040086100980168486920F081
:107F80002A00486100980168C86840F40050C86041
:107F9000009900204864009A202182F84110009A3C
:107FA00082F84210009948638DF80700FFE79DF8BA
:107FB000070002B080BD000080B59CB01B9000207F
:107FC0001A9019901890179016901B98006841F21B
:107FD0000001C4F20101884240F0C380FFE7FFE7DF
:107FE0000020159043F64400C4F20200016841F0FD
:107FF00010010160006800F0100015901598FFE76F
:10800000FFE70020149043F63000C4F2020001683C
:1080100041F002010160006800F002001490149821
:10802000FFE7FFE70020139043F63000C4F20200A0
:10803000016841F001010160006800F00100139047
:108040001398FFE7802016900220099017900020D7
:108050000D90189003200A90199007200B901A9009
:1080600040F20040C4F2020016A90C91FCF7C4F8DB
:10807000DDF824C00A9A0B980C990D9B4FF4007EF2
:10808000CDF858E0CDF85CC0189319921A900020F2
:10809000C4F20200FCF7B0F80D9942F21020C2F2CF
:1080A00000000E9046F28842C4F2020202604FF0D5
:1080B000006242608160C1604FF480620261416190
:1080C00081614FF48072C2614FF4003202624162FA
:1080D000FBF7A2FE18B1FFE7FAF70AFBFFE7FFE79D
:1080E0001B9842F21021C2F20001C1631B98886301
:1080F000FFE742F27020C2F20000089046F2B84159
:10810000C4F2020101604FF00061416040218160D2
:108110000021C1604FF480620261416181614FF4CE
:108120008072C2614FF4003202624162FBF774FE5A
:1081300018B1FFE7FAF7DCFAFFE7FFE71B9842F216
:108140007021C2F2000181631B988863FFE725203C
:10815000079005210022FCF7E7FC0798FCF7DAFC02
:1081600018E11B98006844F60001C4F2000188423F
:108170006CD1FFE7FFE70020129043F64000C4F205
:108180000200016841F480210160006800F4802051
:1081900012901298FFE7FFE70020119043F630009D
:1081A000C4F20200016841F004010160006800F0BF
:1081B000040011901198FFE74FF4406016900220E0
:1081C00017900020059018900320199007201A900E
:1081D00040F60000C4F2020016A9FCF70DF805995C
:1081E00042F2D020C2F20000069046F22802C4F209
:1081F000020202604FF0006242608160C1604FF491
:1082000080620261416181614FF48072C2614FF40A
:10821000403202624162FBF7FFFD18B1FFE7FAF757
:1082200067FAFFE7FFE71B9842F2D021C2F2000194
:10823000C1631B988863FFE7272004900521002273
:10824000FCF772FC0498FCF765FCA2E01B98006840
:1082500041F20041C4F20101884240F09980FFE7F9
:10826000FFE70020109043F64400C4F202000168CA
:1082700041F020010160006800F02000109010988B
:10828000FFE7FFE700200F9043F63000C4F2020042
:10829000016841F040010160006800F040000F906B
:1082A0000F98FFE74FF484401690022017900020AB
:1082B000029018900320199008201A9041F60000AF
:1082C000C4F2020016A9FBF797FF029942F2303080
:1082D000C2F20000039046F22842C4F20202026099
:1082E0004FF0206242608160C1604FF480620261A1
:1082F000416181614FF48072C2614FF44032026289
:108300004162FBF789FD18B1FFE7FAF7F1F9FFE7E2
:10831000FFE71B9842F23031C2F20001C1631B98A3
:108320008863FFE742F29030C2F20000019046F20B
:10833000A041C4F2020101604FF020614160402180
:1083400081600021C1604FF48062026141618161FE
:10835000C1614FF4403202624162FBF75DFD18B12A
:10836000FFE7FAF7C5F9FFE7FFE71B9842F2903104
:10837000C2F2000181631B988863FFE747200090E9
:1083800005210022FCF7D0FB0098FCF7C3FBFFE7B8
:10839000FFE7FFE71CB080BD80B584B0029001917B
:1083A000ADF80220029890F84200202817D1FFE78C
:1083B000019820B1FFE7BDF8020020B9FFE70120D6
:1083C0008DF80F000FE002990020086302980199D0
:1083D000BDF8022009F056F98DF80F0003E00220E5
:1083E0008DF80F00FFE79DF80F0004B080BD00007E
:1083F00080B584B002900191ADF80220029890F807
:108400004200202817D1FFE7019820B1FFE7BDF80F
:10841000020020B9FFE701208DF80F000FE002995C
:108420000020086302980199BDF8022009F0B0F914
:108430008DF80F0003E002208DF80F00FFE79DF894
:108440000F0004B080BD000080B582B0019001989B
:108450000CF09AFF02B080BD81B0009001B070476F
:1084600081B0009001B07047FFE7FEE7B0B590B073
:108470000F900020ADF83A0007200EF079FBFFE7DF
:10848000F8F71CFA20B1FFE764200EF071FBF7E764
:1084900041F6A852C2F20002099202F11400111D25
:1084A0001032F8F741FA099B42F60C40C2F2000084
:1084B0006946086040F23440C2F2000040F21C41BC
:1084C000C2F200010A9140F24042C2F200020B9255
:1084D0000EF0DEF842F6C830C2F200009FEDD40A7A
:1084E000DFEDD40A9FEDD41ADFEDD41A9FEDD42A24
:1084F00002F04EF90A990B9A40F24C40C2F2000089
:10850000F8F794F800200EF0A3FB11F047F840F2C2
:108510006041C2F20001086042F62810C2F2000079
:108520001021C161FEF7EEF918B1FFE7FAF7E0F8A4
:10853000FFE740F2F010C2F2000041F61961C2F20A
:108540000001082208F004F842F6C331C2F200012B
:108550000120087041F68451C2F2000145F639103D
:10856000CBF68A2048614CF69E70C3F6BD20886128
:108570004EF68E00C3F63910C861FFE711F094F88B
:108580000D90FFE701204FF0FF310FF05BFD012858
:1085900001D0FFE7F6E742F6C230C2F200000078F1
:1085A000C00730B9FFE7BDF83A000130ADF83A0036
:1085B000FFE742F6C230C2F200000078C00788B977
:1085C000FFE7BDF83A00B0F5FA7F0BDDFFE742F6B2
:1085D000C231C2F20001012008704FF42F70ADF8D3
:1085E0003A00FFE741F62160C2F200000078400740
:1085F000002833D5FFE741F62161C2F20001087877
:1086000000F0FB00087041F61960C2F20000013072
:1086100041F6A851C2F2000108911431F8F708F9A7
:10862000089841F68451C2F2000191ED051A90EDCF
:10863000050A30EE410A80ED050A91ED061A90ED2B
:10864000060A30EE410A80ED060A91ED071A90ED18
:10865000070A30EE410A80ED070AFFE741F6815034
:10866000C2F2000000784007002816D5FFE741F667
:108670008151C2F20001087800F0FB00087041F659
:108680004050C2F20000023041F6A852C2F200028D
:10869000111D2032F8F75AF8FFE741F68050C2F278
:1086A00000000078400700281BD5FFE741F6805105
:1086B000C2F20001087800F0FB00087041F67C501F
:1086C000C2F20000023041F6A851C2F20001079147
:1086D0001031F8F755FA079890ED040A0EF074F986
:1086E000FFE742F60C40C2F200006946086040F223
:1086F0003440C2F20000029040F21C41C2F200017C
:10870000019140F24042C2F20002039241F6A853A6
:10871000C2F200030DF0BCFF01980299039B41F6E1
:108720005854C2F200040494226841F64C5EC2F22E
:10873000000ECEF8002041F66452C2F20002D2F8D8
:1087400000C0C4F800C094ED000A4AF6CC5CC0F644
:10875000010CCDF814C09EED001A9CED003A9CED82
:10876000014A9CED022A21EE041A20EE030A30EEA3
:10877000011A90ED000A20EE020A30EE010A82EDA5
:10878000000A6568CEF804505568656094ED010AEA
:108790009EED011A9CED003A9CED014A9CED022AE7
:1087A00021EE041A20EE030A30EE011A90ED010AC0
:1087B00020EE020A30EE010A82ED010AA568CEF829
:1087C00008509568A56094ED020A9EED021A9CED92
:1087D000003A9CED014A9CED022A21EE041A20EE9B
:1087E000030A30EE011A90ED020A20EE020A30EE82
:1087F000010A82ED020A40F24C40C2F200000690EB
:108800009FED3E0AF7F724FF069840F22841C2F296
:1088100000010A1D01F108030DF0D6FEFBF7E0FE92
:108820000C9040F25C40C2F20000006840B309E0E6
:108830000000C844CDCC4C3E0000000000A08C4598
:108840000080894540F25C30C2F2000090ED000AE1
:108850000C9840F25C41C2F200010968401A01EE36
:10886000100AB8EEC12A47F2C810C2F2000090ED1B
:10887000001A20EE020A30EE010A80ED000AFFE73E
:1088800040F22841C2F2000191ED000A9FED1C1A4E
:1088900020EE010A9FED1B2A80EE020A47F2C81063
:1088A000C2F2000090ED003A30EE030A30EE010A09
:1088B00040F21040C2F2000080ED000A91ED010A82
:1088C00020EE010A80EE020A30EE010A80ED010A74
:1088D00091ED020A20EE010A80EE020A30EE010A52
:1088E00080ED020A0C9840F25C41C2F2000108607F
:1088F0000DA801210FF084FE40E600BF6F12833AFD
:1089000000003443DA0F494083B0029001918DF8A2
:10891000032000208DF802008DF80200FFE79DF88B
:1089200002009DF80310884229DAFFE70298000F41
:10893000092809D8FFE70298000F303001999DF807
:10894000022001F8120009E00299372000EB1170B3
:1089500001999DF8022001F81200FFE7029800013A
:10896000029001989DF8021000EB41010020487030
:10897000FFE79DF8020001308DF80200CFE703B059
:108980007047000084B00290019100920298019912
:10899000884203DAFFE7019803900AE00298009901
:1089A000884203DDFFE70098039002E002980390FD
:1089B000FFE7039804B0704780B582B042F2001020
:1089C000C2F20000019046F20041C4F200010160D1
:1089D0000321416000218160C1604FF410220261D7
:1089E0004FF4001242610176417601228276C2760E
:1089F00001774177FAF700FD18B1FFE7F9F778FE44
:108A0000FFE702B080BD000080B582B042F22810BE
:108A1000C2F20000019046F60001C4F200010160BC
:108A20000321416000218160C1604FF41022026186
:108A30004FF4001242610176417601228276C276BD
:108A400001774177FAF7D8FC18B1FFE7F9F750FE44
:108A5000FFE702B080BD000080B58CB0FFE70020CA
:108A60000B9043F63000C4F20200016841F400119B
:108A70000160006800F400100B900B98FFE7FFE71F
:108A800000200A9043F63000C4F20200016841F46D
:108A900080010160006800F480000A900A98FFE7F6
:108AA0000C2001900521079100220892FCF73CF868
:108AB0000198FCF72FF80799089A39200290FCF7E3
:108AC00033F80298FCF726F80799089A3A200390A1
:108AD000FCF72AF80398FCF71DF80799089A3B2041
:108AE0000490FCF721F80498FCF714F80799089A09
:108AF00044200590FCF718F80598FCF70BF8079947
:108B0000089A45200690FCF70FF80698FCF702F843
:108B10000799089A46200990FCF706F80998FBF790
:108B2000F9FF0CB080BD0000B0B596B04AF65C50BD
:108B3000C0F60100016842688368D0F80CC0D0F824
:108B400010E044691494CDF84CE0CDF848C011937E
:108B500010920F91806915900FA8002100910EF0DE
:108B600021F8009942F6D852C2F2000210604AF68B
:108B70004050C0F6010002684368D0F808C0D0F841
:108B80000CE0046945690D950C94CDF82CE0CDF806
:108B900028C00993089280690E9008A80EF002F888
:108BA000009942F65C42C2F2000210604AF624507C
:108BB000C0F6010002684368D0F808C0D0F80CE0A5
:108BC0000469456906950594CDF810E0CDF80CC010
:108BD000029301928069079001A80DF0E3FF42F62D
:108BE000FC31C2F20001086016B0B0BD80B5A0B083
:108BF00000201F901E901D901C901B90FFE70020EE
:108C00001A9043F63000C4F20200016841F00201FC
:108C10000160006800F002001A901A98FFE7FFE771
:108C20000020199043F63000C4F20200016841F0C0
:108C300040010160006800F0400019901998FFE7BA
:108C4000FFE70020189043F63000C4F202000168EC
:108C500041F001010160006800F0010018901898CF
:108C6000FFE7FFE70020179043F63000C4F2020050
:108C7000016841F008010160006800F008001790E9
:108C80001798FFE7FFE70020169043F63000C4F284
:108C90000200016841F004010160006800F0040076
:108CA00016901698FFE7FFE70020159043F6300076
:108CB000C4F20200016841F080010160006800F028
:108CC000800015901598FFE7FFE70020149043F609
:108CD0003000C4F20200016841F020010160006828
:108CE00000F0200014901498FFE7FFE70020139095
:108CF00043F63000C4F20200016841F01001016047
:108D0000006800F0100013901398FFE741F6000090
:108D1000C4F2020004904021019101220892FBF765
:108D200047FC41F60040C4F2020003904FF4C051EA
:108D3000029100221192FBF73BFC089A0020C4F23A
:108D40000200069010210591FBF732FC089A40F2D0
:108D50000040C4F202000A901146FBF729FC11986A
:108D6000022109911B914FF4881107911C911D90CC
:108D700041F20040C4F202001BA90B91FBF73CFA40
:108D8000019B0498089A0B991B931C921D921E92AA
:108D9000FBF732FADDF808C00398089B0B99119A8B
:108DA000CDF86CC01C931D921E92FBF725FA049817
:108DB000079B089A0B994FF0090CCDF838C0CDF8F5
:108DC0006CC01C931D92FBF717FADDF814C00698CF
:108DD000089B099A0B99CDF86CC01C931D931E92A9
:108DE000FBF70AFA079A08980B9930231B931C92F9
:108DF0001D9040F60000C4F20200FBF7FDF9089B4D
:108E0000099A0A980B991B931C931D931E92FBF7CA
:108E1000F3F9119A06200C9005211091FBF784FEBE
:108E20000C98FBF777FE1099119A07200D90FBF72D
:108E30007BFE0D98FBF76EFE0E981099119AFBF7CA
:108E400073FE0E98FBF766FE1099119A0A200F9098
:108E5000FBF76AFE0F98FBF75DFE1099119A172039
:108E60001290FBF761FE1298FBF754FE20B080BD14
:108E700080B582B042F2F030C2F20000019045F6B7
:108E80000041C4F20001016041F68021C0F20601F8
:108E9000416000218160C1604FF480420261416104
:108EA0008161C1610162FBF7A1FB18B1FFE7F9F72E
:108EB0001FFCFFE702B080BD80B582B042F62810EB
:108EC000C2F20000019043F20001C4F2010101600E
:108ED0004FF48271416000218160C1600222026111
:108EE000012242614FF4007282613822C261016244
:108EF000416281620A21C162FDF704FD18B1FFE7FA
:108F0000F9F7F6FBFFE702B080BD000080B588B03E
:108F1000002100910791069105910491039102911E
:108F2000019142F6C810C2F2000044F20042C4F2BD
:108F3000010202604160816041F28732C2600161DA
:108F40008161FEF7EDF818B1FFE7F9F7D1FBFFE714
:108F500042F6C810C2F20000FEF752FD18B1FFE75A
:108F6000F9F7C6FBFFE7602001900022029203920E
:108F7000059242F6C810C2F2000001A9FEF79EFC5D
:108F800018B1FFE7F9F7B4FBFFE742F6C810C2F2E9
:108F90000000FEF7DFFB08B080BD000080B598B090
:108FA000002101911791169115911491139112912D
:108FB000119110910F910E910D910C910B910A91BD
:108FC000099108910791069105910491039142F648
:108FD0008010C2F2000002900022C4F2010202607E
:108FE000A7224260816044F61F62C2600161416154
:108FF0008161FEF795F818B1FFE7F9F779FBFFE714
:109000004FF48050149042F68010C2F2000014A970
:10901000FEF7CCF918B1FFE7F9F76AFBFFE742F674
:109020008010C2F20000FEF7EBFC18B1FFE7F9F781
:109030005FFBFFE700201290139042F68010C2F20F
:10904000000012A9FDF7DAFF18B1FFE7F9F750FBAE
:10905000FFE760200B904FF4FA600C9000220D9215
:109060000E920F921092119242F68010C2F20000FE
:109070000BA9FEF723FC18B1FFE7F9F739FBFFE76F
:1090800042F68010C2F200000BA90422FEF716FC83
:1090900018B1FFE7F9F72CFBFFE7002003900490DD
:1090A0000590069007904FF4005108910A9042F6FF
:1090B0008010C2F2000003A9FDF746FF18B1FFE7D8
:1090C000F9F716FBFFE742F68010C2F20000FEF748
:1090D00041FB18B080BD000080B588B0002101912F
:1090E00007910691059104910391029142F658204F
:1090F000C2F2000040F60002C4F20002026044F234
:10910000A0124260816041F28832C26001618161D7
:10911000FEF706F818B1FFE7F9F7EAFAFFE74FF4B0
:109120008050049042F65820C2F2000004A9FEF7D5
:109130003DF918B1FFE7F9F7DBFAFFE700200290ED
:10914000039042F65820C2F2000002A9FDF756FF34
:1091500018B1FFE7F9F7CCFAFFE708B080BD0000CF
:1091600080B58EB0002100910D910C910B910A9168
:10917000099108910791069105910491039102913B
:10918000019142F6A020C2F2000040F60042C4F273
:1091900000020260416081604FF6FF72C2600161AF
:1091A0008161FDF7BDFF18B1FFE7F9F7A1FAFFE70D
:1091B0004FF480500A9042F6A020C2F200000AA9A3
:1091C000FEF7F4F818B1FFE7F9F792FAFFE742F675
:1091D000A020C2F20000FEF713FC18B1FFE7F9F778
:1091E00087FAFFE700200890099042F6A020C2F21B
:1091F000000008A9FDF702FF18B1FFE7F9F778FAB8
:10920000FFE760200190002202920392059242F64D
:10921000A020C2F2000001A9FEF750FB18B1FFE741
:10922000F9F766FAFFE742F6A020C2F2000001A9B2
:109230000422FEF743FB18B1FFE7F9F759FAFFE7FD
:1092400042F6A020C2F2000001A90822FEF736FB78
:1092500018B1FFE7F9F74CFAFFE742F6A020C2F297
:109260000000FEF777FA0EB080BD000080B582B036
:1092700042F6E820C2F20000019041F20001C4F27F
:109280000101016048F2A061C0F2010141600021CA
:109290008160C1604FF4806202610C224261816191
:1092A000C161FEF739FE18B1FFE7F9F721FAFFE7D0
:1092B00002B080BD80B582B042F63030C2F200000C
:1092C000019044F60001C4F20001016048F2A0617F
:1092D000C0F2010141604FF4805181600021C16002
:1092E0004FF4806202610C2242618161C161FEF72C
:1092F00013FE18B1FFE7F9F7FBF9FFE702B080BDF5
:1093000080B582B042F67830C2F20000019041F29E
:109310000041C4F2010101604FF46121416000216C
:109320008160C16001610C2242618161C161FEF70F
:10933000F3FD18B1FFE7F9F7DBF9FFE702B080BDF5
:1093400080B541F62460C2F2000040F20C01C2F286
:109350000001002209F0A0FB18B1FFE7F9F7C8F9F6
:10936000FFE741F62460C2F2000040F22C01C2F295
:1093700000010AF095F818B1FFE7F9F7B9F9FFE72E
:1093800041F62460C2F2000040F2C801C2F20001BE
:1093900008F0F4FD18B1FFE7F9F7AAF9FFE741F685
:1093A0002460C2F200000AF005FA18B1FFE7F9F7ED
:1093B0009FF9FFE780BD000080B592B011908DED60
:1093C000100ACDED0F0A8DED0E1ACDED0D1A8DEDB3
:1093D0000C2ACDED0B2A9DED0D0AB5EE400AF1EEFB
:1093E00010FA11D1FFE79DED0C0AB5EE400AF1EE3F
:1093F00010FA09D1FFE79DED0B0AB5EE400AF1EE38
:1094000010FA00F02B81FFE79DED0D0A9DED0C1A7F
:1094100021EE011A20EE000A30EE011A9DED0B0A32
:1094200020EE000A30EE010A0DF038FB8DED0A0A3D
:109430009DED0A1A9DED0D0A20EE010A8DED0D0A33
:109440009DED0A1A9DED0C0A20EE010A8DED0C0A25
:109450009DED0A1A9DED0B0A20EE010A8DED0B0A17
:10946000119890ED001A90ED010A90ED023A90EDFE
:10947000032A21EE031A20EE020A30EE410A8DED96
:10948000090A119890ED000A90ED012A90ED021A58
:1094900090ED033A21EE031A20EE020A30EE010AA3
:1094A0008DED080A119890ED001A90ED030A21EE57
:1094B000011ABEEE002A31EE021A20EE000A30EE4A
:1094C000010A8DED070A9DED0C0A9DED072A9DED21
:1094D0000B1A9DED083A21EE031A20EE020A30EE37
:1094E000410A8DED060A9DED0B0A9DED092A9DEDC1
:1094F0000D1A9DED073A21EE031A20EE020A30EE16
:10950000410A8DED050A9DED0D0A9DED082A9DEDA0
:109510000C1A9DED093A21EE031A20EE020A30EEF4
:10952000410A8DED040A42F6DC50C2F2000090EDD3
:10953000000AB5EE400AF1EE10FA55DDFFE742F6FB
:10954000DC50C2F2000090ED000A9DED061A20EEFC
:10955000010A42F60042C2F2000292ED001A9FEDAB
:10956000A82A20EE020A30EE010A82ED000A90EDF0
:10957000000A9DED051A20EE010A42F60441C2F2EE
:10958000000191ED001A20EE020A30EE010A81ED91
:10959000000A90ED000A9DED041A20EE010A42F641
:1095A0000840C2F2000090ED001A20EE020A30EEF0
:1095B000010A80ED000A92ED001A9DED100A30EECE
:1095C000010A8DED100A91ED001A9DED0F0A30EEA3
:1095D000010A8DED0F0A90ED001A9DED0E0A30EE96
:1095E000010A8DED0E0A10E042F60041C2F20001C0
:1095F0000020086042F60441C2F20001086042F611
:109600000841C2F200010860FFE740F22830C2F2D0
:10961000000090ED000A9DED062A9DED101A20EE47
:10962000020A30EE010A8DED100A90ED000A9DED60
:10963000052A9DED0F1A20EE020A30EE010A8DED8B
:109640000F0A90ED000A9DED042A9DED0E1A20EE02
:10965000020A30EE010A8DED0E0AFFE79DED100AB9
:109660009FED681A20EE010A8DED100A9DED0F0A9C
:1096700020EE010A8DED0F0A9DED0E0A20EE010A83
:109680008DED0E0A119800680390119840680290C1
:109690001198806801909DED020A9DED102A9DEDC4
:1096A000011A9DED0F3A21EE031A20EE420A30EE28
:1096B000411A119890ED000A90ED032A9DED0E3AA3
:1096C00022EE032A31EE421A30EE010A80ED000A42
:1096D0009DED030A9DED102A9DED011A9DED0E3AB8
:1096E00021EE031A20EE020A30EE011A119890EDD5
:1096F000010A90ED032A9DED0F3A22EE032A31EE86
:10970000421A30EE010A80ED010A9DED030A9DED3B
:109710000F2A9DED021A9DED0E3A21EE031A20EE5E
:10972000020A30EE412A119890ED020A90ED031AD8
:109730009DED103A21EE031A31EE021A30EE010AC5
:1097400080ED020A9DED030A9DED0E2A9DED021AA1
:109750009DED0F3A21EE031A20EE020A30EE010AC7
:109760009DED011A9DED102A21EE021A30EE411AEC
:10977000119890ED030A30EE010A80ED030A11986A
:1097800090ED002A90ED013A90ED021A90ED030A57
:1097900023EE033A22EE022A32EE032A21EE011AC8
:1097A00031EE021A20EE000A30EE010A0DF076F9D1
:1097B0008DED0A0A9DED0A1A119890ED000A20EE2F
:1097C000010A80ED000A9DED0A1A119890ED010A38
:1097D00020EE010A80ED010A9DED0A1A119890ED24
:1097E000020A20EE010A80ED020A9DED0A1A119884
:1097F00090ED030A20EE010A80ED030A12B080BD4D
:109800006F12833A6F12033AFFE7FEE780B584B028
:109810000290029818B9FFE7002003904BE07420F3
:109820000EF0E8F90190019818B9FFE700200390C5
:1098300041E0029800680199086002990868C1F83F
:109840002500029890F82400019981F828000298D8
:109850008068019988600298C0680199C860029880
:10986000006901990861029840690199486102986C
:1098700080690199886101980299C1F832000299C2
:1098800049F60970C0F60000C1F82E000298253094
:10989000F7F7EAFA019948620298383001F086F940
:1098A0000199C8620298643001F080F90199086357
:1098B00001980390FFE7039804B080BD80B584B0A1
:1098C00002908DED010A029820B1FFE702988068AE
:1098D00020B9FFE700208DF80F0036E0029880796C
:1098E000D0B9FFE70198029908630299C868D1EDE1
:1098F000050A91ED0C0A00F09FFF029880ED0D0A19
:1099000002990869D1ED060A91ED0D0A00F094FF65
:10991000029880ED0E0A14E00298807901280FD198
:10992000FFE701980299486302990869D1ED060A98
:1099300091ED0D0A00F080FF029880ED0E0AFFE71E
:10994000FFE701208DF80F00FFE79DF80F0004B03E
:1099500080BD00000000000080B590B00F900F980F
:1099600008B9FFE712E10F98D0F83B000E900E986F
:10997000B0F91C0020B1FFE70E99888BC883FFE780
:109980000F9890F82C1090F82D0040EA01200E99C5
:1099900088830F9890F82E1090F82F0040EA01204D
:1099A00000B200EE100AB8EEC00A0E9880ED080A68
:1099B0000F9890F8301090F8310040EA01200E998D
:1099C000C8840F9890F8320000EE100AB8EE400AF2
:1099D0000E9880ED0A0A0E9890ED080A90F82C1067
:1099E00001EE101AB8EEC11A80EE010A80ED060AE7
:1099F00000200D900C900E99B1F91C00B1F91E10C9
:109A0000884211DAFFE70E99B1F91C00B1F91E1076
:109A1000401A00F500500D900E99B1F91C00B1F9F3
:109A20001E10401A0C9010E00E99B1F91C00B1F90B
:109A30001E10401A0D900E99B1F91C00B1F91E10BC
:109A4000401AA0F500500C90FFE70D9809900028EF
:109A50000A9002D5099840420A900A9806900C98FC
:109A600007900028089002D5079840420890069871
:109A70000899884206DAFFE70D9A0E99888C1044FF
:109A8000888405E00C9A0E99888C10448884FFE73E
:109A90000E98808C00B204900028059002D504989E
:109AA00040420590059800EE100AB8EEC00A9FEDFE
:109AB0003C1AB4EE410AF1EE10FA04DDFFE70E990C
:109AC00000208884FFE70E98B0F92400B0F1FF3F32
:109AD0000FDCFFE70E9890F82C00400300EE100A10
:109AE000B8EEC01A9DED0B0A30EE010A8DED0B0A9F
:109AF00018E00E99B1F9240091F82C10B0EB413F19
:109B00000FDDFFE70E9890F82C00400300EE100ADE
:109B1000B8EEC01A9DED0B0A30EE410A8DED0B0A2E
:109B2000FFE7FFE70B9811F04FF841EC100B9FEDAA
:109B3000181B53EC112B51EC100B10F059FE41EC9B
:109B4000100B8DED000B0E98039090F82C0010F088
:109B5000C0FD9DED001B41EC100B51EC110B53ECC3
:109B6000102B10F0EFFB41EC100B51EC100B9FEDA4
:109B70000A0B53EC102B10F031FB41EC100B51ECA5
:109B8000100B10F0F9FA03994861FFE710B080BD9F
:109B90002CA7B17BFA21493F182D4454FB2109C061
:109BA000FAFF7F4B84B00390029101920020009055
:109BB000FFE7009842F6C131C2F2000109788842FD
:109BC00073DAFFE7009942F62C40C2F2000050F829
:109BD0002100806840680299884261D1FFE70099BE
:109BE00042F62C40C2F2000050F821008068008C40
:109BF0000399884254D1FFE7009942F62C40C2F203
:109C0000000050F821004079042824DCFFE7009987
:109C100042F62C40C2F2000050F8213093ED0E0ABB
:109C2000BDEEC00A10EE101A090A019A5B7902EB28
:109C3000430202F8021C009950F8212092ED0E0A0E
:109C4000BDEEC00A10EE100A0199527901EB4201F3
:109C500001F8010C23E0009942F62C40C2F200000A
:109C600050F8213093ED0E0ABDEEC00A10EE101A26
:109C7000090A019A5B7902EB430202F80A1C009977
:109C800050F8212092ED0E0ABDEEC00A10EE100A27
:109C90000199527901EB420101F8090CFFE7FFE756
:109CA000FFE700980130009083E7012004B070477F
:109CB00080B584B00290029840B1FFE742F6C1300F
:109CC000C2F2000000780C2803DBFFE700200390BD
:109CD00062E03C2000900DF08DFF0099019001980A
:109CE000F6F7FEFB02980068019908600298007977
:109CF0000199087102984079019988710298007E53
:109D0000019981F82C000298007930B9FFE7029898
:109D1000C08904380199487104E00298C08901990A
:109D20004871FFE702981C3000F040FF0199C860BD
:109D30000298483000F03AFF0199086102990868DA
:109D4000C1F80700029949F65910C0F600000861F1
:109D500001980299486102980730F7F785F8019950
:109D600088600198806830B9FFE701980EF0E8FA42
:109D70000020039010E0019842F6C133C2F20003C4
:109D80001A78511C197042F62C41C2F2000141F8B8
:109D9000220001980390FFE7039804B080BD000003
:109DA00080B582B00090009820B1FFE700988068ED
:109DB00020B9FFE700208DF8070014E000988268C2
:109DC000108C51682232FFF7EDFE00988068F7F79B
:109DD000EFFA20B1FFE701208DF8070003E0002033
:109DE0008DF80700FFE79DF8070002B080BD000076
:109DF00083B001908DF80310019848B1FFE70198F6
:109E0000406A28B1FFE79DF80300042804DBFFE760
:109E100000208DF80B0014E00198416A9DF80320A2
:109E200040F23E10C2F2000000EBC2035B68C1F8D2
:109E3000263050F83200C1F8220001208DF80B00C6
:109E4000FFE79DF80B0003B07047000080B584B0B9
:109E500002908DED010A029850B1FFE70298406A26
:109E600030B1FFE7029890F83400012804D0FFE7F2
:109E700000208DF80F0043E00298416A0020C1F8ED
:109E80002600C1F82200029890F82800D0B9FFE718
:109E90000198029988660299C86AD1ED140A91ED79
:109EA0001A0A00F0C9FC029880ED1B0A0299086B9F
:109EB000D1ED150A91ED1B0A00F0BEFC029880ED71
:109EC0001C0A19E0029890F8280001280FD1FFE73A
:109ED00001980299C8660299086BD1ED150A91EDB7
:109EE0001B0A00F0A9FC029880ED1C0A03E0002088
:109EF0008DF80F0004E0FFE701208DF80F00FFE769
:109F00009DF80F0004B080BD80B58CB00B900B980D
:109F100008B9FFE7ECE00B982C300A900B98D0F8CA
:109F20003B0009900A9800780009099981F83400EB
:109F30000A98B0F8010040BA099988630A99C8786C
:109F40000979000140EA11100999C8630A9801795A
:109F5000407901F00F0140EA01200999086409994C
:109F6000C86C48640999086D88640999886BD1EDBB
:109F7000020AB1EE600A10210EF03AF8099880ED5D
:109F8000130A099890ED130AF6F77EFB099880ED05
:109F9000140A0999C86BD1ED030AB1EE600A0C21CD
:109FA00006910EF025F80699099880ED150A099A90
:109FB000106CD2ED040AB1EE600A0EF019F809989F
:109FC00080ED160A0A98807900EE100AB8EE400A71
:109FD000099880ED170A0A98C07900EE100AB8EEC9
:109FE000400A099880ED180A002008900790099807
:109FF00090ED111A90ED130AB4EE410AF1EE10FA49
:10A000001BDAFFE7099890ED022A90ED111A90ED06
:10A01000130A30EE020A30EE410ABDEEC00A8DEDA1
:10A02000080A099890ED111A90ED130A30EE410AD2
:10A03000BDEEC00A8DED070A1AE0099890ED111ADD
:10A0400090ED130A30EE410ABDEEC00A8DED080A0C
:10A05000099890ED022A90ED111A90ED130A30EE56
:10A06000420A30EE410ABDEEC00A8DED070AFFE755
:10A07000089804900028059002D504984042059065
:10A0800005980190079802900028039002D5029845
:10A09000404203900198039988420CDAFFE79DED56
:10A0A000080AB8EEC01A099890ED190A30EE010AB4
:10A0B00080ED190A0BE09DED070AB8EEC01A099869
:10A0C00090ED190A30EE010A80ED190AFFE70998B0
:10A0D00090ED190AB0EEC00A9FED061AB4EE410ADF
:10A0E000F1EE10FA04DDFFE7099900204866FFE76A
:10A0F0000CB080BDFAFF7F4B80B58CB007A90391EF
:10A10000014603980A9180ED020AC0ED010A80ED34
:10A11000001A0A9850B1FFE70A98406A30B1FFE789
:10A120000A9890F83400012804D0FFE700208DF849
:10A130002F0083E0039890ED020A0A9890ED021A2E
:10A14000F1EE410A10200CF013FA01460398ADF825
:10A150001A1090ED010A0A9890ED031AF1EE410AE7
:10A160000C2002900CF004FA01460298ADF8181089
:10A170000A9991ED051A91ED070ADFED320ACDED4E
:10A18000010A0CF0F5F9DDED010A01460298ADF87F
:10A1900016100A9991ED061A91ED080A0CF0E8F9EB
:10A1A000039902460298ADF8142091ED000A0A992D
:10A1B00091ED041AF1EE410A0CF0DAF9ADF8120053
:10A1C0009DF81B000A99496A81F822009DF81A003F
:10A1D0000A99496A81F82300BDF8180000090A9914
:10A1E000496A81F82400BDF818109DF8170040EA6C
:10A1F00001100A99496A81F825009DF816000A990C
:10A20000496A81F82600BDF8140000090A99496AD4
:10A2100081F82700BDF814109DF8130040EA0110E2
:10A220000A99496A81F828009DF812000A99496A3A
:10A2300081F8290001208DF82F00FFE79DF82F00FD
:10A240000CB080BD0000000080B582B00090009886
:10A2500020B1FFE70098406A20B9FFE700208DF8A1
:10A26000070006E00098406AF7F7A2F88DF80700AB
:10A27000FFE79DF8070002B080BD0000FFE7FEE7A2
:10A2800088B0079006910592079800F007000490A7
:10A290000498C0F10700052803D3FFE704200190CC
:10A2A00004E00498C0F107000190FFE701980390D3
:10A2B00004980430062803D8FFE70020009003E04C
:10A2C000049803380090FFE70098029006980399DD
:10A2D000012202FA01F101390840029B98400599D8
:10A2E0009A40013A1140084308B0704780B542F2E5
:10A2F0004440C2F20000FAF723FF80BD80B586B06B
:10A3000005900491059800680390039802900398C3
:10A31000006C01900298049900EB4110D0F8080BF2
:10A320000090019843F20B01C4F6547188420FD398
:10A33000FFE79DF801000006002809D5FFE7029815
:10A34000049900EB41114FF40040C1F8080BFFE7FE
:10A350000598FBF713FD019843F20B01C4F6547105
:10A3600088420DD3FFE705988079012808D1FFE7DF
:10A370000599086801F29C4201210AF033F8FFE7D1
:10A38000002006B080BD000080B588B0079006911F
:10A39000079800680490049803900498006C029059
:10A3A0000398069900EB4110D0F8080B019007982C
:10A3B0008079012840F08180FFE79DF804000007C4
:10A3C000002818D5FFE7029843F20B01C4F6547138
:10A3D00088420FD3FFE79DF805000006002809D545
:10A3E000FFE70398069900EB41114FF40040C1F8D4
:10A3F000080BFFE760E09DF804008006002808D500
:10A40000FFE70398069900EB41112020C1F8080BE3
:10A4100051E09DF8040010F0280F4AD1FFE70298A0
:10A4200043F20B01C4F6547188420FD3FFE79DF845
:10A4300005000006002809D5FFE70398069900EB00
:10A4400041114FF40040C1F8080B31E0079806991C
:10A4500001EBC10100EB810000F515700590059836
:10A46000006A0399069A01EB4211D1F8101B6FF3B1
:10A47000DF41401A05994861069898B9FFE70598A9
:10A48000006940B9FFE70799086801F29C42012181
:10A4900009F0A8FF05E00599C8684A691044C8603A
:10A4A000FFE7FFE707989DF81810FAF7DDFBFFE7D5
:10A4B00000E0FFE7FFE7FFE747E0029843F20A11F9
:10A4C000C4F65471884224D1FFE79DF805000006C8
:10A4D000002809D5FFE70398069900EB41114FF4D6
:10A4E0000040C1F8080B13E09DF804008006002826
:10A4F00008D5FFE70398069900EB41112020C1F829
:10A50000080BFFE707989DF81810FAF7ADFBFFE777
:10A510001AE0069890B9FFE70798069901EBC10188
:10A5200000EB8100D0F8640240B9FFE707990868A2
:10A5300001F29C42002109F055FFFFE707989DF8C2
:10A540001810FAF791FBFFE7FFE7002008B080BD85
:10A5500080B58CB00A9009910A9800680890089814
:10A5600007900A98099901EBC10100EB81001430B2
:10A570000690069801694069884204D9FFE70120E6
:10A580008DF82F0079E0069908694969401A05900D
:10A59000059806998968884204D9FFE7069880687B
:10A5A0000590FFE70598033080080490FFE70798BF
:10A5B000099900EB4110D0F8180981B2049A0020E3
:10A5C000914202900FD3FFE706980269416900208B
:10A5D0009142029007D2FFE706980069002818BF51
:10A5E00001200290FFE70298C00770B3FFE70699C9
:10A5F00008694969401A0590059806998968884252
:10A6000004D9FFE7069880680590FFE705980330B6
:10A610008008049008980699C9689DF82420BDF820
:10A620001430DDF828C09CF806C0EE46CEF800C015
:10A630000AF04EFD059A0699C8681044C860059A4C
:10A640000699486910444861B1E706990869496963
:10A6500088420ED8FFE7099800F00F0101208840DA
:10A660000390039A0799D1F834089043C1F834084D
:10A67000FFE700208DF82F00FFE79DF82F000CB0BA
:10A6800080BD000080B584B003908DED020ACDED51
:10A69000010A029803994861019803998861039916
:10A6A000C8690862039890ED050A90ED061A30EE2D
:10A6B000410A80ED070A039890ED000A90ED071A11
:10A6C00020EE010A80ED090A039890ED010A90ED51
:10A6D000072A90ED0A1A20EE020A30EE010A80EDF8
:10A6E0000A0A039890ED020A90ED071A90ED082AE5
:10A6F00031EE421A20EE010A80ED0B0A039890ED2C
:10A70000030A90ED0A1ABDEEC11A11EE100AB1EE5D
:10A71000401ABDEEC11A11EE101ABDEEC00A10EEBD
:10A72000102AFEF72FF900EE100AB8EEC00A0398BF
:10A7300080ED0A0A039890ED090A90ED0A2A90ED3F
:10A740000B1A30EE020A30EE010A80ED0C0A039873
:10A7500090ED040A90ED0C1ABDEEC11A11EE100A2C
:10A76000B1EE401ABDEEC11A11EE101ABDEEC00ACC
:10A7700010EE102AFEF706F900EE100AB8EEC00A35
:10A78000039880ED0C0A039890ED0C0A04B080BD8C
:10A7900086B005908DED040ACDED030A8DED021A09
:10A7A000CDED011A8DED002A0498059908600398F3
:10A7B0000599486002980599886001980599C860D4
:10A7C00000980599086106B070470000000000007D
:10A7D000EFF30980BFF36F8F154B1A681EF0100F4F
:10A7E00008BF20ED108A20E9F04F10602DE9090024
:10A7F0004FF0500080F31188BFF34F8FBFF36F8F7E
:10A800000EF0FCF84FF0000080F31188BDE809005D
:10A8100019680868B0E8F04F1EF0100F08BFB0ECE0
:10A82000108A80F30988BFF36F8F704700BF00BFA5
:10A83000282D00200000000080B58CB00B908DED1D
:10A840000A0ACDED090A0A980B99C86209980B9972
:10A8500048630B9890ED070AB5EE400AF1EE10FA46
:10A8600004D0FFE70B9800F05FF9FFE70B9890ED3D
:10A870000B0A90ED0D1A30EE410A80ED0F0A0B988D
:10A8800090ED061A90ED0F0AB0EEC00AB4EE410A40
:10A89000F1EE10FA04DAFFE70B990020C863FFE736
:10A8A0000B9890ED000A90ED0F1A20EE010A80ED52
:10A8B000110A002008900B9890ED081A90ED0F0AED
:10A8C000B0EEC00AB4EE410AF1EE10FA09DBFFE780
:10A8D0000B9890ED080AB5EE400AF1EE10FA04D19B
:10A8E000FFE74FF07E5008907AE00B9890ED081A41
:10A8F00090ED0F0AB0EEC00AB4EE410AF1EE10FA84
:10A900005CDDFFE70B9890ED091A90ED0F0AB0EEB1
:10A91000C00AB4EE410AF1EE10FA4FDAFFE70B98E5
:10A92000009090ED080A8DED040A90ED090A8DED76
:10A93000050A10EE100A10F047F90246009801923D
:10A940000A46019942EC101B8DED020BC06B10F012
:10A950003BF99DED020B41EC110B9FED5D2B50EC93
:10A96000121BC20F51EC110B62F3DF7141EC110BA2
:10A9700053EC112B51EC100B10F038F89DED041A2C
:10A980009DED050A41EC120B8DED062B30EE410AD0
:10A9900010EE100A10F018F99DED061B41EC100B9B
:10A9A00051EC110B53EC102B0FF0CCFC41EC100BC5
:10A9B00051EC100B0FF0E0FB089010E00B9890EDBD
:10A9C000091A90ED0F0AB0EEC00AB4EE410AF1EE9A
:10A9D00010FA03DBFFE700200890FFE7FFE7FFE73F
:10A9E0000B9890ED010A90ED0F2A90ED121A20EECF
:10A9F000020A9DED082A20EE020A30EE010A80EDDF
:10AA0000120A0B9890ED041A90ED120AF1EE410A29
:10AA100000F062F80B9880ED120A0B9890F828006D
:10AA200070B9FFE70B9890ED020A90ED0F1A90EDC8
:10AA3000102A31EE421A20EE010A80ED130A0DE0D1
:10AA40000B9890ED020A90ED0D2A90ED0E1A31EE62
:10AA5000421A20EE010A80ED130AFFE70B9890EDF1
:10AA6000030A90ED0B1A90ED0C2A31EE421A20EEFB
:10AA7000010A80ED140A0B9890ED110A90ED123A3C
:10AA800090ED132A90ED141A30EE030A30EE020A0C
:10AA900030EE010A80ED150A0B9890ED051A90ED45
:10AAA000150AF1EE410A00F017F80B9880ED150A2F
:10AAB0000B99C86B08640B99C86A08630B99486BBB
:10AAC00088630B9890ED150A0CB080BD00BF00BFE5
:10AAD000000000000000000084B08DED020ACDED02
:10AAE000010A8DED001A9DED020A9DED011AB4EEEA
:10AAF000410AF1EE10FA03DAFFE7019803900FE044
:10AB00009DED020A9DED001AB4EE410AF1EE10FA35
:10AB100003DDFFE70098039002E002980390FFE74F
:10AB20009DED030A04B0704782B00190019890ED4A
:10AB3000070AB0EE001A80EE010A8DED000A0198B6
:10AB400090ED0B0A90ED0D1A30EE410A9DED001AC2
:10AB5000B4EE410AF1EE10FA0ADDFFE7019890ED3C
:10AB6000071A90ED0D0A30EE010A80ED0D0A1BE088
:10AB7000019890ED0B0A90ED0D1A30EE410A9DED13
:10AB8000001AB1EE411AB4EE410AF1EE10FA0ADAF7
:10AB9000FFE7019890ED071A90ED0D0A30EE410A9B
:10ABA00080ED0D0AFFE7FFE702B0704780B584B083
:10ABB0000290029818B9FFE70020039071E0582036
:10ABC00000900DF017F8009901900198F5F788FCB6
:10ABD000019830B9FFE701980DF0B2FB0020039017
:10ABE0005FE0029800680199086002984068019946
:10ABF000486002988068019988600298C06801994D
:10AC0000C860029800690199C861029890ED050A30
:10AC100090ED061AB4EE410AF1EE10FA05DDFFE7F9
:10AC2000029880690199086104E0029840690199DD
:10AC30000861FFE702988069019948610298C0693C
:10AC400001998861029890ED090AB5EE400AF1EE8B
:10AC500010FA0BD0FFE7029890ED080A90ED091A60
:10AC6000B4EE410AF1EE10FA09DDFFE70298006A3E
:10AC7000019908620298006A0199486208E0029806
:10AC8000006A019908620298406A01994862FFE7E8
:10AC9000029890F82800019981F828000198039003
:10ACA000FFE7039804B080BD80B584B017200CF096
:10ACB000A1FF0290029818B9FFE70020039041E03D
:10ACC00002990020C1F813000861C86088604860DC
:10ACD00008600F200CF08EFF0190019830B9FFE75B
:10ACE00002980DF02DFB002003902BE0019942F615
:10ACF0003030C2F200000860019902200871019909
:10AD00001220A1F80500019947F64160C0F6010044
:10AD1000C1F8070002980199C1F80B0001980AF0E8
:10AD20008DFA0299C1F801000298D0F8010030B9FB
:10AD3000FFE702980DF004FB0020039002E0029868
:10AD40000390FFE7039804B080BD000080B586B093
:10AD500005900491039241F68800C2F20000019030
:10AD6000FFE70198007818B9FFE70AF0B1FBFFE7A9
:10AD7000FFE7EFF311804FF0200181F3118800907D
:10AD800005980499039A00F007F80290009880F360
:10AD90001188029806B080BD80B58AB009900891EC
:10ADA000079208980490099800EB400141F688004A
:10ADB000C2F2000000EBC100183003900398406914
:10ADC000029040B1FFE70298012819D0FFE70298EE
:10ADD00002282CD032E003980AF0CCFB05900598AD
:10ADE0000799884203D2FFE70020069007E0079802
:10ADF000069003980499079A0AF046FEFFE720E0C0
:10AE000003980AF0B7FB059005980799884203D28A
:10AE1000FFE70598019002E007980190FFE701988D
:10AE2000069003980499069A0AF02EFE09E003980A
:10AE30000499079A0AF0B6FD069002E000200690F9
:10AE4000FFE706980AB080BD82B080B584B0079352
:10AE500006920390029106A80090039802996A4610
:10AE600000F008F80190019804B0BDE8804002B0FD
:10AE70007047000080B5A4B023902291219207A8CA
:10AE80001B9040201C9000201D9023991F911E9024
:10AE9000FFE7229800788DF88300229801302290F5
:10AEA0009DF8830008B9FFE76DE19DF88300252830
:10AEB00040F05C81FFE70020189001201A90FFE726
:10AEC000229800788DF883009DF88300233801468E
:10AED00004910D2829D80499DFE801F01F272727BE
:10AEE0002727272717270727270F189840F0010043
:10AEF00018902298013022901AE0189840F0020031
:10AF0000189022980130229012E0189840F0040026
:10AF100018902298013022900AE0189840F008001A
:10AF2000189022980130229002E000201A90FFE74A
:10AF3000FFE71A980028C3D1FFE700201790FFE72A
:10AF4000229800788DF883009DF88300302805DB77
:10AF5000FFE79DF883003A2801DBFFE710E0229825
:10AF600001302290179800EB80019DF8830000EBE0
:10AF7000410030381790FFE701200028E0D1FFE7BB
:10AF800000201990229800788DF883009DF88300A6
:10AF90002E2825D1FFE7229801302290FFE7229842
:10AFA00000788DF883009DF88300302805DBFFE7EB
:10AFB0009DF883003A2801DBFFE710E0229801307A
:10AFC0002290199800EB80019DF8830000EB41006E
:10AFD00030381990FFE701200028E0D1FFE7FFE7B4
:10AFE000229800788DF88300FFE79DF883006C2895
:10AFF00005D0FFE79DF88300682808D1FFE7229875
:10B0000001302290229800788DF8830000E004E05F
:10B01000FFE701200028E8D1FFE79DF88300014603
:10B020000391252800F09880FFE7039858284FD017
:10B03000FFE70398632814D0FFE7039864281FD024
:10B04000FFE70398702876D0FFE70398732853D062
:10B05000FFE70398752827D0FFE70398782837D0B3
:10B060007FE0219A1068011D116000681A901A98FB
:10B070008DF81B009DF81B101BA80AF057FC71E00F
:10B08000219A1068011D116000681A901A99199B85
:10B090001798DDF860C06A46C2F804C010601BA8AB
:10B0A0000A220AF087FA5DE0219A1068011D1160FA
:10B0B00000681A901A99199B1798DDF860C06A46C3
:10B0C000C2F804C010601BA80A220AF059FB49E02C
:10B0D000219A1068011D116000681A901A99199B35
:10B0E0001798DDF860C06A46C2F804C010601BA85B
:10B0F00010220AF045FB35E0219A1068011D11600D
:10B1000000680590FFE7059800788DF883000598A2
:10B11000013005909DF8830008B9FFE70AE09DF82B
:10B1200083101BA80AF002FCFFE71E98B0F1FF3F56
:10B13000E9DCFFE716E0219A1068011D1160006844
:10B140001A901A99684600224260082303601BA8DF
:10B1500010220AF015FB05E01BA825210AF0E6FBEA
:10B1600000E0FFE722980130229005E09DF883106F
:10B170001BA80AF0DBFBFFE7FFE71E98B0F1FF3FDB
:10B180003FF787AEFFE71E9801280EDBFFE71D980B
:10B1900030B1FFE723981D9A07A9FFF7D7FDFFE716
:10B1A0001D991E9808441E90FFE71E9824B080BD8C
:10B1B000ADF23C7DCDF83807CDF83417ADF8322725
:10B1C00042F25010C2F200000168086820F001004D
:10B1D000086042F2B010C2F200000168086820F076
:10B1E00001000860FFE742F25010C2F20000006860
:10B1F0000068C00750B1FFE742F25010C2F20000F1
:10B200000168086820F001000860ECE7FFE742F2FF
:10B21000B010C2F2000000680068C00750B1FFE73C
:10B2200042F2B010C2F200000168086820F001008C
:10B230000860ECE742F62810C2F20000C06C00681B
:10B2400046F25941C4F202018842C0F01081FFE782
:10B2500042F62810C2F20000C06C006846F21001ED
:10B26000C4F20201884204D1FFE72020CDF82C0768
:10B27000F5E042F62810C2F20000C06C006846F209
:10B280001041C4F20201884204D1FFE72020CDF82A
:10B290002807DFE042F62810C2F20000C06C006808
:10B2A00046F27001C4F20201884204D1FFE7202077
:10B2B000CDF82407C9E042F62810C2F20000C06CA5
:10B2C000006846F27041C4F20201884204D1FFE7EF
:10B2D0002020CDF82007B3E042F62810C2F200008B
:10B2E000C06C006846F22801C4F20201884205D110
:10B2F000FFE74FF40060CDF81C079CE042F62810F1
:10B30000C2F20000C06C006846F22841C4F202019B
:10B31000884205D1FFE74FF40060CDF8180785E0BB
:10B3200042F62810C2F20000C06C006846F28801A4
:10B33000C4F20201884205D1FFE74FF40060CDF866
:10B3400014076EE042F62810C2F20000C06C0068DC
:10B3500046F28841C4F20201884205D1FFE74FF46A
:10B360000060CDF8100757E042F62810C2F2000046
:10B37000C06C006846F24001C4F20201884205D167
:10B38000FFE74FF40010CDF80C0740E042F628101C
:10B39000C2F20000C06C006846F24041C4F20201F3
:10B3A000884205D1FFE74FF40010CDF8080729E0E7
:10B3B00042F62810C2F20000C06C006846F2A001FC
:10B3C000C4F20201884205D1FFE74FF40010CDF826
:10B3D000040712E042F62810C2F20000C06C0168B7
:10B3E00046F2A042C4F202024FF00060914208BF50
:10B3F0004FF40010CDF80407FFE7DDF80407CDF89F
:10B400000807FFE7DDF80807CDF80C07FFE7DDF8D0
:10B410000C07CDF81007FFE7DDF81007CDF814078B
:10B42000FFE7DDF81407CDF81807FFE7DDF8180788
:10B43000CDF81C07FFE7DDF81C07CDF82007FFE774
:10B44000DDF82007CDF82407FFE7DDF82407CDF865
:10B450002807FFE7DDF82807CDF82C07FFE7DDF820
:10B460002C0746F20C41C4F20201086056E342F692
:10B470002810C2F20000C06C006846F2B901C4F2A4
:10B4800002018842C0F01281FFE742F62810C2F2A2
:10B490000000C06C006846F21001C4F2020188424C
:10B4A00004D1FFE72020CDF80007F5E042F6281090
:10B4B000C2F20000C06C006846F21041C4F2020102
:10B4C000884204D1FFE72020CDF8FC06DFE042F6F9
:10B4D0002810C2F20000C06C006846F27001C4F28D
:10B4E0000201884204D1FFE72020CDF8F806C9E028
:10B4F00042F62810C2F20000C06C006846F27041AB
:10B50000C4F20201884204D1FFE72020CDF8F406FE
:10B51000B3E042F62810C2F20000C06C006846F2A8
:10B520002801C4F20201884205D1FFE74FF4006010
:10B53000CDF8F0069CE042F62810C2F20000C06C84
:10B54000006846F22841C4F20201884205D1FFE7B3
:10B550004FF40060CDF8EC0685E042F62810C2F208
:10B560000000C06C006846F28801C4F20201884203
:10B5700005D1FFE74FF40060CDF8E8066EE042F633
:10B580002810C2F20000C06C006846F28841C4F284
:10B590000201884205D1FFE74FF40060CDF8E406D0
:10B5A00057E042F62810C2F20000C06C006846F274
:10B5B0004001C4F20201884205D1FFE74FF40010B8
:10B5C000CDF8E00640E042F62810C2F20000C06C60
:10B5D000006846F24041C4F20201884205D1FFE70B
:10B5E0004FF40010CDF8DC0629E042F62810C2F234
:10B5F0000000C06C006846F2A001C4F2020188425B
:10B6000005D1FFE74FF40010CDF8D80612E042F65E
:10B610002810C2F20000C06C016846F2A042C4F2D9
:10B6200002024FF00060914208BF4FF40010CDF8C5
:10B63000D806FFE7DDF8D806CDF8DC06FFE7DDF831
:10B64000DC06CDF8E006FFE7DDF8E006CDF8E4061D
:10B65000FFE7DDF8E406CDF8E806FFE7DDF8E806E9
:10B66000CDF8EC06FFE7DDF8EC06CDF8F006FFE7D5
:10B67000DDF8F006CDF8F406FFE7DDF8F406CDF8C6
:10B68000F806FFE7DDF8F806CDF8FC06FFE7DDF881
:10B69000FC06CDF80007FFE7DDF8000746F2084199
:10B6A000C4F202010860CDF8D40634E242F6281054
:10B6B000C2F20000C06C006846F25901C4F20201F7
:10B6C0008842C0F01281FFE742F62810C2F2000063
:10B6D000C06C006846F21001C4F20201884204D135
:10B6E000FFE72020CDF8D006F5E042F62810C2F2A0
:10B6F0000000C06C006846F21041C4F202018842AA
:10B7000004D1FFE72020CDF8CC06DFE042F6281078
:10B71000C2F20000C06C006846F27001C4F202017F
:10B72000884204D1FFE72020CDF8C806C9E042F6E0
:10B730002810C2F20000C06C006846F27041C4F2EA
:10B740000201884204D1FFE72020CDF8C406B3E00F
:10B7500042F62810C2F20000C06C006846F22801D0
:10B76000C4F20201884205D1FFE74FF40060CDF832
:10B77000C0069CE042F62810C2F20000C06C0068CF
:10B7800046F22841C4F20201884205D1FFE74FF496
:10B790000060CDF8BC0685E042F62810C2F2000039
:10B7A000C06C006846F28801C4F20201884205D1EB
:10B7B000FFE74FF40060CDF8B8066EE042F62810BF
:10B7C000C2F20000C06C006846F28841C4F2020177
:10B7D000884205D1FFE74FF40060CDF8B40657E08A
:10B7E00042F62810C2F20000C06C006846F2400128
:10B7F000C4F20201884205D1FFE74FF40010CDF8F2
:10B80000B00640E042F62810C2F20000C06C0068AA
:10B8100046F24041C4F20201884205D1FFE74FF4ED
:10B820000010CDF8AC0629E042F62810C2F2000064
:10B83000C06C006846F2A001C4F20201884205D142
:10B84000FFE74FF40010CDF8A80612E042F62810EA
:10B85000C2F20000C06C016846F2A042C4F20202CB
:10B860004FF00060914208BF4FF40010CDF8A806D9
:10B87000FFE7DDF8A806CDF8AC06FFE7DDF8AC067B
:10B88000CDF8B006FFE7DDF8B006CDF8B406FFE767
:10B89000DDF8B406CDF8B806FFE7DDF8B806CDF858
:10B8A000BC06FFE7DDF8BC06CDF8C006FFE7DDF813
:10B8B000C006CDF8C406FFE7DDF8C406CDF8C8061B
:10B8C000FFE7DDF8C806CDF8CC06FFE7DDF8CC06CB
:10B8D000CDF8D006FFE7DDF8D00646F20C01C4F241
:10B8E00002010860CDF8A40610E142F62810C2F269
:10B8F0000000C06C006846F21001C4F202018842E8
:10B9000004D1FFE72020CDF8A006F5E042F628108C
:10B91000C2F20000C06C006846F21041C4F202019D
:10B92000884204D1FFE72020CDF89C06DFE042F6F4
:10B930002810C2F20000C06C006846F27001C4F228
:10B940000201884204D1FFE72020CDF89806C9E023
:10B9500042F62810C2F20000C06C006846F2704146
:10B96000C4F20201884204D1FFE72020CDF89406FA
:10B97000B3E042F62810C2F20000C06C006846F244
:10B980002801C4F20201884205D1FFE74FF40060AC
:10B99000CDF890069CE042F62810C2F20000C06C80
:10B9A000006846F22841C4F20201884205D1FFE74F
:10B9B0004FF40060CDF88C0685E042F62810C2F204
:10B9C0000000C06C006846F28801C4F2020188429F
:10B9D00005D1FFE74FF40060CDF888066EE042F62F
:10B9E0002810C2F20000C06C006846F28841C4F220
:10B9F0000201884205D1FFE74FF40060CDF88406CC
:10BA000057E042F62810C2F20000C06C006846F20F
:10BA10004001C4F20201884205D1FFE74FF4001053
:10BA2000CDF8800640E042F62810C2F20000C06C5B
:10BA3000006846F24041C4F20201884205D1FFE7A6
:10BA40004FF40010CDF87C0629E042F62810C2F22F
:10BA50000000C06C006846F2A001C4F202018842F6
:10BA600005D1FFE74FF40010CDF8780612E042F65A
:10BA70002810C2F20000C06C016846F2A042C4F275
:10BA800002024FF00060914208BF4FF40010CDF861
:10BA90007806FFE7DDF87806CDF87C06FFE7DDF8ED
:10BAA0007C06CDF88006FFE7DDF88006CDF8840639
:10BAB000FFE7DDF88406CDF88806FFE7DDF88806A5
:10BAC000CDF88C06FFE7DDF88C06CDF89006FFE791
:10BAD000DDF89006CDF89406FFE7DDF89406CDF882
:10BAE0009806FFE7DDF89806CDF89C06FFE7DDF83D
:10BAF0009C06CDF8A006FFE7DDF8A00646F2080197
:10BB0000C4F202010860CDF8A406FFE7DDF8A40640
:10BB1000CDF8D406FFE7DDF8D406FFE742F628109B
:10BB2000C2F20000C06C006846F25941C4F2020142
:10BB30008842C0F01081FFE742F62810C2F20000F0
:10BB4000C06C006846F21001C4F20201884204D1C0
:10BB5000FFE71020CDF87406F5E042F62810C2F297
:10BB60000000C06C006846F21041C4F20201884235
:10BB700004D1FFE71020CDF87006DFE042F6281070
:10BB8000C2F20000C06C006846F27001C4F202010B
:10BB9000884204D1FFE71020CDF86C06C9E042F6D8
:10BBA0002810C2F20000C06C006846F27041C4F276
:10BBB0000201884204D1FFE71020CDF86806B3E007
:10BBC00042F62810C2F20000C06C006846F228015C
:10BBD000C4F20201884205D1FFE74FF48060CDF83E
:10BBE00064069CE042F62810C2F20000C06C0068B7
:10BBF00046F22841C4F20201884205D1FFE74FF422
:10BC00008060CDF8600685E042F62810C2F20000A0
:10BC1000C06C006846F28801C4F20201884205D176
:10BC2000FFE74FF48060CDF85C066EE042F6281026
:10BC3000C2F20000C06C006846F28841C4F2020102
:10BC4000884205D1FFE74FF48060CDF8580657E0F1
:10BC500042F62810C2F20000C06C006846F24001B3
:10BC6000C4F20201884205D1FFE74FF48010CDF8FD
:10BC7000540640E042F62810C2F20000C06C006892
:10BC800046F24041C4F20201884205D1FFE74FF479
:10BC90008010CDF8500629E042F62810C2F20000CC
:10BCA000C06C006846F2A001C4F20201884205D1CE
:10BCB000FFE74FF48010CDF84C0612E042F6281052
:10BCC000C2F20000C06C016846F2A042C4F2020257
:10BCD0004FF08060914208BF4FF48010CDF84C06C1
:10BCE000FFE7DDF84C06CDF85006FFE7DDF850061B
:10BCF000CDF85406FFE7DDF85406CDF85806FFE707
:10BD0000DDF85806CDF85C06FFE7DDF85C06CDF8F7
:10BD10006006FFE7DDF86006CDF86406FFE7DDF8B2
:10BD20006406CDF86806FFE7DDF86806CDF86C0616
:10BD3000FFE7DDF86C06CDF87006FFE7DDF870066A
:10BD4000CDF87406FFE7DDF8740646F20C41C4F244
:10BD50000201086056E342F62810C2F20000C06CEF
:10BD6000006846F2B901C4F202018842C0F01281B3
:10BD7000FFE742F62810C2F20000C06C006846F2ED
:10BD80001001C4F20201884204D1FFE71020CDF86F
:10BD90004806F5E042F62810C2F20000C06C0068C8
:10BDA00046F21041C4F20201884204D1FFE710209C
:10BDB000CDF84406DFE042F62810C2F20000C06C65
:10BDC000006846F27001C4F20201884204D1FFE724
:10BDD0001020CDF84006C9E042F62810C2F200005B
:10BDE000C06C006846F27041C4F20201884204D17E
:10BDF000FFE71020CDF83C06B3E042F62810C2F26F
:10BE00000000C06C006846F22801C4F202018842BA
:10BE100005D1FFE74FF48060CDF838069CE042F68C
:10BE20002810C2F20000C06C006846F22841C4F23B
:10BE30000201884205D1FFE74FF48060CDF8340657
:10BE400085E042F62810C2F20000C06C006846F29D
:10BE50008801C4F20201884205D1FFE74FF48060F7
:10BE6000CDF830066EE042F62810C2F20000C06C39
:10BE7000006846F28841C4F20201884205D1FFE71A
:10BE80004FF48060CDF82C0657E042F62810C2F23D
:10BE90000000C06C006846F24001C4F20201884212
:10BEA00005D1FFE74FF48010CDF8280640E042F6B8
:10BEB0002810C2F20000C06C006846F24041C4F293
:10BEC0000201884205D1FFE74FF48010CDF8240627
:10BED00029E042F62810C2F20000C06C006846F269
:10BEE000A001C4F20201884205D1FFE74FF480109F
:10BEF000CDF8200612E042F62810C2F20000C06C15
:10BF0000016846F2A042C4F202024FF08060914202
:10BF100008BF4FF48010CDF82006FFE7DDF82006BB
:10BF2000CDF82406FFE7DDF82406CDF82806FFE764
:10BF3000DDF82806CDF82C06FFE7DDF82C06CDF855
:10BF40003006FFE7DDF83006CDF83406FFE7DDF810
:10BF50003406CDF83806FFE7DDF83806CDF83C06A4
:10BF6000FFE7DDF83C06CDF84006FFE7DDF84006C8
:10BF7000CDF84406FFE7DDF84406CDF84806FFE7B4
:10BF8000DDF8480646F20841C4F202010860CDF827
:10BF90001C0634E242F62810C2F20000C06C0068B1
:10BFA00046F25901C4F202018842C0F01281FFE753
:10BFB00042F62810C2F20000C06C006846F2100180
:10BFC000C4F20201884204D1FFE71020CDF8180620
:10BFD000F5E042F62810C2F20000C06C006846F29C
:10BFE0001041C4F20201884204D1FFE71020CDF8CD
:10BFF0001406DFE042F62810C2F20000C06C0068B0
:10C0000046F27001C4F20201884204D1FFE7102019
:10C01000CDF81006C9E042F62810C2F20000C06C4C
:10C02000006846F27041C4F20201884204D1FFE781
:10C030001020CDF80C06B3E042F62810C2F2000042
:10C04000C06C006846F22801C4F20201884205D1A2
:10C05000FFE74FF48060CDF808069CE042F6281018
:10C06000C2F20000C06C006846F22841C4F202012E
:10C07000884205D1FFE74FF48060CDF8040685E0E3
:10C0800042F62810C2F20000C06C006846F2880137
:10C09000C4F20201884205D1FFE74FF48060CDF879
:10C0A00000066EE042F62810C2F20000C06C006884
:10C0B00046F28841C4F20201884205D1FFE74FF4FD
:10C0C0008060CDF8FC0557E042F62810C2F200006F
:10C0D000C06C006846F24001C4F20201884205D1FA
:10C0E000FFE74FF48010CDF8F80540E042F6281045
:10C0F000C2F20000C06C006846F24041C4F2020186
:10C10000884205D1FFE74FF48010CDF8F40529E00F
:10C1100042F62810C2F20000C06C006846F2A0018E
:10C12000C4F20201884205D1FFE74FF48010CDF838
:10C13000F00512E042F62810C2F20000C06C01685F
:10C1400046F2A042C4F202024FF08060914208BF62
:10C150004FF48010CDF8F005FFE7DDF8F005CDF8DD
:10C16000F405FFE7DDF8F405CDF8F805FFE7DDF8A5
:10C17000F805CDF8FC05FFE7DDF8FC05CDF8000675
:10C18000FFE7DDF80006CDF80406FFE7DDF804065A
:10C19000CDF80806FFE7DDF80806CDF80C06FFE746
:10C1A000DDF80C06CDF81006FFE7DDF81006CDF837
:10C1B0001406FFE7DDF81406CDF81806FFE7DDF8F2
:10C1C000180646F20C01C4F202010860CDF8EC0535
:10C1D00010E142F62810C2F20000C06C006846F27E
:10C1E0001001C4F20201884204D1FFE71020CDF80B
:10C1F000E805F5E042F62810C2F20000C06C0068C5
:10C2000046F21041C4F20201884204D1FFE7102037
:10C21000CDF8E405DFE042F62810C2F20000C06C61
:10C22000006846F27001C4F20201884204D1FFE7BF
:10C230001020CDF8E005C9E042F62810C2F2000057
:10C24000C06C006846F27041C4F20201884204D119
:10C25000FFE71020CDF8DC05B3E042F62810C2F26B
:10C260000000C06C006846F22801C4F20201884256
:10C2700005D1FFE74FF48060CDF8D8059CE042F689
:10C280002810C2F20000C06C006846F22841C4F2D7
:10C290000201884205D1FFE74FF48060CDF8D40554
:10C2A00085E042F62810C2F20000C06C006846F239
:10C2B0008801C4F20201884205D1FFE74FF4806093
:10C2C000CDF8D0056EE042F62810C2F20000C06C36
:10C2D000006846F28841C4F20201884205D1FFE7B6
:10C2E0004FF48060CDF8CC0557E042F62810C2F23A
:10C2F0000000C06C006846F24001C4F202018842AE
:10C3000005D1FFE74FF48010CDF8C80540E042F6B4
:10C310002810C2F20000C06C006846F24041C4F22E
:10C320000201884205D1FFE74FF48010CDF8C40523
:10C3300029E042F62810C2F20000C06C006846F204
:10C34000A001C4F20201884205D1FFE74FF480103A
:10C35000CDF8C00512E042F62810C2F20000C06C11
:10C36000016846F2A042C4F202024FF0806091429E
:10C3700008BF4FF48010CDF8C005FFE7DDF8C00519
:10C38000CDF8C405FFE7DDF8C405CDF8C805FFE723
:10C39000DDF8C805CDF8CC05FFE7DDF8CC05CDF814
:10C3A000D005FFE7DDF8D005CDF8D405FFE7DDF8CF
:10C3B000D405CDF8D805FFE7DDF8D805CDF8DC05C4
:10C3C000FFE7DDF8DC05CDF8E005FFE7DDF8E00587
:10C3D000CDF8E405FFE7DDF8E405CDF8E805FFE773
:10C3E000DDF8E80546F20801C4F202010860CDF864
:10C3F000EC05FFE7DDF8EC05CDF81C06FFE7DDF8FE
:10C400001C06FFE742F62810C2F20000C06C00686C
:10C4100046F25941C4F202018842C0F01081FFE7A0
:10C4200042F62810C2F20000C06C006846F210010B
:10C43000C4F20201884204D1FFE70820CDF8BC0510
:10C44000F5E042F62810C2F20000C06C006846F227
:10C450001041C4F20201884204D1FFE70820CDF860
:10C46000B805DFE042F62810C2F20000C06C006898
:10C4700046F27001C4F20201884204D1FFE70820AD
:10C48000CDF8B405C9E042F62810C2F20000C06C35
:10C49000006846F27041C4F20201884204D1FFE70D
:10C4A0000820CDF8B005B3E042F62810C2F2000033
:10C4B000C06C006846F22801C4F20201884205D12E
:10C4C000FFE74FF40070CDF8AC059CE042F6281071
:10C4D000C2F20000C06C006846F22841C4F20201BA
:10C4E000884205D1FFE74FF40070CDF8A80585E03C
:10C4F00042F62810C2F20000C06C006846F28801C3
:10C50000C4F20201884205D1FFE74FF40070CDF874
:10C51000A4056EE042F62810C2F20000C06C00686C
:10C5200046F28841C4F20201884205D1FFE74FF488
:10C530000070CDF8A00557E042F62810C2F20000C6
:10C54000C06C006846F24001C4F20201884205D185
:10C55000FFE74FF40020CDF89C0540E042F628109C
:10C56000C2F20000C06C006846F24041C4F2020111
:10C57000884205D1FFE74FF40020CDF8980529E067
:10C5800042F62810C2F20000C06C006846F2A0011A
:10C59000C4F20201884205D1FFE74FF40020CDF834
:10C5A000940512E042F62810C2F20000C06C016847
:10C5B00046F2A042C4F202024FF00070914208BF5E
:10C5C0004FF40020CDF89405FFE7DDF89405CDF891
:10C5D0009805FFE7DDF89805CDF89C05FFE7DDF845
:10C5E0009C05CDF8A005FFE7DDF8A005CDF8A40572
:10C5F000FFE7DDF8A405CDF8A805FFE7DDF8A805FD
:10C60000CDF8AC05FFE7DDF8AC05CDF8B005FFE7E8
:10C61000DDF8B005CDF8B405FFE7DDF8B405CDF8D9
:10C62000B805FFE7DDF8B805CDF8BC05FFE7DDF894
:10C63000BC0546F20C41C4F20201086056E342F622
:10C640002810C2F20000C06C006846F2B901C4F2C2
:10C6500002018842C0F01281FFE742F62810C2F2C0
:10C660000000C06C006846F21001C4F2020188426A
:10C6700004D1FFE70820CDF89005F5E042F6281038
:10C68000C2F20000C06C006846F21041C4F2020120
:10C69000884204D1FFE70820CDF88C05DFE042F6A0
:10C6A0002810C2F20000C06C006846F27001C4F2AB
:10C6B0000201884204D1FFE70820CDF88805C9E0CF
:10C6C00042F62810C2F20000C06C006846F27041C9
:10C6D000C4F20201884204D1FFE70820CDF88405A6
:10C6E000B3E042F62810C2F20000C06C006846F2C7
:10C6F0002801C4F20201884205D1FFE74FF400701F
:10C70000CDF880059CE042F62810C2F20000C06C13
:10C71000006846F22841C4F20201884205D1FFE7D1
:10C720004FF40070CDF87C0585E042F62810C2F287
:10C730000000C06C006846F28801C4F20201884221
:10C7400005D1FFE74FF40070CDF878056EE042F6B2
:10C750002810C2F20000C06C006846F28841C4F2A2
:10C760000201884205D1FFE74FF40070CDF874054F
:10C7700057E042F62810C2F20000C06C006846F292
:10C780004001C4F20201884205D1FFE74FF40020C6
:10C79000CDF8700540E042F62810C2F20000C06CEF
:10C7A000006846F24041C4F20201884205D1FFE729
:10C7B0004FF40020CDF86C0529E042F62810C2F2B3
:10C7C0000000C06C006846F2A001C4F20201884279
:10C7D00005D1FFE74FF40020CDF8680512E042F6DE
:10C7E0002810C2F20000C06C016846F2A042C4F2F8
:10C7F00002024FF00070914208BF4FF40020CDF8C4
:10C800006805FFE7DDF86805CDF86C05FFE7DDF8A2
:10C810006C05CDF87005FFE7DDF87005CDF87405FF
:10C82000FFE7DDF87405CDF87805FFE7DDF878055A
:10C83000CDF87C05FFE7DDF87C05CDF88005FFE746
:10C84000DDF88005CDF88405FFE7DDF88405CDF837
:10C850008805FFE7DDF88805CDF88C05FFE7DDF8F2
:10C860008C05CDF89005FFE7DDF8900546F208410C
:10C87000C4F202010860CDF8640534E242F62810E3
:10C88000C2F20000C06C006846F25901C4F2020115
:10C890008842C0F01281FFE742F62810C2F2000081
:10C8A000C06C006846F21001C4F20201884204D153
:10C8B000FFE70820CDF86005F5E042F62810C2F247
:10C8C0000000C06C006846F21041C4F202018842C8
:10C8D00004D1FFE70820CDF85C05DFE042F6281020
:10C8E000C2F20000C06C006846F27001C4F202019E
:10C8F000884204D1FFE70820CDF85805C9E042F688
:10C900002810C2F20000C06C006846F27041C4F208
:10C910000201884204D1FFE70820CDF85405B3E0B6
:10C9200042F62810C2F20000C06C006846F22801EE
:10C93000C4F20201884205D1FFE74FF40070CDF840
:10C9400050059CE042F62810C2F20000C06C00685E
:10C9500046F22841C4F20201884205D1FFE74FF4B4
:10C960000070CDF84C0585E042F62810C2F20000B8
:10C97000C06C006846F28801C4F20201884205D109
:10C98000FFE74FF40070CDF848056EE042F628103E
:10C99000C2F20000C06C006846F28841C4F2020195
:10C9A000884205D1FFE74FF40070CDF8440557E009
:10C9B00042F62810C2F20000C06C006846F2400146
:10C9C000C4F20201884205D1FFE74FF40020CDF800
:10C9D000400540E042F62810C2F20000C06C00683A
:10C9E00046F24041C4F20201884205D1FFE74FF40C
:10C9F0000020CDF83C0529E042F62810C2F20000E4
:10CA0000C06C006846F2A001C4F20201884205D160
:10CA1000FFE74FF40020CDF8380512E042F6281069
:10CA2000C2F20000C06C016846F2A042C4F20202E9
:10CA30004FF00070914208BF4FF40020CDF8380548
:10CA4000FFE7DDF83805CDF83C05FFE7DDF83C05EC
:10CA5000CDF84005FFE7DDF84005CDF84405FFE7D8
:10CA6000DDF84405CDF84805FFE7DDF84805CDF8C9
:10CA70004C05FFE7DDF84C05CDF85005FFE7DDF884
:10CA80005005CDF85405FFE7DDF85405CDF85805FD
:10CA9000FFE7DDF85805CDF85C05FFE7DDF85C053C
:10CAA000CDF86005FFE7DDF8600546F20C01C4F241
:10CAB00002010860CDF8340510E142F62810C2F2F8
:10CAC0000000C06C006846F21001C4F20201884206
:10CAD00004D1FFE70820CDF83005F5E042F6281034
:10CAE000C2F20000C06C006846F21041C4F20201BC
:10CAF000884204D1FFE70820CDF82C05DFE042F69C
:10CB00002810C2F20000C06C006846F27001C4F246
:10CB10000201884204D1FFE70820CDF82805C9E0CA
:10CB200042F62810C2F20000C06C006846F2704164
:10CB3000C4F20201884204D1FFE70820CDF82405A1
:10CB4000B3E042F62810C2F20000C06C006846F262
:10CB50002801C4F20201884205D1FFE74FF40070BA
:10CB6000CDF820059CE042F62810C2F20000C06C0F
:10CB7000006846F22841C4F20201884205D1FFE76D
:10CB80004FF40070CDF81C0585E042F62810C2F283
:10CB90000000C06C006846F28801C4F202018842BD
:10CBA00005D1FFE74FF40070CDF818056EE042F6AE
:10CBB0002810C2F20000C06C006846F28841C4F23E
:10CBC0000201884205D1FFE74FF40070CDF814054B
:10CBD00057E042F62810C2F20000C06C006846F22E
:10CBE0004001C4F20201884205D1FFE74FF4002062
:10CBF000CDF8100540E042F62810C2F20000C06CEB
:10CC0000006846F24041C4F20201884205D1FFE7C4
:10CC10004FF40020CDF80C0529E042F62810C2F2AE
:10CC20000000C06C006846F2A001C4F20201884214
:10CC300005D1FFE74FF40020CDF8080512E042F6D9
:10CC40002810C2F20000C06C016846F2A042C4F293
:10CC500002024FF00070914208BF4FF40020CDF85F
:10CC60000805FFE7DDF80805CDF80C05FFE7DDF85E
:10CC70000C05CDF81005FFE7DDF81005CDF814051B
:10CC8000FFE7DDF81405CDF81805FFE7DDF8180516
:10CC9000CDF81C05FFE7DDF81C05CDF82005FFE702
:10CCA000DDF82005CDF82405FFE7DDF82405CDF8F3
:10CCB0002805FFE7DDF82805CDF82C05FFE7DDF8AE
:10CCC0002C05CDF83005FFE7DDF8300546F2080108
:10CCD000C4F202010860CDF83405FFE7DDF8340541
:10CCE000CDF86405FFE7DDF86405FFE742F628109C
:10CCF000C2F20000C06C006846F25941C4F2020161
:10CD00008842C0F01081FFE742F62810C2F200000E
:10CD1000C06C006846F21001C4F20201884204D1DE
:10CD2000FFE70420CDF80405F5E042F62810C2F232
:10CD30000000C06C006846F21041C4F20201884253
:10CD400004D1FFE70420CDF80005DFE042F628100B
:10CD5000C2F20000C06C006846F27001C4F2020129
:10CD6000884204D1FFE70420CDF8FC04C9E042F674
:10CD70002810C2F20000C06C006846F27041C4F294
:10CD80000201884204D1FFE70420CDF8F804B3E0A3
:10CD900042F62810C2F20000C06C006846F228017A
:10CDA000C4F20201884205D1FFE74FF48070CDF84C
:10CDB000F4049CE042F62810C2F20000C06C006847
:10CDC00046F22841C4F20201884205D1FFE74FF440
:10CDD0008070CDF8F00485E042F62810C2F2000021
:10CDE000C06C006846F28801C4F20201884205D195
:10CDF000FFE74FF48070CDF8EC046EE042F62810A7
:10CE0000C2F20000C06C006846F28841C4F2020120
:10CE1000884205D1FFE74FF48070CDF8E80457E071
:10CE200042F62810C2F20000C06C006846F24001D1
:10CE3000C4F20201884205D1FFE74FF48020CDF80B
:10CE4000E40440E042F62810C2F20000C06C006822
:10CE500046F24041C4F20201884205D1FFE74FF497
:10CE60008020CDF8E00429E042F62810C2F200004C
:10CE7000C06C006846F2A001C4F20201884205D1EC
:10CE8000FFE74FF48020CDF8DC0412E042F62810D2
:10CE9000C2F20000C06C016846F2A042C4F2020275
:10CEA0004FF08070914208BF4FF48020CDF8DC0431
:10CEB000FFE7DDF8DC04CDF8E004FFE7DDF8E0048F
:10CEC000CDF8E404FFE7DDF8E404CDF8E804FFE77B
:10CED000DDF8E804CDF8EC04FFE7DDF8EC04CDF86C
:10CEE000F004FFE7DDF8F004CDF8F404FFE7DDF827
:10CEF000F404CDF8F804FFE7DDF8F804CDF8FC04FD
:10CF0000FFE7DDF8FC04CDF80005FFE7DDF80005DC
:10CF1000CDF80405FFE7DDF8040546F20C41C4F244
:10CF20000201086056E342F62810C2F20000C06C0D
:10CF3000006846F2B901C4F202018842C0F01281D1
:10CF4000FFE742F62810C2F20000C06C006846F20B
:10CF50001001C4F20201884204D1FFE70420CDF899
:10CF6000D804F5E042F62810C2F20000C06C006858
:10CF700046F21041C4F20201884204D1FFE70420C6
:10CF8000CDF8D404DFE042F62810C2F20000C06CF5
:10CF9000006846F27001C4F20201884204D1FFE742
:10CFA0000420CDF8D004C9E042F62810C2F20000F7
:10CFB000C06C006846F27041C4F20201884204D19C
:10CFC000FFE70420CDF8CC04B3E042F62810C2F20B
:10CFD0000000C06C006846F22801C4F202018842D9
:10CFE00005D1FFE74FF48070CDF8C8049CE042F60D
:10CFF0002810C2F20000C06C006846F22841C4F25A
:10D000000201884205D1FFE74FF48070CDF8C404D7
:10D0100085E042F62810C2F20000C06C006846F2BB
:10D020008801C4F20201884205D1FFE74FF4807005
:10D03000CDF8C0046EE042F62810C2F20000C06CC9
:10D04000006846F28841C4F20201884205D1FFE738
:10D050004FF48070CDF8BC0457E042F62810C2F2BD
:10D060000000C06C006846F24001C4F20201884230
:10D0700005D1FFE74FF48020CDF8B80440E042F638
:10D080002810C2F20000C06C006846F24041C4F2B1
:10D090000201884205D1FFE74FF48020CDF8B404A7
:10D0A00029E042F62810C2F20000C06C006846F287
:10D0B000A001C4F20201884205D1FFE74FF48020AD
:10D0C000CDF8B00412E042F62810C2F20000C06CA5
:10D0D000016846F2A042C4F202024FF08070914211
:10D0E00008BF4FF48020CDF8B004FFE7DDF8B004AE
:10D0F000CDF8B404FFE7DDF8B404CDF8B804FFE7D9
:10D10000DDF8B804CDF8BC04FFE7DDF8BC04CDF8C9
:10D11000C004FFE7DDF8C004CDF8C404FFE7DDF884
:10D12000C404CDF8C804FFE7DDF8C804CDF8CC048A
:10D13000FFE7DDF8CC04CDF8D004FFE7DDF8D0043C
:10D14000CDF8D404FFE7DDF8D404CDF8D804FFE728
:10D15000DDF8D80446F20841C4F202010860CDF8B7
:10D16000AC0434E242F62810C2F20000C06C006841
:10D1700046F25901C4F202018842C0F01281FFE771
:10D1800042F62810C2F20000C06C006846F210019E
:10D19000C4F20201884204D1FFE70420CDF8A804BC
:10D1A000F5E042F62810C2F20000C06C006846F2BA
:10D1B0001041C4F20201884204D1FFE70420CDF8F7
:10D1C000A404DFE042F62810C2F20000C06C006840
:10D1D00046F27001C4F20201884204D1FFE7042044
:10D1E000CDF8A004C9E042F62810C2F20000C06CDD
:10D1F000006846F27041C4F20201884204D1FFE7A0
:10D200000420CDF89C04B3E042F62810C2F20000DE
:10D21000C06C006846F22801C4F20201884205D1C0
:10D22000FFE74FF48070CDF898049CE042F6281098
:10D23000C2F20000C06C006846F22841C4F202014C
:10D24000884205D1FFE74FF48070CDF8940485E063
:10D2500042F62810C2F20000C06C006846F2880155
:10D26000C4F20201884205D1FFE74FF48070CDF887
:10D2700090046EE042F62810C2F20000C06C006814
:10D2800046F28841C4F20201884205D1FFE74FF41B
:10D290008070CDF88C0457E042F62810C2F20000EE
:10D2A000C06C006846F24001C4F20201884205D118
:10D2B000FFE74FF48020CDF8880440E042F62810C4
:10D2C000C2F20000C06C006846F24041C4F20201A4
:10D2D000884205D1FFE74FF48020CDF8840429E08F
:10D2E00042F62810C2F20000C06C006846F2A001AD
:10D2F000C4F20201884205D1FFE74FF48020CDF847
:10D30000800412E042F62810C2F20000C06C0168EE
:10D3100046F2A042C4F202024FF08070914208BF70
:10D320004FF48020CDF88004FFE7DDF88004CDF8CD
:10D330008404FFE7DDF88404CDF88804FFE7DDF816
:10D340008804CDF88C04FFE7DDF88C04CDF8900458
:10D35000FFE7DDF89004CDF89404FFE7DDF89404CE
:10D36000CDF89804FFE7DDF89804CDF89C04FFE7BA
:10D37000DDF89C04CDF8A004FFE7DDF8A004CDF8AB
:10D38000A404FFE7DDF8A404CDF8A804FFE7DDF866
:10D39000A80446F20C01C4F202010860CDF87C0436
:10D3A00010E142F62810C2F20000C06C006846F29C
:10D3B0001001C4F20201884204D1FFE70420CDF835
:10D3C0007804F5E042F62810C2F20000C06C006854
:10D3D00046F21041C4F20201884204D1FFE7042062
:10D3E000CDF87404DFE042F62810C2F20000C06CF1
:10D3F000006846F27001C4F20201884204D1FFE7DE
:10D400000420CDF87004C9E042F62810C2F20000F2
:10D41000C06C006846F27041C4F20201884204D137
:10D42000FFE70420CDF86C04B3E042F62810C2F206
:10D430000000C06C006846F22801C4F20201884274
:10D4400005D1FFE74FF48070CDF868049CE042F608
:10D450002810C2F20000C06C006846F22841C4F2F5
:10D460000201884205D1FFE74FF48070CDF86404D3
:10D4700085E042F62810C2F20000C06C006846F257
:10D480008801C4F20201884205D1FFE74FF48070A1
:10D49000CDF860046EE042F62810C2F20000C06CC5
:10D4A000006846F28841C4F20201884205D1FFE7D4
:10D4B0004FF48070CDF85C0457E042F62810C2F2B9
:10D4C0000000C06C006846F24001C4F202018842CC
:10D4D00005D1FFE74FF48020CDF8580440E042F634
:10D4E0002810C2F20000C06C006846F24041C4F24D
:10D4F0000201884205D1FFE74FF48020CDF85404A3
:10D5000029E042F62810C2F20000C06C006846F222
:10D51000A001C4F20201884205D1FFE74FF4802048
:10D52000CDF8500412E042F62810C2F20000C06CA0
:10D53000016846F2A042C4F202024FF080709142AC
:10D5400008BF4FF48020CDF85004FFE7DDF8500409
:10D55000CDF85404FFE7DDF85404CDF85804FFE794
:10D56000DDF85804CDF85C04FFE7DDF85C04CDF885
:10D570006004FFE7DDF86004CDF86404FFE7DDF840
:10D580006404CDF86804FFE7DDF86804CDF86C04A6
:10D59000FFE7DDF86C04CDF87004FFE7DDF87004F8
:10D5A000CDF87404FFE7DDF87404CDF87804FFE7E4
:10D5B000DDF8780446F20801C4F202010860CDF8F3
:10D5C0007C04FFE7DDF87C04CDF8AC04FFE7DDF870
:10D5D000AC04FFE742F62810C2F20000C06C0068FD
:10D5E00046F25941C4F202018842C0F00C81FFE7C3
:10D5F00042F62810C2F20000C06C006846F210012A
:10D60000C4F20201884204D1FFE70120CDF84C04A6
:10D61000F1E042F62810C2F20000C06C006846F249
:10D620001041C4F20201884204D1FFE70120CDF885
:10D630004804DBE042F62810C2F20000C06C00682B
:10D6400046F27001C4F20201884204D1FFE70120D2
:10D65000CDF84404C5E042F62810C2F20000C06CC8
:10D66000006846F27041C4F20201884204D1FFE72B
:10D670000120CDF84004AFE042F62810C2F20000CD
:10D68000C06C006846F22801C4F20201884204D14D
:10D69000FFE74020CDF83C0499E042F62810C2F2A2
:10D6A0000000C06C006846F22841C4F202018842C2
:10D6B00004D1FFE74020CDF8380483E042F628107B
:10D6C000C2F20000C06C006846F28801C4F2020198
:10D6D000884204D1FFE74020CDF834046DE042F6E3
:10D6E0002810C2F20000C06C006846F28841C4F203
:10D6F0000201884204D1FFE74020CDF8300457E012
:10D7000042F62810C2F20000C06C006846F24001E8
:10D71000C4F20201884205D1FFE74FF48030CDF812
:10D720002C0440E042F62810C2F20000C06C0068F1
:10D7300046F24041C4F20201884205D1FFE74FF4AE
:10D740008030CDF8280429E042F62810C2F200000B
:10D75000C06C006846F2A001C4F20201884205D103
:10D76000FFE74FF48030CDF8240412E042F6281091
:10D77000C2F20000C06C016846F2A042C4F202028C
:10D780004FF48000914208BF4FF48030CDF824045C
:10D79000FFE7DDF82404CDF82804FFE7DDF82804CE
:10D7A000CDF82C04FFE7DDF82C04CDF83004FFE7BA
:10D7B000DDF83004CDF83404FFE7DDF83404CDF8AB
:10D7C0003804FFE7DDF83804CDF83C04FFE7DDF866
:10D7D0003C04CDF84004FFE7DDF84004CDF84404F4
:10D7E000FFE7DDF84404CDF84804FFE7DDF848041E
:10D7F000CDF84C04FFE7DDF84C0446F20C41C4F2CE
:10D8000002010860FCE242F62810C2F20000C06C7F
:10D81000006846F2B901C4F202018842C0F00781F3
:10D82000FFE742F62810C2F20000C06C006846F222
:10D830001001C4F20201884204D1FFE70120CDF8B3
:10D840002004EBE042F62810C2F20000C06C006831
:10D8500046F21041C4F20201884204D1FFE70120E0
:10D86000CDF81C04D5E042F62810C2F20000C06CCE
:10D87000006846F27001C4F20201884204D1FFE759
:10D880000120CDF81804BFE042F62810C2F20000D3
:10D89000C06C006846F27041C4F20201884204D1B3
:10D8A000FFE70120CDF81404A9E042F62810C2F2E7
:10D8B0000000C06C006846F22801C4F202018842F0
:10D8C00004D1FFE74020CDF8100493E042F6281081
:10D8D000C2F20000C06C006846F22841C4F20201A6
:10D8E000884204D1FFE74020CDF80C047DE042F6E9
:10D8F0002810C2F20000C06C006846F28801C4F231
:10D900000201884204D1FFE74020CDF8080467E017
:10D9100042F62810C2F20000C06C006846F288414E
:10D92000C4F20201884204D1FFE74020CDF804048C
:10D9300051E042F62810C2F20000C06C006846F2C6
:10D940004001C4F20201884205D1FFE74FF4803064
:10D95000CDF800043AE042F62810C2F20000C06C94
:10D96000006846F24041C4F20201884204D1FFE758
:10D970004FF48030FF9025E042F62810C2F20000FC
:10D98000C06C006846F2A001C4F20201884204D1D2
:10D99000FFE74FF48030FE9011E042F62810C2F20B
:10D9A0000000C06C016846F2A042C4F202024FF4CB
:10D9B0008000914208BF4FF48030FE90FFE7FE9850
:10D9C000FF90FFE7FF98CDF80004FFE7DDF80004C3
:10D9D000CDF80404FFE7DDF80404CDF80804FFE700
:10D9E000DDF80804CDF80C04FFE7DDF80C04CDF8F1
:10D9F0001004FFE7DDF81004CDF81404FFE7DDF8AC
:10DA00001404CDF81804FFE7DDF81804CDF81C0461
:10DA1000FFE7DDF81C04CDF82004FFE7DDF8200463
:10DA200046F20841C4F202010860FD90E6E142F6C8
:10DA30002810C2F20000C06C006846F25901C4F21E
:10DA400002018842C0F0EC80FFE742F62810C2F2E3
:10DA50000000C06C006846F21001C4F20201884266
:10DA600003D1FFE70120FC90D2E042F62810C2F279
:10DA70000000C06C006846F21041C4F20201884206
:10DA800003D1FFE70120FB90BFE042F62810C2F26D
:10DA90000000C06C006846F27001C4F202018842C6
:10DAA00003D1FFE70120FA90ACE042F62810C2F261
:10DAB0000000C06C006846F27041C4F20201884266
:10DAC00003D1FFE70120F99099E042F62810C2F255
:10DAD0000000C06C006846F22801C4F202018842CE
:10DAE00003D1FFE74020F89086E042F62810C2F20A
:10DAF0000000C06C006846F22841C4F2020188426E
:10DB000003D1FFE74020F79073E042F62810C2F2FD
:10DB10000000C06C006846F28801C4F2020188422D
:10DB200003D1FFE74020F69060E042F62810C2F2F1
:10DB30000000C06C006846F28841C4F202018842CD
:10DB400003D1FFE74020F5904DE042F62810C2F2E5
:10DB50000000C06C006846F24001C4F20201884235
:10DB600004D1FFE74FF48030F49039E042F62810FA
:10DB7000C2F20000C06C006846F24041C4F20201EB
:10DB8000884204D1FFE74FF48030F39025E042F65D
:10DB90002810C2F20000C06C006846F2A001C4F276
:10DBA0000201884204D1FFE74FF48030F29011E087
:10DBB00042F62810C2F20000C06C016846F2A04292
:10DBC000C4F202024FF48000914208BF4FF480304B
:10DBD000F290FFE7F298F390FFE7F398F490FFE7F5
:10DBE000F498F590FFE7F598F690FFE7F698F79030
:10DBF000FFE7F798F890FFE7F898F990FFE7F998B2
:10DC0000FA90FFE7FA98FB90FFE7FB98FC90FFE79C
:10DC1000FC9846F20C01C4F202010860F190EAE0BF
:10DC200042F62810C2F20000C06C006846F21001F3
:10DC3000C4F20201884203D1FFE70120F090D2E054
:10DC400042F62810C2F20000C06C006846F2104193
:10DC5000C4F20201884203D1FFE70120EF90BFE048
:10DC600042F62810C2F20000C06C006846F2700153
:10DC7000C4F20201884203D1FFE70120EE90ACE03C
:10DC800042F62810C2F20000C06C006846F27041F3
:10DC9000C4F20201884203D1FFE70120ED9099E030
:10DCA00042F62810C2F20000C06C006846F228015B
:10DCB000C4F20201884203D1FFE74020EC9086E0E5
:10DCC00042F62810C2F20000C06C006846F22841FB
:10DCD000C4F20201884203D1FFE74020EB9073E0D9
:10DCE00042F62810C2F20000C06C006846F28801BB
:10DCF000C4F20201884203D1FFE74020EA9060E0CD
:10DD000042F62810C2F20000C06C006846F288415A
:10DD1000C4F20201884203D1FFE74020E9904DE0C0
:10DD200042F62810C2F20000C06C006846F24001C2
:10DD3000C4F20201884204D1FFE74FF48030E8903A
:10DD400039E042F62810C2F20000C06C006846F2CA
:10DD50004041C4F20201884204D1FFE74FF4803011
:10DD6000E79025E042F62810C2F20000C06C00687F
:10DD700046F2A001C4F20201884204D1FFE74FF449
:10DD80008030E69011E042F62810C2F20000C06C2C
:10DD9000016846F2A042C4F202024FF480009142B0
:10DDA00008BF4FF48030E690FFE7E698E790FFE782
:10DDB000E798E890FFE7E898E990FFE7E998EA90AC
:10DDC000FFE7EA98EB90FFE7EB98EC90FFE7EC9821
:10DDD000ED90FFE7ED98EE90FFE7EE98EF90FFE70C
:10DDE000EF98F090FFE7F09846F20801C4F20201C4
:10DDF0000860F190FFE7F198FD90FFE7FD98FFE7DD
:10DE000042F62810C2F20000806C006846F25941C8
:10DE1000C4F202018842C0F0EF80FFE742F628100A
:10DE2000C2F20000806C006846F21001C4F20201E8
:10DE3000884203D1FFE72020E590D6E042F6281083
:10DE4000C2F20000806C006846F21041C4F2020188
:10DE5000884203D1FFE72020E490C3E042F6281077
:10DE6000C2F20000806C006846F27001C4F2020148
:10DE7000884203D1FFE72020E390B0E042F628106B
:10DE8000C2F20000806C006846F27041C4F20201E8
:10DE9000884203D1FFE72020E2909DE042F628105F
:10DEA000C2F20000806C006846F22801C4F2020150
:10DEB000884204D1FFE74FF40060E19089E042F628
:10DEC0002810C2F20000806C006846F22841C4F2BB
:10DED0000201884204D1FFE74FF40060E09075E052
:10DEE00042F62810C2F20000806C006846F28801F9
:10DEF000C4F20201884204D1FFE74FF40060DF90D2
:10DF000061E042F62810C2F20000806C006846F220
:10DF10008841C4F20201884204D1FFE74FF4006057
:10DF2000DE904DE042F62810C2F20000806C0068DE
:10DF300046F24001C4F20201884204D1FFE74FF4E7
:10DF40000010DD9039E042F62810C2F20000806C2B
:10DF5000006846F24041C4F20201884204D1FFE762
:10DF60004FF40010DC9025E042F62810C2F20000C9
:10DF7000806C006846F2A001C4F20201884204D11C
:10DF8000FFE74FF40010DB9011E042F62810C2F2D8
:10DF90000000806C016846F2A042C4F202024FF019
:10DFA0000060914208BF4FF40010DB90FFE7DB9860
:10DFB000DC90FFE7DC98DD90FFE7DD98DE90FFE77F
:10DFC000DE98DF90FFE7DF98E090FFE7E098E190D0
:10DFD000FFE7E198E290FFE7E298E390FFE7E3983C
:10DFE000E490FFE7E498E590FFE7E59846F20C41FE
:10DFF000C4F202010860EDE242F62810C2F200000D
:10E00000806C006846F2B901C4F202018842C0F097
:10E01000F080FFE742F62810C2F20000806C006832
:10E0200046F21001C4F20201884203D1FFE720202A
:10E03000DA90D6E042F62810C2F20000806C006848
:10E0400046F21041C4F20201884203D1FFE72020CA
:10E05000D990C3E042F62810C2F20000806C00683C
:10E0600046F27001C4F20201884203D1FFE720208A
:10E07000D890B0E042F62810C2F20000806C006830
:10E0800046F27041C4F20201884203D1FFE720202A
:10E09000D7909DE042F62810C2F20000806C006824
:10E0A00046F22801C4F20201884204D1FFE74FF48E
:10E0B0000060D69089E042F62810C2F20000806C21
:10E0C000006846F22841C4F20201884204D1FFE709
:10E0D0004FF40060D59075E042F62810C2F20000BF
:10E0E000806C006846F28801C4F20201884204D1C3
:10E0F000FFE74FF40060D49061E042F62810C2F2CE
:10E100000000806C006846F28841C4F20201884237
:10E1100004D1FFE74FF40060D3904DE042F62810A1
:10E12000C2F20000806C006846F24001C4F20201B5
:10E13000884204D1FFE74FF40010D29039E042F654
:10E140002810C2F20000806C006846F24041C4F220
:10E150000201884204D1FFE74FF40010D19025E07E
:10E1600042F62810C2F20000806C006846F2A0015E
:10E17000C4F20201884204D1FFE74FF40010D090AE
:10E1800011E042F62810C2F20000806C016846F2ED
:10E19000A042C4F202024FF00060914208BF4FF467
:10E1A0000010D090FFE7D098D190FFE7D198D2909F
:10E1B000FFE7D298D390FFE7D398D490FFE7D498A5
:10E1C000D590FFE7D598D690FFE7D698D790FFE790
:10E1D000D798D890FFE7D898D990FFE7D998DA90E8
:10E1E000FFE7DA9846F20841C4F202010860CF90D6
:10E1F000EEE142F62810C2F20000806C006846F2A0
:10E200005901C4F202018842C0F0F080FFE742F6F3
:10E210002810C2F20000806C006846F21001C4F2BF
:10E220000201884203D1FFE72020CE90D6E042F6DB
:10E230002810C2F20000806C006846F21041C4F25F
:10E240000201884203D1FFE72020CD90C3E042F6CF
:10E250002810C2F20000806C006846F27001C4F21F
:10E260000201884203D1FFE72020CC90B0E042F6C3
:10E270002810C2F20000806C006846F27041C4F2BF
:10E280000201884203D1FFE72020CB909DE042F6B7
:10E290002810C2F20000806C006846F22801C4F227
:10E2A0000201884204D1FFE74FF40060CA9089E080
:10E2B00042F62810C2F20000806C006846F2284145
:10E2C000C4F20201884204D1FFE74FF40060C99014
:10E2D00075E042F62810C2F20000806C006846F239
:10E2E0008801C4F20201884204D1FFE74FF40060C4
:10E2F000C89061E042F62810C2F20000806C00680D
:10E3000046F28841C4F20201884204D1FFE74FF48B
:10E310000060C7904DE042F62810C2F20000806C09
:10E32000006846F24001C4F20201884204D1FFE7CE
:10E330004FF40010C69039E042F62810C2F20000F7
:10E34000806C006846F24041C4F20201884204D168
:10E35000FFE74FF40010C59025E042F62810C2F206
:10E360000000806C006846F2A001C4F202018842FD
:10E3700004D1FFE74FF40010C49011E042F62810DA
:10E38000C2F20000806C016846F2A042C4F20202B0
:10E390004FF00060914208BF4FF40010C490FFE7B7
:10E3A000C498C590FFE7C598C690FFE7C698C79088
:10E3B000FFE7C798C890FFE7C898C990FFE7C998DA
:10E3C000CA90FFE7CA98CB90FFE7CB98CC90FFE7C5
:10E3D000CC98CD90FFE7CD98CE90FFE7CE9846F24F
:10E3E0000C01C4F202010860C390EEE042F628106E
:10E3F000C2F20000806C006846F21001C4F2020113
:10E40000884203D1FFE72020C290D6E042F62810D0
:10E41000C2F20000806C006846F21041C4F20201B2
:10E42000884203D1FFE72020C190C3E042F62810C4
:10E43000C2F20000806C006846F27001C4F2020172
:10E44000884203D1FFE72020C090B0E042F62810B8
:10E45000C2F20000806C006846F27041C4F2020112
:10E46000884203D1FFE72020BF909DE042F62810AC
:10E47000C2F20000806C006846F22801C4F202017A
:10E48000884204D1FFE74FF40060BE9089E042F675
:10E490002810C2F20000806C006846F22841C4F2E5
:10E4A0000201884204D1FFE74FF40060BD9075E09F
:10E4B00042F62810C2F20000806C006846F2880123
:10E4C000C4F20201884204D1FFE74FF40060BC901F
:10E4D00061E042F62810C2F20000806C006846F24B
:10E4E0008841C4F20201884204D1FFE74FF4006082
:10E4F000BB904DE042F62810C2F20000806C00682C
:10E5000046F24001C4F20201884204D1FFE74FF411
:10E510000010BA9039E042F62810C2F20000806C78
:10E52000006846F24041C4F20201884204D1FFE78C
:10E530004FF40010B99025E042F62810C2F2000016
:10E54000806C006846F2A001C4F20201884204D146
:10E55000FFE74FF40010B89011E042F62810C2F225
:10E560000000806C016846F2A042C4F202024FF043
:10E570000060914208BF4FF40010B890FFE7B898D0
:10E58000B990FFE7B998BA90FFE7BA98BB90FFE758
:10E59000BB98BC90FFE7BC98BD90FFE7BD98BE90CC
:10E5A000FFE7BE98BF90FFE7BF98C090FFE7C09815
:10E5B000C190FFE7C198C290FFE7C29846F20801F8
:10E5C000C4F202010860C390FFE7C398CF90FFE751
:10E5D000CF98FFE742F62810C2F20000806C006876
:10E5E00046F25941C4F202018842C0F0EF80FFE7D1
:10E5F00042F62810C2F20000806C006846F210015A
:10E60000C4F20201884203D1FFE71020B790D6E0A0
:10E6100042F62810C2F20000806C006846F21041F9
:10E62000C4F20201884203D1FFE71020B690C3E094
:10E6300042F62810C2F20000806C006846F27001B9
:10E64000C4F20201884203D1FFE71020B590B0E088
:10E6500042F62810C2F20000806C006846F2704159
:10E66000C4F20201884203D1FFE71020B4909DE07C
:10E6700042F62810C2F20000806C006846F22801C1
:10E68000C4F20201884204D1FFE74FF48060B390E6
:10E6900089E042F62810C2F20000806C006846F261
:10E6A0002841C4F20201884204D1FFE74FF48060A0
:10E6B000B29075E042F62810C2F20000806C00684B
:10E6C00046F28801C4F20201884204D1FFE74FF408
:10E6D0008060B19061E042F62810C2F20000806CC8
:10E6E000006846F28841C4F20201884204D1FFE783
:10E6F0004FF48060B0904DE042F62810C2F2000066
:10E70000806C006846F24001C4F20201884204D1E4
:10E71000FFE74FF48010AF9039E042F62810C2F2C4
:10E720000000806C006846F24041C4F20201884259
:10E7300004D1FFE74FF48010AE9025E042F6281098
:10E74000C2F20000806C006846F2A001C4F202012F
:10E75000884204D1FFE74FF48010AD9011E042F6FB
:10E760002810C2F20000806C016846F2A042C4F298
:10E7700002024FF08060914208BF4FF48010AD90CC
:10E78000FFE7AD98AE90FFE7AE98AF90FFE7AF9888
:10E79000B090FFE7B098B190FFE7B198B290FFE773
:10E7A000B298B390FFE7B398B490FFE7B498B590F0
:10E7B000FFE7B598B690FFE7B698B790FFE7B79830
:10E7C00046F20C41C4F202010860EDE242F6281064
:10E7D000C2F20000806C006846F2B901C4F2020186
:10E7E0008842C0F0F080FFE742F62810C2F2000035
:10E7F000806C006846F21001C4F20201884203D125
:10E80000FFE71020AC90D6E042F62810C2F20000DC
:10E81000806C006846F21041C4F20201884203D1C4
:10E82000FFE71020AB90C3E042F62810C2F20000D0
:10E83000806C006846F27001C4F20201884203D184
:10E84000FFE71020AA90B0E042F62810C2F20000C4
:10E85000806C006846F27041C4F20201884203D124
:10E86000FFE71020A9909DE042F62810C2F20000B8
:10E87000806C006846F22801C4F20201884204D18B
:10E88000FFE74FF48060A89089E042F62810C2F2BA
:10E890000000806C006846F22841C4F20201884200
:10E8A00004D1FFE74FF48060A79075E042F628108E
:10E8B000C2F20000806C006846F28801C4F20201D6
:10E8C000884204D1FFE74FF48060A69061E042F6F1
:10E8D0002810C2F20000806C006846F28841C4F241
:10E8E0000201884204D1FFE74FF48060A5904DE01B
:10E8F00042F62810C2F20000806C006846F2400127
:10E90000C4F20201884204D1FFE74FF48010A490C2
:10E9100039E042F62810C2F20000806C006846F22E
:10E920004041C4F20201884204D1FFE74FF4801055
:10E93000A39025E042F62810C2F20000806C006827
:10E9400046F2A001C4F20201884204D1FFE74FF46D
:10E950008010A29011E042F62810C2F20000806CF4
:10E96000016846F2A042C4F202024FF08060914278
:10E9700008BF4FF48010A290FFE7A298A390FFE792
:10E98000A398A490FFE7A498A590FFE7A598A69068
:10E99000FFE7A698A790FFE7A798A890FFE7A89899
:10E9A000A990FFE7A998AA90FFE7AA98AB90FFE784
:10E9B000AB98AC90FFE7AC9846F20841C4F2020174
:10E9C0000860A190EEE142F62810C2F20000806CCF
:10E9D000006846F25901C4F202018842C0F0F0809A
:10E9E000FFE742F62810C2F20000806C006846F291
:10E9F0001001C4F20201884203D1FFE71020A09069
:10EA0000D6E042F62810C2F20000806C006846F2A0
:10EA10001041C4F20201884203D1FFE710209F9009
:10EA2000C3E042F62810C2F20000806C006846F293
:10EA30007001C4F20201884203D1FFE710209E90CA
:10EA4000B0E042F62810C2F20000806C006846F286
:10EA50007041C4F20201884203D1FFE710209D906B
:10EA60009DE042F62810C2F20000806C006846F279
:10EA70002801C4F20201884204D1FFE74FF480600C
:10EA80009C9089E042F62810C2F20000806C006879
:10EA900046F22841C4F20201884204D1FFE74FF454
:10EAA00080609B9075E042F62810C2F20000806CF6
:10EAB000006846F28801C4F20201884204D1FFE7EF
:10EAC0004FF480609A9061E042F62810C2F2000094
:10EAD000806C006846F28841C4F20201884204D189
:10EAE000FFE74FF4806099904DE042F62810C2F2A3
:10EAF0000000806C006846F24001C4F202018842C6
:10EB000004D1FFE74FF48010989039E042F62810C6
:10EB1000C2F20000806C006846F24041C4F202017B
:10EB2000884204D1FFE74FF48010979025E042F629
:10EB30002810C2F20000806C006846F2A001C4F206
:10EB40000201884204D1FFE74FF48010969011E053
:10EB500042F62810C2F20000806C016846F2A04222
:10EB6000C4F202024FF08060914208BF4FF480105F
:10EB70009690FFE796989790FFE797989890FFE711
:10EB800098989990FFE799989A90FFE79A989B90A8
:10EB9000FFE79B989C90FFE79C989D90FFE79D98CE
:10EBA0009E90FFE79E989F90FFE79F98A090FFE7B9
:10EBB000A09846F20C01C4F2020108609590EEE0C4
:10EBC00042F62810C2F20000806C006846F2100184
:10EBD000C4F20201884203D1FFE710209490D6E0EE
:10EBE00042F62810C2F20000806C006846F2104124
:10EBF000C4F20201884203D1FFE710209390C3E0E2
:10EC000042F62810C2F20000806C006846F27001E3
:10EC1000C4F20201884203D1FFE710209290B0E0D5
:10EC200042F62810C2F20000806C006846F2704183
:10EC3000C4F20201884203D1FFE7102091909DE0C9
:10EC400042F62810C2F20000806C006846F22801EB
:10EC5000C4F20201884204D1FFE74FF48060909033
:10EC600089E042F62810C2F20000806C006846F28B
:10EC70002841C4F20201884204D1FFE74FF48060CA
:10EC80008F9075E042F62810C2F20000806C006898
:10EC900046F28801C4F20201884204D1FFE74FF432
:10ECA00080608E9061E042F62810C2F20000806C15
:10ECB000006846F28841C4F20201884204D1FFE7AD
:10ECC0004FF480608D904DE042F62810C2F20000B3
:10ECD000806C006846F24001C4F20201884204D10F
:10ECE000FFE74FF480108C9039E042F62810C2F212
:10ECF0000000806C006846F24041C4F20201884284
:10ED000004D1FFE74FF480108B9025E042F62810E5
:10ED1000C2F20000806C006846F2A001C4F2020159
:10ED2000884204D1FFE74FF480108A9011E042F648
:10ED30002810C2F20000806C016846F2A042C4F2C2
:10ED400002024FF08060914208BF4FF480108A9019
:10ED5000FFE78A988B90FFE78B988C90FFE78C9861
:10ED60008D90FFE78D988E90FFE78E988F90FFE74C
:10ED70008F989090FFE790989190FFE791989290EC
:10ED8000FFE792989390FFE793989490FFE7949809
:10ED900046F20801C4F2020108609590FFE79598D9
:10EDA000A190FFE7A198FFE742F62810C2F2000009
:10EDB000806C006846F25941C4F202018842C0F0FA
:10EDC000EF80FFE742F62810C2F20000806C006876
:10EDD00046F21001C4F20201884203D1FFE7082085
:10EDE0008990D6E042F62810C2F20000806C0068DC
:10EDF00046F21041C4F20201884203D1FFE7082025
:10EE00008890C3E042F62810C2F20000806C0068CF
:10EE100046F27001C4F20201884203D1FFE70820E4
:10EE20008790B0E042F62810C2F20000806C0068C3
:10EE300046F27041C4F20201884203D1FFE7082084
:10EE400086909DE042F62810C2F20000806C0068B7
:10EE500046F22801C4F20201884204D1FFE74FF4D0
:10EE60000070859089E042F62810C2F20000806CA4
:10EE7000006846F22841C4F20201884204D1FFE74B
:10EE80004FF40070849075E042F62810C2F2000042
:10EE9000806C006846F28801C4F20201884204D105
:10EEA000FFE74FF40070839061E042F62810C2F251
:10EEB0000000806C006846F28841C4F2020188427A
:10EEC00004D1FFE74FF4007082904DE042F6281025
:10EED000C2F20000806C006846F24001C4F20201F8
:10EEE000884204D1FFE74FF40020819039E042F6D8
:10EEF0002810C2F20000806C006846F24041C4F263
:10EF00000201884204D1FFE74FF40020809025E001
:10EF100042F62810C2F20000806C006846F2A001A0
:10EF2000C4F20201884204D1FFE74FF400207F9031
:10EF300011E042F62810C2F20000806C016846F22F
:10EF4000A042C4F202024FF00070914208BF4FF499
:10EF500000207F90FFE77F988090FFE78098819066
:10EF6000FFE781988290FFE782988390FFE783987C
:10EF70008490FFE784988590FFE785988690FFE767
:10EF800086988790FFE787988890FFE78898899010
:10EF9000FFE7899846F20C41C4F202010860EDE2F5
:10EFA00042F62810C2F20000806C006846F2B901F7
:10EFB000C4F202018842C0F0F080FFE742F6281058
:10EFC000C2F20000806C006846F21001C4F2020137
:10EFD000884203D1FFE708207E90D6E042F6281051
:10EFE000C2F20000806C006846F21041C4F20201D7
:10EFF000884203D1FFE708207D90C3E042F6281045
:10F00000C2F20000806C006846F27001C4F2020196
:10F01000884203D1FFE708207C90B0E042F6281038
:10F02000C2F20000806C006846F27041C4F2020136
:10F03000884203D1FFE708207B909DE042F628102C
:10F04000C2F20000806C006846F22801C4F202019E
:10F05000884204D1FFE74FF400707A9089E042F6CD
:10F060002810C2F20000806C006846F22841C4F209
:10F070000201884204D1FFE74FF40070799075E0F7
:10F0800042F62810C2F20000806C006846F2880147
:10F09000C4F20201884204D1FFE74FF40070789077
:10F0A00061E042F62810C2F20000806C006846F26F
:10F0B0008841C4F20201884204D1FFE74FF4007096
:10F0C00077904DE042F62810C2F20000806C006894
:10F0D00046F24001C4F20201884204D1FFE74FF436
:10F0E0000020769039E042F62810C2F20000806CD1
:10F0F000006846F24041C4F20201884204D1FFE7B1
:10F100004FF40020759025E042F62810C2F200006E
:10F11000806C006846F2A001C4F20201884204D16A
:10F12000FFE74FF40020749011E042F62810C2F27D
:10F130000000806C016846F2A042C4F202024FF067
:10F140000070914208BF4FF400207490FFE774985C
:10F150007590FFE775987690FFE776987790FFE7D0
:10F1600077987890FFE778987990FFE779987A9088
:10F17000FFE77A987B90FFE77B987C90FFE77C988D
:10F180007D90FFE77D987E90FFE77E9846F20841EC
:10F19000C4F2020108607390EEE142F62810C2F258
:10F1A0000000806C006846F25901C4F202018842F6
:10F1B000C0F0F080FFE742F62810C2F20000806C39
:10F1C000006846F21001C4F20201884203D1FFE751
:10F1D00008207290D6E042F62810C2F20000806C3F
:10F1E000006846F21041C4F20201884203D1FFE7F1
:10F1F00008207190C3E042F62810C2F20000806C33
:10F20000006846F27001C4F20201884203D1FFE7B0
:10F2100008207090B0E042F62810C2F20000806C26
:10F22000006846F27041C4F20201884203D1FFE750
:10F2300008206F909DE042F62810C2F20000806C1A
:10F24000006846F22801C4F20201884204D1FFE7B7
:10F250004FF400706E9089E042F62810C2F2000070
:10F26000806C006846F22841C4F20201884204D151
:10F27000FFE74FF400706D9075E042F62810C2F27F
:10F280000000806C006846F28801C4F202018842E6
:10F2900004D1FFE74FF400706C9061E042F6281053
:10F2A000C2F20000806C006846F28841C4F202019C
:10F2B000884204D1FFE74FF400706B904DE042F6B6
:10F2C0002810C2F20000806C006846F24001C4F2CF
:10F2D0000201884204D1FFE74FF400206A9039E030
:10F2E00042F62810C2F20000806C006846F24041ED
:10F2F000C4F20201884204D1FFE74FF40020699074
:10F3000025E042F62810C2F20000806C006846F248
:10F31000A001C4F20201884204D1FFE74FF40020AB
:10F32000689011E042F62810C2F20000806C01687B
:10F3300046F2A042C4F202024FF00070914208BFB0
:10F340004FF400206890FFE768986990FFE769989C
:10F350006A90FFE76A986B90FFE76B986C90FFE705
:10F360006C986D90FFE76D986E90FFE76E986F90C8
:10F37000FFE76F987090FFE770987190FFE77198C2
:10F380007290FFE7729846F20C01C4F20201086025
:10F390006790EEE042F62810C2F20000806C006830
:10F3A00046F21001C4F20201884203D1FFE70820AF
:10F3B0006690D6E042F62810C2F20000806C006829
:10F3C00046F21041C4F20201884203D1FFE708204F
:10F3D0006590C3E042F62810C2F20000806C00681D
:10F3E00046F27001C4F20201884203D1FFE708200F
:10F3F0006490B0E042F62810C2F20000806C006811
:10F4000046F27041C4F20201884203D1FFE70820AE
:10F4100063909DE042F62810C2F20000806C006804
:10F4200046F22801C4F20201884204D1FFE74FF4FA
:10F430000070629089E042F62810C2F20000806CF1
:10F44000006846F22841C4F20201884204D1FFE775
:10F450004FF40070619075E042F62810C2F200008F
:10F46000806C006846F28801C4F20201884204D12F
:10F47000FFE74FF40070609061E042F62810C2F29E
:10F480000000806C006846F28841C4F202018842A4
:10F4900004D1FFE74FF400705F904DE042F6281072
:10F4A000C2F20000806C006846F24001C4F2020122
:10F4B000884204D1FFE74FF400205E9039E042F625
:10F4C0002810C2F20000806C006846F24041C4F28D
:10F4D0000201884204D1FFE74FF400205D9025E04F
:10F4E00042F62810C2F20000806C006846F2A001CB
:10F4F000C4F20201884204D1FFE74FF400205C907F
:10F5000011E042F62810C2F20000806C016846F259
:10F51000A042C4F202024FF00070914208BF4FF4C3
:10F5200000205C90FFE75C985D90FFE75D985E903F
:10F53000FFE75E985F90FFE75F986090FFE7609855
:10F540006190FFE761986290FFE762986390FFE740
:10F5500063986490FFE764986590FFE7659866900C
:10F56000FFE7669846F20801C4F20201086067905E
:10F57000FFE767987390FFE77398FFE742F628105C
:10F58000C2F20000806C006846F25941C4F20201E8
:10F590008842C0F0EF80FFE742F62810C2F2000078
:10F5A000806C006846F21001C4F20201884203D167
:10F5B000FFE704205B90D6E042F62810C2F200007C
:10F5C000806C006846F21041C4F20201884203D107
:10F5D000FFE704205A90C3E042F62810C2F2000070
:10F5E000806C006846F27001C4F20201884203D1C7
:10F5F000FFE704205990B0E042F62810C2F2000064
:10F60000806C006846F27041C4F20201884203D166
:10F61000FFE7042058909DE042F62810C2F2000057
:10F62000806C006846F22801C4F20201884204D1CD
:10F63000FFE74FF48070579089E042F62810C2F23D
:10F640000000806C006846F22841C4F20201884242
:10F6500004D1FFE74FF48070569075E042F6281011
:10F66000C2F20000806C006846F28801C4F2020118
:10F67000884204D1FFE74FF48070559061E042F674
:10F680002810C2F20000806C006846F28841C4F283
:10F690000201884204D1FFE74FF4807054904DE09E
:10F6A00042F62810C2F20000806C006846F2400169
:10F6B000C4F20201884204D1FFE74FF48020539046
:10F6C00039E042F62810C2F20000806C006846F271
:10F6D0004041C4F20201884204D1FFE74FF4802088
:10F6E000529025E042F62810C2F20000806C0068BB
:10F6F00046F2A001C4F20201884204D1FFE74FF4B0
:10F700008020519011E042F62810C2F20000806C77
:10F71000016846F2A042C4F202024FF080709142AA
:10F7200008BF4FF480205190FFE751985290FFE7B7
:10F7300052985390FFE753985490FFE75498559090
:10F74000FFE755985690FFE756985790FFE7579870
:10F750005890FFE758985990FFE759985A90FFE75B
:10F760005A985B90FFE75B9846F20C41C4F20201A5
:10F770000860EDE242F62810C2F20000806C0068DA
:10F7800046F2B901C4F202018842C0F0F080FFE7FE
:10F7900042F62810C2F20000806C006846F21001A8
:10F7A000C4F20201884203D1FFE704205090D6E062
:10F7B00042F62810C2F20000806C006846F2104148
:10F7C000C4F20201884203D1FFE704204F90C3E056
:10F7D00042F62810C2F20000806C006846F2700108
:10F7E000C4F20201884203D1FFE704204E90B0E04A
:10F7F00042F62810C2F20000806C006846F27041A8
:10F80000C4F20201884203D1FFE704204D909DE03D
:10F8100042F62810C2F20000806C006846F228010F
:10F82000C4F20201884204D1FFE74FF480704C908B
:10F8300089E042F62810C2F20000806C006846F2AF
:10F840002841C4F20201884204D1FFE74FF48070DE
:10F850004B9075E042F62810C2F20000806C006800
:10F8600046F28801C4F20201884204D1FFE74FF456
:10F8700080704A9061E042F62810C2F20000806C6D
:10F88000006846F28841C4F20201884204D1FFE7D1
:10F890004FF4807049904DE042F62810C2F200000B
:10F8A000806C006846F24001C4F20201884204D133
:10F8B000FFE74FF48020489039E042F62810C2F26A
:10F8C0000000806C006846F24041C4F202018842A8
:10F8D00004D1FFE74FF48020479025E042F628103E
:10F8E000C2F20000806C006846F2A001C4F202017E
:10F8F000884204D1FFE74FF48020469011E042F6A1
:10F900002810C2F20000806C016846F2A042C4F2E6
:10F9100002024FF08070914208BF4FF48020469061
:10F92000FFE746984790FFE747984890FFE74898D9
:10F930004990FFE749984A90FFE74A984B90FFE7C4
:10F940004B984C90FFE74C984D90FFE74D984E90A8
:10F95000FFE74E984F90FFE74F985090FFE7509881
:10F9600046F20841C4F2020108604590EEE142F619
:10F970002810C2F20000806C006846F25901C4F2FF
:10F9800002018842C0F0F080FFE742F62810C2F280
:10F990000000806C006846F21001C4F20201884247
:10F9A00003D1FFE704204490D6E042F62810C2F2CB
:10F9B0000000806C006846F21041C4F202018842E7
:10F9C00003D1FFE704204390C3E042F62810C2F2BF
:10F9D0000000806C006846F27001C4F202018842A7
:10F9E00003D1FFE704204290B0E042F62810C2F2B3
:10F9F0000000806C006846F27041C4F20201884247
:10FA000003D1FFE7042041909DE042F62810C2F2A6
:10FA10000000806C006846F22801C4F202018842AE
:10FA200004D1FFE74FF48070409089E042F628103F
:10FA3000C2F20000806C006846F22841C4F2020164
:10FA4000884204D1FFE74FF480703F9075E042F6A2
:10FA50002810C2F20000806C006846F28801C4F2EF
:10FA60000201884204D1FFE74FF480703E9061E0CC
:10FA700042F62810C2F20000806C006846F288410D
:10FA8000C4F20201884204D1FFE74FF480703D9038
:10FA90004DE042F62810C2F20000806C006846F289
:10FAA0004001C4F20201884204D1FFE74FF48020F4
:10FAB0003C9039E042F62810C2F20000806C0068E9
:10FAC00046F24041C4F20201884204D1FFE74FF4FC
:10FAD00080203B9025E042F62810C2F20000806CA6
:10FAE000006846F2A001C4F20201884204D1FFE797
:10FAF0004FF480203A9011E042F62810C2F2000044
:10FB0000806C016846F2A042C4F202024FF080709D
:10FB1000914208BF4FF480203A90FFE73A983B901B
:10FB2000FFE73B983C90FFE73C983D90FFE73D980E
:10FB30003E90FFE73E983F90FFE73F984090FFE7F9
:10FB400040984190FFE741984290FFE742984390E8
:10FB5000FFE743984490FFE7449846F20C01C4F253
:10FB6000020108603990EEE042F62810C2F200006F
:10FB7000806C006846F21001C4F20201884203D191
:10FB8000FFE704203890D6E042F62810C2F20000C9
:10FB9000806C006846F21041C4F20201884203D131
:10FBA000FFE704203790C3E042F62810C2F20000BD
:10FBB000806C006846F27001C4F20201884203D1F1
:10FBC000FFE704203690B0E042F62810C2F20000B1
:10FBD000806C006846F27041C4F20201884203D191
:10FBE000FFE7042035909DE042F62810C2F20000A5
:10FBF000806C006846F22801C4F20201884204D1F8
:10FC0000FFE74FF48070349089E042F62810C2F28A
:10FC10000000806C006846F22841C4F2020188426C
:10FC200004D1FFE74FF48070339075E042F628105E
:10FC3000C2F20000806C006846F28801C4F2020142
:10FC4000884204D1FFE74FF48070329061E042F6C1
:10FC50002810C2F20000806C006846F28841C4F2AD
:10FC60000201884204D1FFE74FF4807031904DE0EB
:10FC700042F62810C2F20000806C006846F2400193
:10FC8000C4F20201884204D1FFE74FF48020309093
:10FC900039E042F62810C2F20000806C006846F29B
:10FCA0004041C4F20201884204D1FFE74FF48020B2
:10FCB0002F9025E042F62810C2F20000806C006808
:10FCC00046F2A001C4F20201884204D1FFE74FF4DA
:10FCD00080202E9011E042F62810C2F20000806CC5
:10FCE000016846F2A042C4F202024FF080709142D5
:10FCF00008BF4FF480202E90FFE72E982F90FFE74B
:10FD00002F983090FFE730983190FFE7319832908C
:10FD1000FFE732983390FFE733983490FFE7349849
:10FD20003590FFE735983690FFE736983790FFE734
:10FD300037983890FFE7389846F20801C4F202017C
:10FD400008603990FFE739984590FFE74598FFE74D
:10FD500042F62810C2F20000806C006846F2594159
:10FD6000C4F202018842C0F0EB80FFE742F628109F
:10FD7000C2F20000806C006846F21001C4F2020179
:10FD8000884203D1FFE701202D90D2E042F62810EF
:10FD9000C2F20000806C006846F21041C4F2020119
:10FDA000884203D1FFE701202C90BFE042F62810E3
:10FDB000C2F20000806C006846F27001C4F20201D9
:10FDC000884203D1FFE701202B90ACE042F62810D7
:10FDD000C2F20000806C006846F27041C4F2020179
:10FDE000884203D1FFE701202A9099E042F62810CB
:10FDF000C2F20000806C006846F22801C4F20201E1
:10FE0000884203D1FFE74020299086E042F628107F
:10FE1000C2F20000806C006846F22841C4F2020180
:10FE2000884203D1FFE74020289073E042F6281073
:10FE3000C2F20000806C006846F28801C4F2020140
:10FE4000884203D1FFE74020279060E042F6281067
:10FE5000C2F20000806C006846F28841C4F20201E0
:10FE6000884203D1FFE7402026904DE042F628105B
:10FE7000C2F20000806C006846F24001C4F2020148
:10FE8000884204D1FFE74FF48030259039E042F6F4
:10FE90002810C2F20000806C006846F24041C4F2B3
:10FEA0000201884204D1FFE74FF48030249025E01E
:10FEB00042F62810C2F20000806C006846F2A001F1
:10FEC000C4F20201884204D1FFE74FF4803023904E
:10FED00011E042F62810C2F20000806C016846F280
:10FEE000A042C4F202024FF48000914208BF4FF4D6
:10FEF00080302390FFE723982490FFE724982590F3
:10FF0000FFE725982690FFE726982790FFE7279898
:10FF10002890FFE728982990FFE729982A90FFE783
:10FF20002A982B90FFE72B982C90FFE72C982D9088
:10FF3000FFE72D9846F20C41C4F202010860E1E2AD
:10FF400042F62810C2F20000806C006846F2B90147
:10FF5000C4F202018842C0F0EC80FFE742F62810AC
:10FF6000C2F20000806C006846F21001C4F2020187
:10FF7000884203D1FFE701202290D2E042F6281008
:10FF8000C2F20000806C006846F21041C4F2020127
:10FF9000884203D1FFE701202190BFE042F62810FC
:10FFA000C2F20000806C006846F27001C4F20201E7
:10FFB000884203D1FFE701202090ACE042F62810F0
:10FFC000C2F20000806C006846F27041C4F2020187
:10FFD000884203D1FFE701201F9099E042F62810E4
:10FFE000C2F20000806C006846F22801C4F20201EF
:10FFF000884203D1FFE740201E9086E042F6281099
:020000040801F1
:10000000C2F20000806C006846F22841C4F202018E
:10001000884203D1FFE740201D9073E042F628108C
:10002000C2F20000806C006846F28801C4F202014E
:10003000884203D1FFE740201C9060E042F6281080
:10004000C2F20000806C006846F28841C4F20201EE
:10005000884203D1FFE740201B904DE042F6281074
:10006000C2F20000806C006846F24001C4F2020156
:10007000884204D1FFE74FF480301A9039E042F60D
:100080002810C2F20000806C006846F24041C4F2C1
:100090000201884204D1FFE74FF48030199025E037
:1000A00042F62810C2F20000806C006846F2A001FF
:1000B000C4F20201884204D1FFE74FF48030189067
:1000C00011E042F62810C2F20000806C016846F28E
:1000D000A042C4F202024FF48000914208BF4FF4E4
:1000E00080301890FFE718981990FFE719981A9038
:1000F000FFE71A981B90FFE71B981C90FFE71C98DE
:100100001D90FFE71D981E90FFE71E981F90FFE7C8
:100110001F982090FFE720982190FFE721982290D8
:10012000FFE7229846F20841C4F2020108601790E6
:10013000E6E142F62810C2F20000806C006846F248
:100140005901C4F202018842C0F0EC80FFE742F698
:100150002810C2F20000806C006846F21001C4F260
:100160000201884203D1FFE701201690D2E042F657
:100170002810C2F20000806C006846F21041C4F200
:100180000201884203D1FFE701201590BFE042F64B
:100190002810C2F20000806C006846F27001C4F2C0
:1001A0000201884203D1FFE701201490ACE042F63F
:1001B0002810C2F20000806C006846F27041C4F260
:1001C0000201884203D1FFE70120139099E042F633
:1001D0002810C2F20000806C006846F22801C4F2C8
:1001E0000201884203D1FFE74020129086E042F6E8
:1001F0002810C2F20000806C006846F22841C4F268
:100200000201884203D1FFE74020119073E042F6DB
:100210002810C2F20000806C006846F28801C4F227
:100220000201884203D1FFE74020109060E042F6CF
:100230002810C2F20000806C006846F28841C4F2C7
:100240000201884203D1FFE740200F904DE042F6C3
:100250002810C2F20000806C006846F24001C4F22F
:100260000201884204D1FFE74FF480300E9039E05C
:1002700042F62810C2F20000806C006846F240414D
:10028000C4F20201884204D1FFE74FF480300D90A0
:1002900025E042F62810C2F20000806C006846F2A9
:1002A000A001C4F20201884204D1FFE74FF480307C
:1002B0000C9011E042F62810C2F20000806C016838
:1002C00046F2A042C4F202024FF48000914208BFFD
:1002D0004FF480300C90FFE70C980D90FFE70D98DD
:1002E0000E90FFE70E980F90FFE70F981090FFE732
:1002F00010981190FFE711981290FFE71298139051
:10030000FFE713981490FFE714981590FFE71598EE
:100310001690FFE7169846F20C01C4F2020108603D
:100320000B90EAE042F62810C2F20000806C0068F0
:1003300046F21001C4F20201884203D1FFE7012016
:100340000A90D2E042F62810C2F20000806C0068E9
:1003500046F21041C4F20201884203D1FFE70120B6
:100360000990BFE042F62810C2F20000806C0068DD
:1003700046F27001C4F20201884203D1FFE7012076
:100380000890ACE042F62810C2F20000806C0068D1
:1003900046F27041C4F20201884203D1FFE7012016
:1003A000079099E042F62810C2F20000806C0068C5
:1003B00046F22801C4F20201884203D1FFE740203F
:1003C000069086E042F62810C2F20000806C0068B9
:1003D00046F22841C4F20201884203D1FFE74020DF
:1003E000059073E042F62810C2F20000806C0068AD
:1003F00046F28801C4F20201884203D1FFE740209F
:10040000049060E042F62810C2F20000806C0068A0
:1004100046F28841C4F20201884203D1FFE740203E
:1004200003904DE042F62810C2F20000806C006894
:1004300046F24001C4F20201884204D1FFE74FF4C2
:100440008030029039E042F62810C2F20000806C41
:10045000006846F24041C4F20201884204D1FFE73D
:100460004FF48030019025E042F62810C2F20000DF
:10047000806C006846F2A001C4F20201884204D1F7
:10048000FFE74FF48030009011E042F62810C2F2EE
:100490000000806C016846F2A042C4F202024FF4F0
:1004A0008000914208BF4FF480300090FFE7009831
:1004B0000190FFE701980290FFE702980390FFE7A1
:1004C00003980490FFE704980590FFE705980690CD
:1004D000FFE706980790FFE707980890FFE708985E
:1004E0000990FFE709980A90FFE70A9846F2080189
:1004F000C4F2020108600B90FFE70B981790FFE72A
:100500001798FFE7DDF8340742F25011C2F20001FC
:100510000A68D060DDF8382742F2B010C2F200005D
:100520000368DA60BDF832270B685A60BDF83227DD
:1005300003685A600A68116841F00101116001689E
:10054000086840F0010008600DF23C7D7047000033
:1005500087B006900591ADF8122042F62810C2F23D
:1005600000000268516841F0020151600268516860
:1005700041F0010151600168086840F040000860E6
:1005800042F25010C2F200000168086820F0010039
:100590000860FFE742F25010C2F2000000680068F5
:1005A000C00750B1FFE742F25010C2F200000168EC
:1005B000086820F001000860ECE742F25010C2F237
:1005C0000000006846F25941C4F20201884208D393
:1005D000FFE746F20C41C4F202014FF4001008603C
:1005E00037E042F25010C2F20000006846F2B90152
:1005F000C4F20201884209D3FFE746F20841C4F27F
:1006000002014FF400100860039020E042F2501005
:10061000C2F20000006846F25901C4F202018842A9
:1006200009D3FFE746F20C01C4F202014FF40010B7
:100630000860029008E046F20801C4F202014FF49B
:10064000001008600290FFE702980390FFE703980C
:10065000FFE742F25010C2F20000026843F20C01C0
:10066000C4F20101916005990268D160BDF81210D1
:10067000026851600168086840F01000086042F2AA
:10068000B010C2F200000168086820F001000860A4
:10069000FFE742F2B010C2F2000000680068C00735
:1006A00050B1FFE742F2B010C2F2000001680868E2
:1006B00020F001000860ECE742F2B010C2F2000046
:1006C000006846F25941C4F20201884208D3FFE7AC
:1006D00046F20C41C4F202014FF00060086037E0BE
:1006E00042F2B010C2F20000006846F2B901C4F252
:1006F0000201884209D3FFE746F20841C4F2020131
:100700004FF000600860019020E042F2B010C2F2A9
:100710000000006846F25901C4F20201884209D380
:10072000FFE746F20C01C4F202014FF000600860DE
:10073000009008E046F20801C4F202014FF00060A8
:1007400008600090FFE700980190FFE70198FFE73D
:1007500042F2B011C2F200010A6843F20C00C4F286
:100760000100906006980A68D060BDF81200096820
:10077000486007B07047000080B586B004900391D0
:1007800002920498039B02996A4611600221012299
:1007900000F058F848B1FFE70499486D40F0200098
:1007A000486503208DF8170048E040F22800C2F2A7
:1007B000000000684AF6AB21CAF6AA21A0FB01108E
:1007C00000094FF2A171C1F2C601A0FB0110000C9B
:1007D0004FF47A714843019004984068B0F5827FE5
:1007E00015D1FFE70498039B02996A4611608021A6
:1007F000002200F027F848B1FFE70499486D40F067
:100800002000486503208DF8170017E012E0FFE78D
:10081000019808B9FFE70CE0019801380190FFE763
:10082000049800688068C1B20020B0EBD11FEFD1FE
:10083000FFE7FFE700208DF81700FFE79DF817009E
:1008400006B080BD80B58AB0DDF830C00890079151
:100850008DF81B20059305980190F3F7C1FE024621
:1008600001980C99891A08440390F3F7B9FE029095
:10087000039840F22801C2F200010968C1F3CB31AC
:1008800048430490FFE7089800688068079908408B
:10089000401AB0FA80F040099DF81B1088425ED0E3
:1008A000FFE705980130002858D0FFE7F3F798FEDE
:1008B0000299401A0399884204D2FFE7039800285E
:1008C00042D1FFE708980168486820F0E0004860DE
:1008D00008984068B0F5827F13D1FFE708988068D8
:1008E000B0F5004F06D0FFE708988068B0F5806F3C
:1008F00007D1FFE708980168086820F04000086009
:10090000FFE70898806AB0F5005F0FD1FFE7FFE7C7
:1009100008980168086820F4005008600898016889
:10092000086840F400500860FFE7FFE708990120DD
:1009300081F85100FFE70899002081F85000FFE797
:1009400003208DF827000EE0049818B9FFE7002077
:100950000390FFE7049801380490FFE793E7002035
:100960008DF82700FFE79DF827000AB080BD000042
:10097000074B19680868B0E8F04F80F30988BFF3A7
:100980006F8F4FF0000080F31188704700BF00BFE9
:10099000282D002084B003900398009000980078E0
:1009A000ADF8080000980130009000980078ADF88C
:1009B0000600BDF80610BDF8080040EA0120ADF8B9
:1009C0000A00BDF80A0004B07047000080B582B08C
:1009D0004FF0500080F31188BFF36F8FBFF34F8F3C
:1009E000009008F06BFE40B1FFE74EF60451CEF2E6
:1009F00000014FF080500860FFE70020019001984F
:100A000080F3118802B080BD80B594B008A8302171
:100A1000EFF766FD00200790069005900490039084
:100A2000FFE70020029043F64000C4F20200016894
:100A300041F080510160006800F0805002900298FF
:100A4000FFE7FFE70020019047F20000C4F200003A
:100A5000016841F480410160006800F48040019029
:100A60000198FFE7012008904FF4803009900220A0
:100A70000E904FF480010F9106211091A821119141
:100A800012900720139008A8F5F7DCFB18B1FFE7D8
:100A9000F1F72EFEFFE70F200390022004900020C4
:100AA00005904FF4A05006904FF48050079003A893
:100AB0000521F5F7CDF918B1FFE7F1F719FEFFE7CA
:100AC00014B080BD4EF68851CEF20001086840F4A3
:100AD000700008607047000080B542F65820C2F2EE
:100AE0000000F6F729FD80BD80B542F61020C2F265
:100AF0000000F6F721FD80BD83B0029001910298BD
:100B00000068009002980021C4F20101884225D0BB
:100B1000FFE70298B0F1804F20D0FFE7029840F243
:100B20000041C4F20001884218D0FFE7029840F665
:100B30000001C4F20001884210D0FFE7029840F69D
:100B40000041C4F20001884208D0FFE7029840F259
:100B50000041C4F2010188420AD1FFE7009820F069
:100B60007000009001984168009808430090FFE7EA
:100B700002980021C4F20101884255D0FFE7029893
:100B8000B0F1804F50D0FFE7029840F20041C4F22C
:100B90000001884248D0FFE7029840F60001C4F205
:100BA0000001884240D0FFE7029840F60041C4F2BD
:100BB0000001884238D0FFE7029840F20041C4F2B9
:100BC0000101884230D0FFE7029844F20001C4F2EC
:100BD0000101884228D0FFE7029844F20041C4F2A4
:100BE0000101884220D0FFE7029844F60001C4F2D8
:100BF0000101884218D0FFE7029841F60001C4F2D3
:100C00000001884210D0FFE7029841F60041C4F28B
:100C10000001884208D0FFE7029842F20001C4F2C6
:100C2000000188420AD1FFE7009820F4407000904C
:100C30000198C168009808430090FFE7009820F0F1
:100C40008000019949690843009000980299086062
:100C5000019880680299C8620198006802998862C8
:100C600002980021C4F20101884208D0FFE70298EF
:100C700040F20041C4F20101884205D1FFE701982A
:100C8000006902990863FFE7029901204861029810
:100C90000069C00730B1FFE70299086920F0010040
:100CA0000861FFE703B0704785B00490039102929A
:100CB0000193049880680090009820F47F40009091
:100CC00003980299019A41EA0221014300980843DE
:100CD000009000980499886005B0704783B0029036
:100CE0000191029880680090009820F070000090B8
:100CF00001980099084340F007000090009802997D
:100D0000886003B07047000085B004900391049898
:100D1000006A01900499086A20F0010008620498B2
:100D200040680090049880690290029820F070005A
:100D30000290029820F00300029003980168029844
:100D400008430290019820F0020001900398816806
:100D500001980843019004980021C4F201018842DF
:100D600008D0FFE7049840F20041C4F20101884234
:100D70000ED1FFE7019820F0080001900398C168A8
:100D8000019808430190019820F004000190FFE7CA
:100D900004980021C4F20101884208D0FFE70498BA
:100DA00040F20041C4F20101884213D1FFE70098EC
:100DB00020F480700090009820F400700090039858
:100DC000416900980843009003988169009808439E
:100DD0000090FFE7009804994860029804998861A0
:100DE000039840680499486301980499086205B023
:100DF0007047000085B0049003910498006A019048
:100E00000499086A20F01000086204984068009075
:100E1000049880690290029820F4E04002900298C1
:100E200020F44070029003980168029840EA012083
:100E30000290019820F020000190039881680198A9
:100E400040EA0110019004980021C4F20101884297
:100E500008D0FFE7049840F20041C4F20101884243
:100E60000FD1FFE7019820F0800001900398C1683E
:100E7000019840EA01100190019820F04000019093
:100E8000FFE704980021C4F20101884208D0FFE77F
:100E9000049840F20041C4F20101884215D1FFE7F5
:100EA000009820F480600090009820F4006000908A
:100EB00003984169009840EA810000900398816995
:100EC000009840EA81000090FFE70098049948608C
:100ED000029804998861039840680499886301988E
:100EE0000499086205B0704785B004900391049896
:100EF000006A01900499086A20F4807008620498DE
:100F0000406800900498C0690290029820F0700038
:100F10000290029820F00300029003980168029862
:100F200008430290019820F40070019003988168B2
:100F3000019840EA0120019004980021C4F20101C7
:100F4000884208D0FFE7049840F20041C4F2010152
:100F500088420FD1FFE7019820F4006001900398C8
:100F6000C168019840EA01200190019820F4806056
:100F70000190FFE704980021C4F20101884208D0E3
:100F8000FFE7049840F20041C4F20101884215D104
:100F9000FFE7009820F480500090009820F4005063
:100FA000009003984169009840EA0110009003986E
:100FB0008169009840EA01100090FFE700980499C9
:100FC000486002980499C861039840680499C8630E
:100FD00001980499086205B07047000085B004903C
:100FE00003910498006A01900499086A20F48050E3
:100FF00008620498406800900498C06902900298C2
:1010000020F4E0400290029820F44070029003988F
:101010000168029840EA01200290019820F40050F3
:10102000019003988168019840EA0130019004988A
:101030000021C4F20101884208D0FFE7049840F281
:101040000041C4F2010188420BD1FFE7009820F46F
:101050008040009003984169009840EA8110009018
:10106000FFE700980499486002980499C8610398C2
:1010700040680499086401980499086205B07047B3
:1010800085B00490039102920498006A009004993C
:10109000086A20F0010008620498806901900198B4
:1010A00020F0F00001900299019840EA01100190AF
:1010B000009820F00A0000900399009808430090DF
:1010C00001980499886100980499086205B07047F6
:1010D00085B00490039102920498006A00900499EC
:1010E000086A20F010000862049880690190019855
:1010F00020F4704001900299019840EA013001907B
:10110000009820F0A00000900399009840EA011098
:10111000009001980499886100980499086205B0CC
:101120007047000080B582B001900198806B0090FC
:1011300000990020C8850099C8840098F6F7D2FC71
:1011400002B080BD80B584B0039000200290039867
:10115000806B0190019800684069C0B2C00902909C
:10116000019890F8410021280AD1FFE7029838B190
:10117000FFE701990020C884019800F013F9FFE708
:10118000019800684069C0F380100290019890F8BF
:10119000420022280AD1FFE7029838B1FFE70199FF
:1011A0000020C885019800F09FF8FFE70199486C7E
:1011B00040F0100048640198F6F794FC04B080BD3C
:1011C00080B586B005900598806B049005980068FE
:1011D0000068C00500285AD4FFE704990020C8859C
:1011E000FFE7FFE70498006850E8030F20F48070E1
:1011F0000390FFE703990498026842E8031000286F
:10120000F0D1FFE7FFE7FFE7FFE70498006850E849
:10121000050F20F001000290FFE702990498026890
:1012200042E805100028F0D1FFE7FFE7FFE7FFE7FE
:101230000498006850E8050F20F040000190FFE797
:1012400001990498026842E805100028F0D1FFE7F0
:10125000FFE70499202081F842000498006B0128E0
:1012600014D1FFE7FFE7FFE70498006850E8030F99
:1012700020F010000090FFE700990498026842E80F
:1012800003100028F0D1FFE7FFE7FFE7FFE704992D
:10129000002048630498006B012805D1FFE70498FB
:1012A000818DF6F719FC03E00498F7F7CDF8FFE716
:1012B00006B080BD80B582B001900198806B00902F
:1012C0000099012048630098006B012806D1FFE7D0
:1012D0000098818D4908F6F7FFFB03E00098F7F7C7
:1012E000BBF8FFE702B080BD84B00390FFE7FFE7E3
:1012F0000398006850E8030F20F490700290FFE715
:1013000002990398026842E803100028F0D1FFE731
:10131000FFE7FFE7FFE70398006850E8050F20F0BC
:1013200001000190FFE701990398026842E8051067
:101330000028F0D1FFE7FFE70398006B012814D1E4
:10134000FFE7FFE7FFE70398006850E8030F20F08E
:1013500010000090FFE700990398026842E803102C
:101360000028F0D1FFE7FFE7FFE70399202081F88D
:10137000420003990020086304B0704780B582B032
:10138000019001980168C86820F04000C860019988
:10139000202081F841000198F7F762F8002002B0A0
:1013A00080BD000082B00190FFE7FFE70198006870
:1013B00050E8030F20F0C0000090FFE7009901986B
:1013C000026842E803100028F0D1FFE7FFE7019927
:1013D000202081F8410002B07047000080B586B03F
:1013E0000490049890F84200222840F0A480FFE77F
:1013F00004988068B0F5805F15D1FFE70498006914
:1014000088B9FFE7002003900498806A029004984E
:10141000006840686FF35F20029908800499886A29
:101420000230886225E00498806A039000200290D0
:1014300004988068B0F5805F08D0FFE70498806862
:1014400050B9FFE70498006930B9FFE704980068D5
:1014500040680399087007E004980068406800F04D
:101460007F0003990870FFE70499886A0130886259
:10147000FFE70499C88D0138C8850004002856D1BB
:10148000FFE704980168C86820F02000C86004984D
:101490000168C86820F48070C860049801684869D1
:1014A00020F0010048610499202081F8420004994D
:1014B000002048630498006B012830D1FFE70499AD
:1014C00000200863FFE7FFE70498006850E8030F77
:1014D00020F010000190FFE701990498026842E8AB
:1014E00003100028F0D1FFE7FFE7049800680068C8
:1014F000C00600280ED5FFE7FFE700200090049803
:1015000000680068009004980068406800900098A7
:10151000FFE7FFE70498818DF6F7DEFA03E0049811
:10152000F6F792FFFFE700208DF8170007E0002094
:101530008DF8170003E002208DF81700FFE79DF8F3
:10154000170006B080BD000080B586B005900598F4
:101550000068006920F44050059A1168D268104371
:101560000861059988680B694A69C969184310437D
:101570000843049005980068C06849F20C618843EC
:101580000499084305990968C8600598006840698E
:1015900020F44070059A11689269104348610598DB
:1015A000006841F20001C4F20101884209D0FFE75E
:1015B0000598006841F20041C4F20101884204D15B
:1015C000FFE7F4F7B9FD039003E0F4F7A3FD039000
:1015D000FFE70598C069B0F5004F29D1FFE70398F0
:1015E0001921A0FB0101059A1368029353685A0060
:1015F000DB0FEEF76FFE0299864648F21F53C5F2E5
:10160000EB13AEFB0320420910014FF0640C02FB08
:101610001CEC322202EBCC02A2FB0332F82303EAD9
:10162000521300EB4300C2F342121044886026E0DC
:1016300003981921A0FB0101059A136801935368CF
:101640009A009B0FEEF746FE0199844648F21F521E
:10165000C5F2EB12ACFB02304309642003FB10CC53
:10166000322000EB0C10A0FB0202F02000EA521026
:1016700000EB0310C2F3431210448860FFE706B08A
:1016800080BD000080B588B007900691ADF81620A7
:10169000069807998862BDF816000799888507990A
:1016A00000204864079A222182F842100799CA6BE9
:1016B00041F2C111C0F60101D1630799CA6B41F231
:1016C000B521C0F6010111640799CA6B41F24511B9
:1016D000C0F60101D1640799C96B086506A804909A
:1016E00007980168C06B0431049A1268BDF816307F
:1016F000F2F74AFCFFE700200390079800680068B3
:10170000039007980068406803900398FFE70798E4
:101710000069A0B1FFE7FFE7FFE70798006850E81E
:10172000030F40F480700290FFE702990798026867
:1017300042E803100028F0D1FFE7FFE7FFE7FFE7EB
:10174000FFE70798006850E8050F40F0010001909E
:10175000FFE701990798026842E805100028F0D1D8
:10176000FFE7FFE7FFE7FFE70798006850E8050F8E
:1017700040F040000090FFE700990798026842E8B7
:1017800005100028F0D1FFE7FFE7002008B080BD7A
:1017900083B002900191ADF802200198029988620D
:1017A000BDF8020002998885BDF802000299C8853B
:1017B0000299002048640299222081F84200029890
:1017C000006938B1FFE702980168C86840F480708A
:1017D000C860FFE702980168486940F0010048616D
:1017E00002980168C86840F02000C860002003B07B
:1017F0007047000083B00190019890F841002128C3
:101800003AD1FFE701988068B0F5805F13D1FFE718
:101810000198006978B9FFE70198006A0090009884
:1018200000886FF35F200199096848600199086A90
:101830000230086208E0019A106A411C11620078C7
:10184000019909684860FFE70199C88C0138C8848C
:10185000000468B9FFE701980168C86820F08000BB
:10186000C86001980168C86840F04000C860FFE7A0
:1018700000208DF80B0003E002208DF80B00FFE73D
:101880009DF80B0003B0704780B542F6E820C2F225
:101890000000F6F72BF980BD80B542F63030C2F279
:1018A0000000F6F723F980BD80B542F67830C2F229
:1018B0000000F6F71BF980BD80B586B004908DF866
:1018C0000F100498D0F8C80201900498D0F8D412F0
:1018D00000EB8100D0F8C00220B9FFE703208DF8AB
:1018E00017005FE00498D0F8D41200EB8100D0F824
:1018F000C002029004989DF80F1001F00F0101EB57
:10190000810100EB8100806940B3FFE704989DF8F6
:101910000F1001F00F0101EB810200EB82008269E0
:10192000019801EBC10100EB8100C169B2FBF1F04C
:1019300000FB112090B9FFE704989DF80F1001F00B
:101940000F0101EB810100EB81000023836104980A
:101950009DF80F101A4601F04FFD1FE0029900207C
:10196000C1F814020498D0F8D41200EB8100D0F82A
:10197000C402006988B1FFE70498D0F8D41200EBE4
:101980008100D0F8C40203690299D1F8080201F578
:1019900004719DF80F209847FFE7FFE700208DF8BE
:1019A0001700FFE79DF8170006B080BD80B584B032
:1019B00002908DF807100298D0F8D41200EB810045
:1019C000D0F8C00200900298D0F8D41200EB810049
:1019D000D0F8C00220B9FFE703208DF80F0019E00E
:1019E00002989DF8071001F091FA0099C1F80C02D5
:1019F0000298D0F8D41200EB8100D0F8C402C2687B
:101A00000099D1F8040201F50371904700208DF888
:101A10000F00FFE79DF80F0004B080BD80B586B0D1
:101A200005908DF81310059840F20901C2F20001EB
:101A30000091097801F084F800990598097801F07F
:101A40000F0101EB810100EB8101002003908884EC
:101A5000059840F20A01C2F200010191097801F0F3
:101A60006FF8019A03980599127802F00F0202EBC1
:101A7000820201EB8201A1F86401059840F208019D
:101A8000C2F200010291097801F05AF8029A039813
:101A90000599137803F00F0303EB830301EB830134
:101AA00088840599127802F00F0202EB820201EBA2
:101AB0008201C8840598D0F8D41200EB8100D0F8D8
:101AC000C002F0B1FFE70598D0F8D41200EB810016
:101AD000D0F8C402406880470598D0F8D41200EBD3
:101AE0008100D0F8C00202F023F90598D0F8D41292
:101AF00000EB81010020C1F8C0020599C1F8BC02C9
:101B0000FFE7002006B080BD80B584B00290029847
:101B1000D0F8D41200EB8100D0F8C00201900198F7
:101B200020B9FFE703208DF80F0025E00298D0F8D8
:101B3000D41200EB8100D0F8C402C8B1FFE70198CD
:101B400090F80002FF2813D0FFE70298D0F8D412D3
:101B500000EB8100D0F8C4028368019991F800027B
:101B600091F8012298470199FF2081F80002FFE7D0
:101B700000208DF80F00FFE79DF80F0004B080BD36
:101B800081B0009000990A20088040F2A800C2F2BB
:101B9000000001B07047000080B586B0059040F2AB
:101BA0006400C2F200000190822100F051FE014663
:101BB00001980491012100F04BFE01460198039128
:101BC000812100F045FE0290049820B1FFE70499BE
:101BD00010208871FFE7039820B1FFE703994020A8
:101BE0008880FFE7029820B1FFE7029940208880B3
:101BF000FFE705994320088040F26400C2F200002C
:101C000006B080BD80B586B0059040F26400C2F297
:101C100000000190822100F01BFE01460198049112
:101C2000012100F015FE014601980391812100F089
:101C30000FFE0290049820B1FFE7049910208871EC
:101C4000FFE7039828B1FFE703994FF400708880FD
:101C5000FFE7029828B1FFE702994FF400708880EF
:101C6000FFE705994320088040F26400C2F20000BB
:101C700006B080BD80B586B0059040F26400C2F227
:101C800000000190822100F0E3FD014601980491DB
:101C9000012100F0DDFD014601980391812100F052
:101CA000D7FD0290049820B1FFE7049910208871B5
:101CB000FFE7039820B1FFE7039940208880FFE702
:101CC000029820B1FFE7029940208880FFE705993C
:101CD0004320088040F26400C2F2000006B080BDDC
:101CE00080B590B00E908DF837104FF4077002F069
:101CF00023F80C900C9860B9FFE70E98D0F8D41236
:101D000000EB81010020C1F8C00202208DF83F00E5
:101D1000F0E00C984FF40771EEF7E2FB0C980E9987
:101D2000D1F8D42201EB8201C1F8C0020E99D1F89A
:101D3000D40201EB8000D0F8C002C1F8BC020E98BA
:101D4000007C002840D1FFE70E9840F20901C2F262
:101D5000000107910978022208924FF40073099359
:101D600001F0C0F90799089A099B0E98097801F0CB
:101D70000F0101EB810100EB810101200B908884B0
:101D80000E9840F20A01C2F200010A91097801F0AE
:101D9000A9F90A9A0B980E99127802F00F0202EB39
:101DA000820201EB8201A1F864010E9840F2080161
:101DB000C2F20001097801F00F0101EB810100EB93
:101DC00081011020C8843EE00E9840F20901C2F261
:101DD000000102910978022203924023049301F04A
:101DE00081F90299039A049B0E98097801F00F017A
:101DF00001EB810100EB81010120069088840E989F
:101E000040F20A01C2F200010591097801F06AF975
:101E1000059A06980E99127802F00F0202EB8202E0
:101E200001EB8201A1F864010E9840F20801C2F2B0
:101E30000001097801F00F0101EB810100EB810144
:101E40001020C884FFE70E9840F20801C2F200019A
:101E5000009109780322082301F044F900990E98B3
:101E6000097801F00F0101EB810100EB81010120F4
:101E700088840C9900200190C1F804020E98D0F8D3
:101E8000D41200EB8100D0F8C402006880470198AA
:101E90000C99C1F814020C99C1F818020C98D0F8EA
:101EA000040220B9FFE702208DF83F0022E00E98DF
:101EB000007C70B9FFE70E9840F20A01C2F20001FF
:101EC00009780C9AD2F804224FF4007301F030F92B
:101ED0000CE00E9840F20A01C2F2000109780C9A57
:101EE000D2F80422402301F023F9FFE700208DF807
:101EF0003F00FFE79DF83F0010B080BD80B584B083
:101F000002900298D0F8D41200EB8100D0F8C00201
:101F100001900298D0F8D41200EB8100D0F8C002F2
:101F200020B9FFE703208DF80F0022E00298007C23
:101F300070B9FFE7029840F20A01C2F20001097885
:101F4000019AD2F804224FF4007301F0F1F80CE08A
:101F5000029840F20A01C2F200010978019AD2F80F
:101F60000422402301F0E4F8FFE700208DF80F0081
:101F7000FFE79DF80F0004B080BD000083B0019022
:101F80000091009820B9FFE703208DF80B000BE0CB
:101F900000980199D1F8D42201EB8201C1F8C40262
:101FA00000208DF80B00FFE79DF80B0003B0704791
:101FB00084B0029001910298D0F8D41200EB810015
:101FC000D0F8C0020090009820B9FFE703208DF8F8
:101FD0000F0007E001980099C1F8040200208DF875
:101FE0000F00FFE79DF80F0004B0704785B0039025
:101FF000029101920398D0F8D41200EB8100D0F83E
:10200000C0020090009820B9FFE703208DF813006C
:102010000BE002980099C1F8080201980099C1F8F4
:10202000100200208DF81300FFE79DF8130005B0A3
:102030007047000080B58AB0089007910898D0F8E2
:10204000D41200EB8100D0F8C002069000208DF879
:102050001500ADF812008DF81100069820B9FFE7C1
:1020600003208DF82700C7E00798007800F0600093
:102070000146039100285ED0FFE70398202840F036
:10208000AE80FFE70798C088002846D0FFE7079892
:1020900000780006002823D5FFE70898D0F8D4126E
:1020A00000EB8100D0F8C4028368079A5078069943
:1020B000D28898470798C088082803D3FFE70720ED
:1020C000029003E00798C0880290FFE70298ADF8FD
:1020D000160008980699BDF8162000F037F91BE0A5
:1020E00007984078069981F800020798C0883F2831
:1020F00004D8FFE70798C088019002E040200190D3
:10210000FFE70198069981F801020898069991F86D
:10211000012200F0EDF8FFE70CE00898D0F8D412A7
:1021200000EB8100D0F8C402836807994878002248
:102130009847FFE75BE007984078014600910B283D
:1021400044D80099DFE801F006414242424242424F
:1021500042421C32089890F89C02032807D1FFE7FE
:1021600008980DF11201022200F0F0F807E008983B
:10217000079900F0AFF803208DF81100FFE72DE07C
:10218000089890F89C02032807D1FFE708980DF102
:102190001501012200F0DAF807E00898079900F02D
:1021A00099F803208DF81100FFE717E0089890F8E0
:1021B0009C02032808D0FFE70898079900F08AF8E6
:1021C00003208DF81100FFE708E007E00898079961
:1021D00000F080F803208DF81100FFE707E0089871
:1021E000079900F077F803208DF81100FFE79DF8BC
:1021F00011008DF82700FFE79DF827000AB080BD89
:1022000080B582B001908DF8031000208DF8020097
:102210000198D0F8B8124A689DF80310904720B191
:10222000FFE703208DF80200FFE79DF8020002B0EF
:1022300080BD000080B582B001900091019890F8B7
:102240009C02013802280ED8FFE700984088012838
:1022500008D1FFE701990020C1F8A402019800F01D
:102260008FF8FFE704E00198009900F033F8FFE7EA
:1022700002B080BD82B001908DF80310002002B042
:102280007047000082B001908DF80310002002B06A
:102290007047000080B584B00390029101920398CA
:1022A000029A019B0021009100F042FF009804B0C7
:1022B00080BD000080B584B0039002910192039824
:1022C000029A019B0021009101F096F8009804B059
:1022D00080BD000080B582B00190009101988021FE
:1022E00001F03CF80198002101F038F802B080BDFF
:1022F00080B584B003900291019203990320C1F844
:10230000940201980399C1F8580101980399C1F802
:102310005C010398029A019B0021009100F008FFE4
:10232000009804B080BD000080B582B00190019992
:102330000520C1F8940201980023009319461A461B
:1023400000F0F6FE009802B080BD000080B584B0B9
:1023500003900291019203990220C1F8940201981E
:102360000399886101980399C8610398029A019BB7
:102370000021009101F040F8009804B080BD0000F9
:1023800080B582B0019001990420C1F894020198AF
:102390000023009319461A4601F02EF8009802B067
:1023A00080BD000080B582B08DF8070000919DF8D7
:1023B000070060B9FFE7009A4AF6F350C0F6010043
:1023C00040F26841C2F2000100F0DEFA0BE0009A30
:1023D0004AF6F350C0F6010040F26841C2F2000133
:1023E00000F0D2FAFFE740F26840C2F2000002B00B
:1023F00080BD000082B08DF8070000910099122086
:10240000088040F2B400C2F2000002B07047000041
:1024100080B582B08DF8070000919DF8070060B983
:10242000FFE7009A4AF6E550C0F6010040F2684125
:10243000C2F2000100F0A8FA0BE0009A4AF6E5505B
:10244000C0F6010040F26841C2F2000100F09CFABF
:10245000FFE740F26840C2F2000002B080BD000019
:1024600082B08DF80700009100990420088040F2A6
:10247000DC00C2F2000002B07047000080B584B0FA
:102480008DF80F000291029A4AF6FE50C0F6010044
:1024900040F26841C2F20001019100F075FA019822
:1024A00004B080BD80B582B08DF8070000919DF822
:1024B000070060B9FFE7009A4AF61160C0F6010014
:1024C00040F26841C2F2000100F05EFA0BE0009AAF
:1024D0004AF61160C0F6010040F26841C2F2000104
:1024E00000F052FAFFE740F26840C2F2000002B08A
:1024F00080BD000080B582B08DF807000091009982
:102500001A200880F0F7F8F840F2E000C2F200006C
:1025100002B080BD80B584B0039002910298C0885B
:10252000012805D0FFE703980299FFF7D3FE21E0C9
:10253000039890F89C12481E0191022804D3FFE7EB
:10254000019803280AD00FE00399002088600398BF
:1025500000F108010122FFF7F9FE0AE00398011DCE
:102560000122FFF7F3FE04E003980299FFF7B2FEA1
:10257000FFE7FFE704B080BD80B588B00790069103
:102580000020ADF8160004908DF80F000698C07872
:10259000013801460291062800F21E810299DFE807
:1025A00011F0070011002E001B011B01E8000001C3
:1025B0000798D0F8B4120A68007C0DF11601904714
:1025C000049013E10798007C60B9FFE70798D0F802
:1025D000B802816A0DF11600884704900499022020
:1025E00048700BE00798D0F8B802C16A0DF11600E8
:1025F00088470490049902204870FFE7F6E00698A7
:10260000807801460191052800F2A8800199DFE851
:1026100001F0031E39546F8A0798D0F8B40240685D
:1026200050B1FFE70798D0F8B4124A68007C0DF16A
:1026300016019047049009E007980699FFF74AFEB3
:102640009DF80F0001308DF80F00FFE790E007982C
:10265000D0F8B402806850B1FFE70798D0F8B41200
:102660008A68007C0DF116019047049009E00798F4
:102670000699FFF72FFE9DF80F0001308DF80F002F
:10268000FFE775E00798D0F8B402C06850B1FFE7E3
:102690000798D0F8B412CA68007C0DF11601904773
:1026A000049009E007980699FFF714FE9DF80F00C3
:1026B00001308DF80F00FFE75AE00798D0F8B40218
:1026C000006950B1FFE70798D0F8B4120A69007C9E
:1026D0000DF116019047049009E007980699FFF75D
:1026E000F9FD9DF80F0001308DF80F00FFE73FE086
:1026F0000798D0F8B402406950B1FFE70798D0F8C6
:10270000B4124A69007C0DF116019047049009E06B
:1027100007980699FFF7DEFD9DF80F0001308DF850
:102720000F00FFE724E00798D0F8B402806950B1A9
:10273000FFE70798D0F8B4128A69007C0DF1160102
:102740009047049009E007980699FFF7C3FD9DF8AC
:102750000F0001308DF80F00FFE709E00798069998
:10276000FFF7B8FD9DF80F0001308DF80F00FFE76F
:102770003CE00798007C48B9FFE70798D0F8B8021A
:10278000416B0DF116008847049009E007980699FF
:10279000FFF7A0FD9DF80F0001308DF80F00FFE757
:1027A00024E00798007C60B9FFE70798D0F8B802EA
:1027B000016B0DF1160088470490049907204870BA
:1027C00009E007980699FFF785FD9DF80F00013095
:1027D0008DF80F00FFE709E007980699FFF77AFDEB
:1027E0009DF80F0001308DF80F00FFE79DF80F00F6
:1027F00008B1FFE72AE00698C08818B3FFE7BDF8E4
:102800001600C8B1FFE7BDF816000699C9888842CE
:1028100004DAFFE7BDF81600009003E00698C088D0
:102820000090FFE70098ADF8160007980499BDF8EE
:102830001620FFF78BFD04E007980699FFF74AFD85
:10284000FFE703E00798FFF79BFDFFE708B080BDB7
:1028500080B586B005908DF8131005980390059803
:10286000029000200190029948880978884227DD6B
:10287000FFE702980078ADF80200FFE7BDF802001C
:102880000299498888421ADAFFE703980DF102019C
:1028900000F034F803900398407805280ED1FFE744
:1028A00003980190019880789DF81310884201D117
:1028B000FFE704E000200190FFE7FFE7DEE7FFE726
:1028C000019806B080BD000083B0029000208DF812
:1028D000070002980090FFE70098007848B1FFE7F2
:1028E0009DF8070001308DF8070000980130009036
:1028F000F2E79DF8070003B07047000083B0029034
:10290000019102980090009802780199088810447B
:10291000088002980099097808440090009803B054
:102920007047000080B582B001900091019890F846
:102930009C02013802281FD8FFE70098C0880228AF
:1029400005D0FFE701980099FFF7C4FC19E0019951
:102950000120C8600198D0F8A40230B1FFE70199C6
:10296000C86840F00200C860FFE7019800F10C0160
:102970000222FFF7EBFC04E001980099FFF7AAFCA4
:10298000FFE702B080BD000080B586B005900491DD
:10299000039200208DF80B00059808B9FFE74FE07F
:1029A000059801900198FFF78FFF0146022000EB88
:1029B0004100B0F5007F04D9FFE74FF400700090AC
:1029C00008E00198FFF780FF0146022000EB41007C
:1029D0000090FFE700980399088003980078049915
:1029E0009DF80B2088549DF80B0001308DF80B00EA
:1029F00004999DF80B20032088549DF80B000130AA
:102A00008DF80B00FFE701980078C8B1FFE7019847
:102A1000007804999DF80B208854019801300190AA
:102A20009DF80B0001308DF80B0004999DF80B20E8
:102A3000002088549DF80B0001308DF80B00E2E770
:102A400006B080BD82B08DF8070000208DF806002A
:102A50009DF8070001460091032814D80099DFE88B
:102A600001F002060A0E00208DF806000FE0032098
:102A70008DF806000BE001208DF8060007E003202A
:102A80008DF8060003E003208DF80600FFE79DF8AF
:102A9000060002B07047000080B584B0029001913A
:102AA0008DF80320029820B9FFE703208DF80F006E
:102AB00023E002990020C1F8B8020299C1F8C402CB
:102AC0000299C1F8D002019828B1FFE70198029954
:102AD000C1F8B402FFE70299012081F89C029DF839
:102AE000030002990870029800F01EFA8DF80200A7
:102AF0009DF802008DF80F00FFE79DF80F0004B06D
:102B000080BD000080B582B001908DF803100020D8
:102B10008DF802008DF801000198D0F8C8029DF8E8
:102B20000310F2F743F98DF802009DF80200FFF759
:102B300089FF8DF801009DF8010002B080BD000002
:102B400080B582B001908DF8031000208DF802004E
:102B50008DF801000198D0F8C8029DF80310F2F733
:102B6000D1F88DF802009DF80200FFF76BFF8DF899
:102B700001009DF8010002B080BD000080B588B062
:102B800006908DF8171004929DF81700002874D154
:102B9000FFE70698143003900698D0F894020228B4
:102BA0005DD1FFE703998868C968884212D9FFE7B9
:102BB00003998868CA68801A886006980499039AFD
:102BC0009268FFF777FB0698002319461A4600F033
:102BD000AFFA43E003988168C06888421ED1FFE7DE
:102BE00003994868C968884218D3FFE7039840688A
:102BF0000699D1F89812884210D2FFE70698002271
:102C000001921146FFF756FB019B0698C0F89832D7
:102C1000069819461A4600F08BFA1EE0069890F8BE
:102C20009C02032811D1FFE70698D0F8B802C068CB
:102C300050B1FFE706990020C1F8D4020698D0F8F9
:102C4000B812C9688847FFE7FFE70698802100F0BF
:102C500085FB0698FFF768FBFFE7FFE7FFE70698AD
:102C600090F8A00240B1FFE7069800F053FC0699E7
:102C7000002081F8A002FFE740E006989DF81710B9
:102C800041F08001FFF7F6FA8DF80A009DF80A007E
:102C9000FF2832D0FFE79DF80A0070BBFFE70698D7
:102CA00090F89C02032827D1FFE706989DF80A10A8
:102CB00000EB8100D0F8B8024069E0B1FFE79DF871
:102CC0000A000699C1F8D40206989DF80A1000EB94
:102CD0008101D1F8B8124A699DF8171090478DF814
:102CE0000B009DF80B0028B1FFE79DF80B008DF855
:102CF0001F0007E0FFE7FFE7FFE7FFE700208DF891
:102D00001F00FFE79DF81F0008B080BD80B58AB0A6
:102D100008908DF81F10069200208DF813009DF882
:102D20001F00002840F08280FFE7089800F5AA7095
:102D300005900898D0F89402032876D1FFE705990A
:102D40008868C96888421DD9FFE705998868CA68FC
:102D5000801A886008980290069803900599886800
:102D6000C968884204D2FFE705988068019003E0B3
:102D70000598C0680190FFE703990298019AFFF750
:102D800089FA51E0089890F8AA0200F01F00014665
:102D9000009140B1FFE70098012808D0FFE70098B4
:102DA00002280CD013E000208DF8120013E00898E0
:102DB00090F8AE12FFF766FA8DF812000BE0089853
:102DC00090F8AE12FFF756FA8DF8120003E00020DB
:102DD0008DF81200FFE79DF8120008BBFFE7089886
:102DE00090F89C0203281AD1FFE708989DF812106A
:102DF00000EB8100D0F8B802006978B1FFE79DF8D8
:102E000012000899C1F8D40208989DF8121000EB3E
:102E10008101D1F8B81209698847FFE7FFE7FFE7AA
:102E20000898FFF7ADFAFFE7FFE740E008989DF844
:102E30001F1001F07F01FFF71DFA8DF812009DF8B9
:102E40001200FF2832D0FFE79DF8120070BBFFE7A9
:102E5000089890F89C0203281ED1FFE708989DF877
:102E6000121000EB8100D0F8B802806998B1FFE73A
:102E70009DF812000899C1F8D40208989DF8121024
:102E800000EB8101D1F8B8128A699DF81F109047B4
:102E90008DF81300FFE7FFE79DF8130028B1FFE767
:102EA0009DF813008DF8270005E0FFE7FFE70020FD
:102EB0008DF82700FFE79DF827000AB080BD0000CD
:102EC00081B00090002001B07047000080B582B052
:102ED000019000208DF803000199012081F89C02E7
:102EE0000198D0F8B80268B1FFE70198D0F8B8129D
:102EF0004A680179904720B1FFE703208DF803006D
:102F0000FFE7FFE79DF8030002B080BD80B582B007
:102F100001908DF803100198D0F8C8029DF80310B5
:102F2000F1F7A8FF02B080BD80B584B0039003988C
:102F30000078A8BBFFE7039942F24440C2F20000C8
:102F40000290C0F8E0140399C1F8C8024FF0A04104
:102F50000160042101710222C2710021817142725B
:102F60008172C17201738173C173F2F721FD18B1CF
:102F7000FFE7EFF7BDFBFFE742F24440C2F200007B
:102F8000019080210091F1F7F7FD01980021402286
:102F9000F1F7FEFD009A01980121F1F7F9FDFFE735
:102FA000002004B080BD000084B002908DF80710AE
:102FB0000298D0F8C80200909DF80700000600288B
:102FC0000DD5FFE700989DF8071001F07F0101EB98
:102FD000C10100EB8100807D8DF80F000DE00098AD
:102FE0009DF8071001F07F0101EBC10100EB8100AA
:102FF00090F856028DF80F00FFE79DF80F0004B01F
:103000007047000080B584B002908DF807100298D8
:10301000D0F8D41200EB8100D0F8B80220B9FFE755
:1030200003208DF80F0020E0029890F89C020328FE
:1030300017D1FFE70298D0F8D41200EB8100D0F846
:10304000B802006A60B1FFE70298D0F8D41200EB32
:103050008101D1F8B8120A6A9DF807109047FFE77E
:10306000FFE700208DF80F00FFE79DF80F0004B088
:1030700080BD000080B584B002908DF807100298E2
:10308000D0F8D41200EB8100D0F8B80220B9FFE7E5
:1030900003208DF80F0020E0029890F89C0203288E
:1030A00017D1FFE70298D0F8D41200EB8100D0F8D6
:1030B000B802406A60B1FFE70298D0F8D41200EB82
:1030C0008101D1F8B8124A6A9DF807109047FFE7CE
:1030D000FFE700208DF80F00FFE79DF80F0004B018
:1030E00080BD000080B584B003908DF80B108DF882
:1030F0000A20ADF8083000208DF807008DF8060092
:103100000398D0F8C8029DF80B10BDF808209DF870
:103110000A30F1F7C1FE8DF807009DF80700FFF7B0
:1031200091FC8DF806009DF8060004B080BD0000FB
:1031300080B586B005908DF813100392029300209D
:103140008DF807008DF806000598D0F8C8029DF8A4
:103150001310039A029BF1F717FF8DF807009DF8F3
:103160000700FFF76FFC8DF806009DF8060006B01B
:1031700080BD000080B586B0059000208DF813005A
:10318000059A012182F89C120599C1F894020599CB
:1031900048600599C1F8A402059981F8A002059834
:1031A000D0F8B802A0B1FFE70598D0F8B80240689F
:1031B00068B1FFE70598D0F8B8124A6801799047DE
:1031C00020B1FFE703208DF81300FFE7FFE7FFE7DB
:1031D000059800220192402303931146FFF782FFD6
:1031E000019A039B059901200290A1F864010598BA
:1031F000C0F8603105988021FFF774FF02990398A9
:10320000059A9184059908629DF8130006B080BD67
:1032100081B00090009890F89C02042807D1FFE745
:10322000009890F89D02009981F89C02FFE7002029
:1032300001B0704780B582B00190019890F89C026F
:10324000032813D1FFE70198D0F8B80268B1FFE76F
:103250000198D0F8B802C06930B1FFE70198D0F802
:10326000B812C9698847FFE7FFE7FFE7002002B00F
:1032700080BD000082B001908DF803109DF803001E
:1032800001990874002002B07047000080B582B038
:1032900001908DF8031000208DF802008DF80100D8
:1032A0000198D0F8C8029DF80310F2F739FD8DF8A7
:1032B00002009DF80200FFF7C5FB8DF801009DF8A4
:1032C000010002B080BD000080B584B0039002917F
:1032D000039800F2AA20029900F0B0F803990120A7
:1032E000C1F894020399B1F8B002C1F898020398AA
:1032F00090F8AA0200F01F000146009140B1FFE7DC
:10330000009801280CD0FFE70098022810D017E0A1
:10331000039800F2AA2100F055FA8DF8070019E091
:10332000039800F2AA2100F089FC8DF8070011E053
:10333000039800F2AA2100F0ABFA8DF8070009E02B
:10334000039890F8AA1201F0800100F007F88DF8B8
:103350000700FFE79DF8070004B080BD80B582B08C
:1033600001908DF8031000208DF802008DF8010007
:103370000198D0F8C8029DF80310F1F73BFE8DF8D4
:1033800002009DF80200FFF75DFB8DF801009DF83B
:10339000010002B080BD000080B582B00190002025
:1033A0008DF803008DF802000198D0F8C802F2F7FA
:1033B000F1FC8DF803009DF80300FFF743FB8DF847
:1033C00002009DF8020002B080BD000081B00090B4
:1033D000009890F89C02042807D0FFE7009890F826
:1033E0009C02009981F89D02FFE70099042081F872
:1033F0009C02002001B0704780B586B005908DF822
:1034000013100392029300208DF807008DF8060038
:103410000598D0F8C8029DF81310039A029BF1F7A3
:1034200059FE8DF807009DF80700FFF70BFB8DF89C
:1034300006009DF8060006B080BD000080B584B08F
:103440000390029102980190019800780399087006
:103450000198013001900198007803994870019813
:10346000013001900198FDF795FA03994880019881
:10347000013001900198013001900198FDF78AFA1E
:1034800003998880019801300190019801300190E2
:103490000198FDF77FFA0399C88004B080BD000051
:1034A00080B584B0029001910020ADF8020001982F
:1034B00020B9FFE703208DF80F0026E0019802995C
:1034C000C1F8B8020298D0F8D41200EB8100D0F80D
:1034D000B802C06A78B1FFE70298D0F8D41200EBC6
:1034E0008100D0F8B802C16A0DF102008847029944
:1034F000C1F8D002FFE70299D1F8D8020130C1F833
:10350000D80200208DF80F00FFE79DF80F0004B0EF
:1035100080BD000081B00090002001B07047000025
:1035200080B584B00390029102988088B8BBFFE711
:103530000298C08898BBFFE7029840887F282ED861
:10354000FFE70298807800F07F008DF8070003986D
:1035500090F89C02032805D1FFE703980299FEF733
:10356000B9FE1BE09DF80700039981F89E020398BD
:103570009DF80710FFF78AFE0398FEF701FF9DF8FC
:10358000070028B1FFE70399022081F89C0204E0BC
:103590000399012081F89C02FFE7FFE704E003980C
:1035A0000299FEF797FEFFE704B080BD80B582B0B8
:1035B00001908DF8031000208DF802000198D0F8DA
:1035C000B80250B1FFE70198D0F8B8120A689DF828
:1035D000031090478DF80200FFE79DF8020002B04B
:1035E00080BD000080B586B00490039100208DF866
:1035F0000B000398817840F26440C2F20000017031
:103600000078022808D3FFE704980399FEF762FECA
:1036100003208DF81700A0E0049890F89C02014662
:103620000191022804D0FFE7019803282FD07FE002
:1036300040F26440C2F20000007818B3FFE740F2A5
:103640006441C2F200010878049A50600498097835
:10365000FFF7ACFF8DF80B009DF80B0048B1FFE7BA
:1036600004980399FEF736FE0499022081F89C0223
:1036700007E00498FEF784FE0499032081F89C0279
:10368000FFE703E00498FEF77BFEFFE760E040F20F
:103690006440C2F20000007898B9FFE70499022064
:1036A00081F89C0240F26441C2F200010878049A59
:1036B000506004980978FEF7A3FD0498FEF760FEB9
:1036C00035E040F26440C2F2000000780499496895
:1036D000884227D0FFE704980179FEF791FD40F278
:1036E0006441C2F200010878049A50600498097895
:1036F000FFF75CFF8DF80B009DF80B0068B1FFE74A
:1037000004980399FEF7E6FD04980179FEF778FD29
:103710000499022081F89C0203E00498FEF730FE31
:10372000FFE703E00498FEF72BFEFFE7FFE70FE05B
:1037300004980399FEF7CEFD049840F26441C2F26A
:1037400000010978FEF75CFD03208DF80B00FFE710
:103750009DF80B008DF81700FFE79DF8170006B0E5
:1037600080BD000080B582B0019000910098408833
:10377000012808D1FFE701990120C1F8A4020198AE
:10378000FEF7FEFD13E000984088022809D1FFE70C
:1037900000984079019981F8A0020198FEF7F0FDA8
:1037A00004E001980099FEF795FDFFE7FFE702B0FE
:1037B00080BD000080B582B001900198FFF7ECFD5C
:1037C00002B080BD80B586B00590049100208DF8D0
:1037D0000F000498007800F0600001460291A8B143
:1037E000FFE70298202804D0FFE70298402846D13E
:1037F000FFE70598D0F8D41200EB8101D1F8B81298
:103800008A68049990478DF80F003DE0049840784D
:103810000146019109282CD80199DFE801F01B2508
:103820002A202A0A052A160F05980499FEF7A4FEF5
:1038300024E005980499FFF773FE1FE005980499AA
:10384000FFF7D0FE8DF80F0018E005980499FEF7F9
:1038500061FE13E005980499FFF764F80EE00598FF
:103860000499FFF77FFF09E005980499FEF7E2FC51
:1038700004E005980499FEF72DFDFFE704E00598A4
:103880000499FEF727FDFFE79DF80F0006B080BD05
:1038900080B58CB00B900A9100208DF821000A9819
:1038A00080888DF823000A98007800F060000146B7
:1038B0000791B8B3FFE70798202805D0FFE70798DE
:1038C000402840F0B281FFE70B989DF82310FEF7E7
:1038D000D1FC8DF822009DF82200FF2821D0FFE7BF
:1038E0009DF82200E8B9FFE79DF822000B99C1F886
:1038F000D4020B989DF8221000EB8100D0F8B8029A
:10390000806868B1FFE70B989DF8221000EB8101F9
:10391000D1F8B8128A680A9990478DF82100FFE71C
:10392000FFE787E10A98407801460691002800F0F9
:10393000BD80FFE7069801284CD0FFE706980328D2
:1039400040F06D81FFE70B9890F89C0201460591CD
:10395000022804D0FFE70598032819D034E09DF829
:10396000230078B1FFE79DF8230080280AD0FFE705
:103970000B989DF82310FFF7F1FC0B988021FFF7BF
:10398000EDFC04E00B980A99FEF7A4FCFFE720E0A9
:103990000A984088A0B9FFE79DF8230078B1FFE7B7
:1039A0009DF8230080280AD0FFE70A98C08830B924
:1039B000FFE70B989DF82310FFF7D0FCFFE7FFE728
:1039C0000B98FEF7DDFC04E00B980A99FEF782FCE9
:1039D000FFE729E10B9890F89C0201460491022828
:1039E00004D0FFE70498032819D059E09DF823007C
:1039F00078B1FFE79DF8230080280AD0FFE70B98F5
:103A00009DF82310FFF7AAFC0B988021FFF7A6FC76
:103A100004E00B980A99FEF75DFCFFE745E00A9881
:103A20004088E0BBFFE79DF82300400630B1FFE788
:103A30000B989DF82310FFF765F8FFE70B98FEF74A
:103A40009FFC0B989DF82310FEF714FC8DF82200C4
:103A50009DF82200FF2821D0FFE79DF82200E8B959
:103A6000FFE79DF822000B99C1F8D4020B989DF84E
:103A7000221000EB8100D0F8B802806868B1FFE73F
:103A80000B989DF8221000EB8101D1F8B8128A68DA
:103A90000A9990478DF82100FFE7FFE7FFE704E070
:103AA0000B980A99FEF716FCFFE7BDE00B9890F81B
:103AB0009C0201460391022804D0FFE703980328E3
:103AC00038D0A6E09DF8230050B1FFE79DF8230011
:103AD000802805D0FFE70B980A99FEF7FBFB9DE0D5
:103AE0009DF82300000600280CD5FFE70B989DF8F1
:103AF000231001F07F0101EB810100EB8100143004
:103B000002900CE00B989DF8231001F07F0101EB6F
:103B1000810100EB810000F5AA700290FFE7029896
:103B200009900999002008600B9809990222FEF774
:103B30000DFC73E09DF823000006002812D5FFE776
:103B40000B989DF8231001F00F0101EB810100EBB0
:103B50008100808C28B9FFE70B980A99FEF7BAFB21
:103B60005CE012E00B989DF8231001F00F0101EBCF
:103B7000810100EB8100B0F8640128B9FFE70B98E0
:103B80000A99FEF7A7FB49E0FFE79DF8230000062E
:103B900000280CD5FFE70B989DF8231001F07F015A
:103BA00001EB810100EB8100143001900CE00B98D7
:103BB0009DF8231001F07F0101EB810100EB8100F2
:103BC00000F5AA700190FFE7019809909DF8230085
:103BD00028B1FFE79DF82300802804D1FFE7099969
:103BE000002008600FE00B989DF82310FFF7DCF928
:103BF00020B1FFE709990120086003E0099900203E
:103C00000860FFE7FFE70B9809990222FEF79EFB89
:103C100004E00B980A99FEF75DFBFFE704E00B98C0
:103C20000A99FEF757FBFFE704E00B980A99FEF7A5
:103C300051FBFFE79DF821000CB080BD80B584B03A
:103C40000390029100208DF807000298007800F0A0
:103C500060000146009140B1FFE70098202804D0A1
:103C6000FFE7009840285AD1FFE7039890F89C029C
:103C7000013802284DD8FFE702980079012842D880
:103C8000FFE7039802990979FEF7FCFA8DF8060020
:103C90009DF80600FF2825D0FFE79DF8060008BB29
:103CA000FFE703989DF8061000EB8100D0F8B802FA
:103CB000806890B1FFE79DF806000399C1F8D4022F
:103CC00003989DF8061000EB8101D1F8B8128A68BC
:103CD000029990478DF8070003E003208DF8070054
:103CE000FFE703E003208DF80700FFE70298C08894
:103CF00040B9FFE79DF8070020B9FFE70398FEF7FA
:103D00003FFBFFE704E003980299FEF7E3FAFFE7C1
:103D100004E003980299FEF7DDFAFFE704E0039858
:103D20000299FEF7D7FAFFE79DF8070004B080BDBF
:103D300081B0009001B0704781B0009040F268609F
:103D4000C2F2000001B0704784B003900291039862
:103D5000019002980078009002984078012830D1B4
:103D6000FFE70298007800F00F01012000FA01F24D
:103D70000199D1F81C081043C1F81C08019800995A
:103D800000EB4110D0F800090004002818D4FFE728
:103D9000029988686FF3DF20097940EA8140009A30
:103DA00040EA8250019901EB4211D1F800291043F9
:103DB00048F20002C1F200021043C1F80009FFE717
:103DC0002EE00298007800F00F01012000FA01F2C5
:103DD0000199D1F81C0840EA0240C1F81C0801987A
:103DE000009900EB4110D0F8000B0004002816D415
:103DF000FFE7029988686FF3DF20097940EA814084
:103E00000199009A01EB4211D1F8002B104348F2BE
:103E10000002C1F200021043C1F8000BFFE7FFE708
:103E2000002004B07047000082B00190019800901B
:103E30000099D1F8000940F2FF729043C1F80009DF
:103E40000099D1F8040840F48070C1F804080020FB
:103E500002B0704780B58AB0DDF830C0CDF814C02C
:103E60000493039202919DF814108DF82410029986
:103E7000039A049B08930792069101909DF81D00F8
:103E8000012823D1FFE70199886B20F480308863F3
:103E90000199C8684FF6BF72CFF6BD721040C86076
:103EA0000199C86820F44010C8609DF824000128DA
:103EB00006D1FFE70199C86840F48010C860FFE7A9
:103EC000019800F033F88DF803001AE00199C868F2
:103ED00040F04000C860019800F028F88DF8030019
:103EE0009DF8210030B9FFE70199886B40F48030DC
:103EF000886305E00199886B20F480308863FFE7D0
:103F0000FFE79DF81A0001280BD1FFE701998868A7
:103F100040F0060088600199886840F020008860C1
:103F2000FFE79DF803000AB080BD000083B0019058
:103F300000200090FFE70098013000900098B0F159
:103F4000706F04D9FFE703208DF80B0026E0FFE730
:103F500001980069C00F0028EDD0FFE70020009015
:103F60000199086940F001000861FFE700980130FD
:103F700000900098B0F1706F04D9FFE703208DF82E
:103F80000B000BE0FFE70198006900F00100012839
:103F9000ECD0FFE700208DF80B00FFE79DF80B0049
:103FA00003B0704784B00390029103980190029887
:103FB0000078009002984078012845D1FFE70198E9
:103FC000009900EB4110D0F80009C00FA8B1FFE73D
:103FD0000198009900EB4111D1F8000940F0006010
:103FE000C1F800090198009900EB4111D1F80009CE
:103FF00040F08040C1F80009FFE70298007800F027
:104000000F01012000FA01F3019AD2F83C189943FC
:10401000C2F83C180299097801F00F0100FA01F288
:104020000199D1F81C089043C1F81C080198009927
:1040300000EB4111D1F8000947F60002CEF63342F9
:104040001040C1F8000946E00198009900EB4110CA
:10405000D0F8000BC00FA8B1FFE70198009900EB62
:104060004111D1F8000B40F00060C1F8000B01983D
:10407000009900EB4111D1F8000B40F08040C1F8ED
:10408000000BFFE70298007800F00F01012000FA12
:1040900001F3019AD2F83C1821EA0341C2F83C1816
:1040A0000299097801F00F0100FA01F20199D1F8A3
:1040B0001C0820EA0240C1F81C080198009900EB96
:1040C0004111D1F8000B47F60002CEF6F372104012
:1040D000C1F8000BFFE7002004B0704782B00190E8
:1040E000019800900099D1F8000E20F00300C1F86B
:1040F000000E0099D1F8040820F00200C1F804086D
:10410000002002B07047000082B00190019800903A
:104110000099D1F8000E20F00300C1F8000E0099BC
:10412000D1F8040840F00200C1F80408002002B0F1
:104130007047000080B58CB0DDF838C0CDF81CC0E9
:104140000693059204919DF81C108DF82C1004998B
:10415000059A069B0A9309920891039000208DF816
:104160000B00039901910090FFE700980E280CD8EE
:10417000FFE70398009900EB81010020C1F80401DA
:10418000FFE7009801300090EFE79DF82A00B8B9EA
:10419000FFE70199D1F8040840F00200C1F80408D3
:1041A0000399886B40F4001088630399886B20F4AE
:1041B000002088630399886B20F4802088630AE0DC
:1041C0000399886B20F4001088630399886B40F48E
:1041D00000208863FFE701990020C1F8000E9DF8D8
:1041E000250001280FD1FFE79DF8230028B9FFE73C
:1041F0000398002100F07CFE04E00398012100F008
:1042000077FEFFE704E00398032100F071FEFFE76B
:104210000398102100F0A8FC20B1FFE701208DF8E1
:104220000B00FFE7039800F065FC20B1FFE70120D9
:104230008DF80B00FFE701990020C1F810080199E3
:10424000C1F814080199C1F81C080090FFE7009814
:104250009DF8201088423BD2FFE70198009900EBBF
:104260004110D0F80009C00FB0B1FFE7009848B97D
:10427000FFE70198009900EB41114FF00060C1F891
:10428000000908E00198009900EB41114FF09040BF
:10429000C1F80009FFE707E00198009900EB411120
:1042A0000020C1F80009FFE70198009900EB4111D7
:1042B0000020C1F810090198009900EB41114FF658
:1042C0007F30C1F80809FFE7009801300090BEE791
:1042D00000200090FFE700989DF8201088423BD214
:1042E000FFE70198009900EB4110D0F8000BC00FD8
:1042F000B0B1FFE7009848B9FFE70198009900EBDB
:1043000041114FF00060C1F8000B08E001980099DE
:1043100000EB41114FF09040C1F8000BFFE707E0C0
:104320000198009900EB41110020C1F8000BFFE754
:104330000198009900EB41110020C1F8100B019881
:10434000009900EB41114FF67F30C1F8080BFFE7F1
:10435000009801300090BEE70199D1F8100820F4D0
:104360008070C1F8100803990020886103996FF0EC
:10437000804048619DF8220030B9FFE703998869C1
:1043800040F010008861FFE70399886943F6000256
:10439000C8F23C02104388619DF8260030B1FFE767
:1043A0000399886940F008008861FFE79DF82A00BA
:1043B000012808D1FFE7039988690422C4F20002AA
:1043C00010438861FFE79DF80B000CB080BD000032
:1043D00081B000900099886820F00100886000207A
:1043E00001B0704786B004908DF80F1002920498C7
:1043F00001900498006C0090009843F20B01C4F601
:10440000547188420BD3FFE70198D0F8000BC00F1E
:1044100020B1FFE700208DF817002EE0FFE701999B
:104420000020C1F8100B0199D1F8100B40F40020C6
:10443000C1F8100B0199D1F8100B40F01800C1F829
:10444000100B0199D1F8100B40F0C040C1F8100BCF
:104450009DF80F0001280CD1FFE702980199C1F8DF
:10446000140B0199D1F8000B40F08020C1F8000B2B
:10447000FFE700208DF81700FFE79DF8170006B052
:104480007047000084B00390029103980190029855
:104490000078009002984078012820D1FFE7019829
:1044A000009900EB4111D1F8000920F40010C1F887
:1044B000000902980079032805D0FFE702980079E7
:1044C00002280BD1FFE70198009900EB4111D1F8C8
:1044D000000940F08050C1F80009FFE71FE0019893
:1044E000009900EB4111D1F8000B20F40010C1F845
:1044F000000B02980079032805D0FFE702980079A5
:1045000002280BD1FFE70198009900EB4111D1F887
:10451000000B40F08050C1F8000BFFE7FFE70020E0
:1045200004B0704784B00390029103980190029800
:104530000078009002984078012822D1FFE7019886
:10454000009900EB4110D0F80009C00F70B9FFE7E7
:10455000009858B1FFE70198009900EB4111D1F89C
:10456000000920F08040C1F80009FFE70198009998
:1045700000EB4111D1F8000940F40010C1F8000926
:1045800021E00198009900EB4110D0F8000BC00F1A
:1045900070B9FFE7009858B1FFE70198009900EB68
:1045A0004111D1F8000B20F08040C1F8000BFFE76B
:1045B0000198009900EB4111D1F8000B40F4001074
:1045C000C1F8000BFFE7002004B0704780B588B049
:1045D000079006918DF817200798049006980078A8
:1045E000039006984078012840F02481FFE7069860
:1045F0000069F8B9FFE70498039900EB4111D1F87D
:1046000010096FF3DC40C1F810090498039900EB1E
:104610004111D1F8100940F40020C1F810090498A4
:10462000039900EB4111D1F810096FF31200C1F8A2
:10463000100971E00498039900EB4111D1F81009B9
:104640006FF31200C1F810090498039900EB4111AF
:10465000D1F810096FF3DC40C1F810090398A8B92C
:10466000FFE7069881680069884204D9FFE7069948
:1046700088680861FFE70498039900EB4111D1F8BD
:10468000100940F40020C1F8100937E0069881684D
:10469000006908440138B0FBF1F0ADF80A00BDF83C
:1046A0000A100020C1F6F87000EAC142049803998C
:1046B00000EB4111D1F810091043C1F81009069818
:1046C0000079012819D1FFE70498039900EB411103
:1046D000D1F8100920F0C040C1F81009BDF80A0057
:1046E00000F003020498039900EB4111D1F810097E
:1046F00040EA4270C1F81009FFE7FFE70698026937
:104700006FF3DF420498039900EB4111D1F81009CF
:104710001043C1F81009FFE79DF8170001283BD1AD
:10472000FFE70698C06948B1FFE70698C069049999
:10473000039A01EB4211C1F81409FFE706980079CA
:1047400001281ED1FFE70498D0F80808C00500280A
:104750000BD4FFE70498039900EB4111D1F800094D
:1047600040F00050C1F800090AE00498039900EBFA
:104770004111D1F8000940F08050C1F80009FFE76D
:10478000FFE70498039900EB4111D1F8000940F0CC
:104790000440C1F800094CE00498039900EB411172
:1047A000D1F8000940F00440C1F8000906980079EA
:1047B000012813D0FFE70698006970B1FFE706985B
:1047C000007800F00F01012000FA01F20499D1F8FD
:1047D00034081043C1F83408FFE729E00498D0F802
:1047E0000808C00500280BD4FFE70498039900EBE4
:1047F0004111D1F8000940F00050C1F800090AE069
:104800000498039900EB4111D1F8000940F0805061
:10481000C1F80009FFE70798069BD9681A781B8A38
:104820009DF817C0EE46CEF800C000F051FCFFE73F
:10483000FFE7C4E00498039900EB4111D1F8100B95
:104840006FF31200C1F8100B0498039900EB4111AB
:10485000D1F8100B6FF3DC40C1F8100B039818BBB4
:10486000FFE70698006920B1FFE7069988680861AC
:10487000FFE70699886808620698026A6FF3DF42CC
:104880000498039900EB4111D1F8100B1043C1F8C3
:10489000100B0498039900EB4111D1F8100B40F470
:1048A0000020C1F8100B49E006980069C0B9FFE785
:1048B000069882686FF3DF420498039900EB411178
:1048C000D1F8100B1043C1F8100B0498039900EBBA
:1048D0004111D1F8100B40F40020C1F8100B2CE06E
:1048E00006988168006908440138B0FBF1F0ADF822
:1048F0000A0006998868BDF80A2050430862BDF88E
:104900000A100020C1F6F87000EAC1420498039929
:1049100000EB4111D1F8100B1043C1F8100B0698B1
:10492000026A6FF3DF420498039900EB4111D1F85A
:10493000100B1043C1F8100BFFE7FFE79DF81700BD
:1049400001280ED1FFE70698C06848B1FFE7069836
:10495000C0680499039A01EB4211C1F8140BFFE7F8
:10496000FFE70698007901281ED1FFE70498D0F8E8
:104970000808C00500280BD4FFE70498039900EB52
:104980004111D1F8000B40F00050C1F8000B0AE0D3
:104990000498039900EB4111D1F8000B40F08050CE
:1049A000C1F8000BFFE7FFE70498039900EB411102
:1049B000D1F8000B40F00440C1F8000BFFE70020E5
:1049C00008B080BD85B004900391002002908DF85E
:1049D0000700049800900398407801283ED1FFE733
:1049E00000980399097800EB4110D0F80009C00F36
:1049F00098B3FFE700980399097800EB4111D1F8CB
:104A0000000940F00060C1F8000900980399097896
:104A100000EB4111D1F8000940F08040C1F80009D5
:104A2000FFE7029801300290029842F21171884229
:104A300004D3FFE701208DF807000DE0FFE70098A1
:104A40000399097800EB4110D0F8000900F000400C
:104A5000B0F1004FE5D0FFE7FFE73DE00098039994
:104A6000097800EB4110D0F8000BC00F98B3FFE7B6
:104A700000980399097800EB4111D1F8000B40F040
:104A80000060C1F8000B00980399097800EB411110
:104A9000D1F8000B40F08040C1F8000BFFE702980E
:104AA00001300290029842F21171884204D3FFE76C
:104AB00001208DF807000DE0FFE7009803990978C1
:104AC00000EB4110D0F8000B00F00040B0F1004FB7
:104AD000E5D0FFE7FFE7FFE79DF8070005B0704767
:104AE00081B000900099886840F001008860002043
:104AF00001B0704783B0019000200090FFE700985C
:104B0000013000900098B0F1706F04D9FFE70320E6
:104B10008DF80B0024E0FFE701980069C00F002822
:104B2000EDD0FFE700200090019910200861FFE719
:104B30000098013000900098B0F1706F04D9FFE741
:104B400003208DF80B000BE0FFE70198006900F0EF
:104B500010001028ECD0FFE700208DF80B00FFE7D5
:104B60009DF80B0003B0704784B0029001910020C3
:104B70000090FFE70098013000900098B0F1706F4E
:104B800004D9FFE703208DF80F0026E0FFE7029825
:104B90000069C00F0028EDD0FFE7002000900198C9
:104BA0008001203002990861FFE7009801300090F1
:104BB0000098B0F1706F04D9FFE703208DF80F0063
:104BC0000BE0FFE70298006900F020002028ECD0FD
:104BD000FFE700208DF80F00FFE79DF80F0004B0FD
:104BE0007047000084B00390039802900298D0F8B8
:104BF000080800F006000090009820B9FFE70020A8
:104C00008DF8070010E00098022804D0FFE7009814
:104C1000062804D1FFE702208DF8070003E00F20EB
:104C20008DF80700FFE7FFE79DF8070004B0704725
:104C300081B000900098406900F0010001B0704719
:104C400083B00290029801900198D0F81808009063
:104C50000198D0F81C18009808400090BDF800009A
:104C600003B0704783B00290029801900198D0F889
:104C7000180800900198D0F81C180098084000907F
:104C8000BDF8020003B0704786B005908DF8131090
:104C9000059803900398D0F8100801900398D0F875
:104CA0003408009000989DF8131001F00F01C840DF
:104CB00000F00101019840EAC110019003989DF8AD
:104CC000131000EB4110D0F8080901990840029038
:104CD000029806B07047000084B003908DF80B1066
:104CE0000398019001989DF80B1000EB4110D0F84B
:104CF000080B00900198D0F8141800980840009014
:104D0000009804B07047000082B00190019840699B
:104D1000009001988169009808400090009802B0C6
:104D20007047000089B008900791ADF81A200898E4
:104D3000059007980490BDF81A0080080190BDF80E
:104D40001A0000F00300ADF8020000200290FFE717
:104D500002980199884217D2FFE705984FF48051D5
:104D60004058049908600498013004900498013078
:104D70000490049801300490049801300490FFE7F7
:104D8000029801300290E3E7BDF8020008B3FFE7A4
:104D90000020029005984FF4805140580390FFE79F
:104DA00003989DF80810C900C8400499087002983B
:104DB00001300290049801300490BDF802000138DF
:104DC000ADF80200FFE7BDF802000028E8D1FFE7D8
:104DD000FFE7049809B0704780B586B004908DF85D
:104DE0000F10002002900499C86820F0C040C860ED
:104DF0009DF80F00012823D1FFE70499C86840F00F
:104E00000050C860FFE70A20EFF720F902980A3047
:104E10000290FFE70498FFF70BFF014600200129ED
:104E2000019007D0FFE702990020C82938BF012070
:104E30000190FFE70198C0070028E4D1FFE72AE0CE
:104E40009DF80F0010BBFFE70499C86840F0804050
:104E5000C860FFE70A20EFF7F9F802980A300290DD
:104E6000FFE70498FFF7E4FE01460020009039B107
:104E7000FFE702990020C82938BF01200090FFE712
:104E80000098C0070028E5D1FFE703E001208DF876
:104E900017000CE0FFE70298C82804D1FFE70120C3
:104EA0008DF8170003E000208DF81700FFE79DF84C
:104EB000170006B080BD000083B002908DF8071087
:104EC000029800900099D1F8000820F4FE60C1F823
:104ED00000089DF8070000F07F020099D1F8000853
:104EE00040EA0210C1F80008002003B0704700003B
:104EF00083B002908DF80710029800909DF807206B
:104F00000099D1F800081043C1F80008002003B050
:104F10007047000084B0039002918DF807209DF83F
:104F20000700022840F0B880FFE702984AF6C04127
:104F3000C0F2D80188420BD3FFE702984EF2BF11AE
:104F4000C0F2E401884203D8FFE70F200090A2E0FE
:104F500002984EF2C011C0F2E40188420BD3FFE781
:104F6000029842F2FF31C0F2F401884203D8FFE711
:104F70000E2000908EE0029842F20041C0F2F4014F
:104F800088420BD3FFE7029847F27F31C0F2061147
:104F9000884203D8FFE70D2000907AE0029847F29C
:104FA0008031C0F2061188420BD3FFE7029844F625
:104FB0009F11C0F21A11884203D8FFE70C2000901D
:104FC00066E0029844F6A011C0F21A1188420BD391
:104FD000FFE7029842F6FF41C0F23111884203D840
:104FE000FFE70B20009052E0029842F60051C0F219
:104FF000311188420BD3FFE702984AF23F41C0F2D9
:105000004C11884203D8FFE70A2000903EE0029846
:105010004AF24041C0F24C1188420BD3FFE702989C
:1050200043F2FF51C0F26E11884203D8FFE7092016
:1050300000902AE0029843F20061C0F26E118842AB
:105040000BD3FFE702984AF61F31C0F2A61188423F
:1050500003D8FFE70820009016E002984AF62031B6
:10506000C0F2A61188420BD3FFE7029844F2FF7109
:10507000C0F2E811884203D8FFE70720009002E061
:1050800006200090FFE7FFE7FFE7FFE7FFE7FFE706
:10509000FFE7FFE7FFE70AE09DF8070018B9FFE721
:1050A0000920009002E009200090FFE7FFE7039944
:1050B000C86820F47050C860009800F00F0203998F
:1050C000C86840EA8220C860002004B07047000031
:1050D00080B588B084460A98CDF81CC006918DF83A
:1050E0001720ADF814308DF8130007980390069838
:1050F00002909DF8130048BBFFE7BDF81400033091
:105100008008019000200090FFE7009801998842F4
:105110001BD2FFE70298006803999DF8172001EB66
:1051200002314FF480528850029801300290029868
:1051300001300290029801300290029801300290F2
:10514000FFE7009801300090DFE7FFE7002008B09C
:1051500080BD000080B584B003908DF80B100192E3
:105160009DF80B0008B9FFE765E000208DF803000B
:10517000FFE79DF803009DF80B1088425BDAFFE71C
:105180000398006801999DF8032051F82210498D79
:10519000884249D1FFE701989DF8031050F821009B
:1051A000D0F8370000283ED0FFE703980069019946
:1051B0009DF8032051F8221081F8340001989DF8E1
:1051C000031050F8212002F12C0003991C3192F8B1
:1051D0003420EBF716F901989DF8031050F82110D0
:1051E000B1F835000130A1F8350001989DF80310A1
:1051F00050F82100B0F835004FF6FF71884209DB06
:10520000FFE701989DF8031050F821100020A1F845
:105210003500FFE701989DF8031050F82100D0F801
:1052200037108847FFE706E0FFE79DF803000130ED
:105230008DF803009DE704B080BD000080B586B006
:105240000490049840B1FFE742F6C030C2F200007B
:105250000078052803DBFFE70020059090E0049824
:10526000006818B9FFE70020059089E000208DF85C
:105270000F00FFE79DF80F0042F6C031C2F20001B7
:105280000978884218DAFFE79DF80F1042F6E050DF
:10529000C2F2000050F821000068049909688842B1
:1052A00003D1FFE7002005906AE0FFE79DF80F00BB
:1052B00001308DF80F00DDE740F21320019002F07D
:1052C00099FC019902900298EBF7E8F804980068BD
:1052D0000299086004980079029981F808020498FC
:1052E000B0F805000299A1F804020498D0F80B0068
:1052F0000299C1F80F020498D0F807000299C1F88A
:105300000B02029830B1FFE70498B0F8050033288B
:1053100006DBFFE7029803F013F8002005902FE06A
:10532000029842F6C033C2F200031A78511C197079
:1053300042F6E051C2F2000141F82200029890F8D2
:105340000802012809D1FFE7029A106802F582716C
:10535000B2F80422F3F74CF80FE0029890F8080234
:10536000022809D1FFE7029A106802F58271B2F8AB
:105370000422F3F711F8FFE7FFE702980590FFE733
:10538000059806B080BD000080B584B003900398F6
:1053900008B9FFE798E000208DF80B00FFE79DF8C3
:1053A0000B0042F6C031C2F200010978884280F257
:1053B0008B80FFE79DF80B1042F6E050C2F2000030
:1053C00050F8210000680399884276D1FFE79DF8E4
:1053D0000B1042F6E050C2F2000050F82100D0F865
:1053E0000B0270B3FFE79DF80B1042F6E050C2F2DB
:1053F0000000019050F82100D0F80B128847019866
:105400009DF80B1050F82120B2F809120131A2F8D2
:1054100009129DF80B1050F82100B0F809024FF660
:10542000FF7188420CDBFFE79DF80B1042F6E0505D
:10543000C2F2000050F821100020A1F80902FFE795
:10544000FFE79DF80B1042F6E050C2F2000050F862
:10545000210090F80802012810D1FFE703989DF879
:105460000B2042F6E051C2F2000151F8222002F571
:105470008271B2F80422F2F7BBFF1DE09DF80B1019
:1054800042F6E050C2F2000050F8210090F8080205
:10549000022810D1FFE703989DF80B2042F6E05157
:1054A000C2F2000151F8222002F58271B2F8042202
:1054B000F2F772FFFFE7FFE706E0FFE79DF80B005A
:1054C00001308DF80B006AE704B080BDFFE7FEE70E
:1054D00080B582B041F68800C2F2000001900198C8
:1054E000A821EAF7FDFF01990320086101994861AD
:1054F00001984BF26821C0F601018161019A41F6E1
:105500004010C2F20000D061019A4FF48060106236
:10551000019A00209062019A5062019AD062019A29
:105520001166019A41F63011C2F200015166019AEA
:1055300010219166019908670199C8660199486729
:10554000BFF35F8F0090FFE700980F280ED8FFE7AA
:10555000009A4AF69850C0F60100801AC07B019963
:105560008854FFE7009801300090EDE7BFF35F8FAC
:1055700002B080BD84B00390039800690290039844
:10558000C068019002980199884209D8FFE7039802
:1055900081680198C043084402990844009005E0DE
:1055A00002990198C04308440090FFE7009804B0B6
:1055B0007047000010B58CB0DDF83CC0DDF838C095
:1055C0000B900A91099208930A98B0F1FF3F04DC0E
:1055D000FFE70A984042059002E00A980590FFE72D
:1055E0000598069001200790FFE7069809998842E0
:1055F00009DBFFE70698099990FBF1F00690079800
:1056000001300790F1E708980799884203D9FFE72E
:1056100008980790FFE70E9870B1FFE70A980028F6
:1056200006D4FFE79DF83C004007002804D5FFE7BB
:105630000E9801380E90FFE79DF83C008007002887
:1056400003D5FFE7089858B3FFE79DF83C00C00773
:1056500030BBFFE70E9810B3FFE7FFE70E9900207D
:10566000049041B1FFE707990E9A0020914238BF9C
:1056700001200490FFE70498C00778B1FFE70E9877
:1056800001380E900B98202100F050F90B98C0685B
:10569000B0F1FF3F01DCFFE700E0DFE7FFE7FFE7F6
:1056A0000B98C068002869D4FFE70A98B0F1FF3F63
:1056B00008DCFFE70A9840420A900B982D2100F081
:1056C00035F90CE09DF83C004007002805D5FFE7C0
:1056D0000B982B2100F02AF900E0FFE7FFE70B9879
:1056E000C068002849D4FFE79DF83C0080070028E7
:1056F0002ED5FFE79DF83C00C00748BBFFE70898A0
:1057000030BBFFE70E9810B3FFE7FFE70E990020CC
:10571000039041B1FFE707990E9A0020914238BFEC
:1057200001200390FFE70398C00778B1FFE70E98C8
:1057300001380E900B98302100F0F8F80B98C068F3
:10574000B0F1FF3F01DCFFE700E0DFE7FFE7FFE745
:105750000B98C06800280FD4FFE70B980A99099AA4
:10576000089BDDF838C00F9CEE46CEF80440CEF81A
:1057700000C000F005F8FFE7FFE7FFE70CB010BD41
:1057800080B58CB0DDF83CC0DDF838C00B900A91D4
:10579000099208930A980590012006900490FFE76B
:1057A00005980999884209D3FFE705980999B0FB44
:1057B000F1F00590049801300490F1E708980499FD
:1057C000884203D9FFE708980490FFE79DF83C0062
:1057D000C007C0BBFFE70E98A0B3FFE79DF83C00F1
:1057E0008007002807D5FFE7089820B9FFE7302099
:1057F0008DF80F0003E020208DF80F00FFE7FFE792
:105800000E990020029041B1FFE704990E9A002002
:10581000914238BF01200290FFE70298C00780B193
:10582000FFE70E9801380E900B989DF80F1000F0CE
:105830007DF80B98C068B0F1FF3F01DCFFE700E0A6
:10584000DEE7FFE7FFE70B98C06800286CD4FFE7AE
:10585000FFE70898022804D3FFE70898013808906A
:105860000BE00A980699B0FBF1F0079007980999A8
:10587000884201D2FFE705E0FFE70999069848430F
:105880000690E6E7FFE70A980699B0FBF1F007906B
:10589000079806990A9A00FB11200A900B98079A1C
:1058A0004AF6A951C0F60101895C00F03FF80B9857
:1058B000C068B0F1FF3F01DCFFE709E009990698F5
:1058C000B0FBF1F00690FFE706980028DBD1FFE778
:1058D0009DF83C00C00730B3FFE70E9810B3FFE718
:1058E000FFE70E990020019041B1FFE704990E9A5D
:1058F0000020914238BF01200190FFE70198C007C6
:1059000078B1FFE70E9801380E900B98202100F037
:105910000DF80B98C068B0F1FF3F01DCFFE700E035
:10592000DFE7FFE7FFE7FFE70CB080BD80B584B09D
:1059300003908DF80B100398806801900198013056
:105940000399496888420FD8FFE79DF80B00039937
:105950000968019A88540198013003998860039975
:10596000C8680130C860FFE70398416880688842D2
:1059700015D1FFE70398016882680069F5F7E6F939
:1059800003998968884205D0FFE703994FF0FF30FB
:10599000C86003E0039900208860FFE7FFE704B0D8
:1059A00080BD000080B58AB0099008910792002060
:1059B00005900998C0680390FFE709980069049072
:1059C00004980399884206D9FFE704990398C043D5
:1059D0000844069008E0099881680398049A801AA0
:1059E000C04308440690FFE7069809998968039A1E
:1059F000891A884203D2FFE70698019005E00998CA
:105A000080680399401A0190FFE701980690069874
:105A10000799884203D2FFE70698009002E00798B2
:105A20000090FFE7009806900998406803990844A1
:105A3000029002980899069AEAF7E3FC06990598FD
:105A40000844059006990898084408900699079814
:105A5000401A0790069903980844039003980999FF
:105A60008968884203D1FFE700200390FFE7BFF376
:105A70005F8F03980999C860FFE7079800289CD1B9
:105A8000FFE705980AB080BD80B588B00790069101
:105A900005920798C0680390079880680399401A98
:105AA000029002980599884212D9FFE7079840684A
:105AB00003990844019001980699059AEAF7A1FC18
:105AC000BFF35F8F0398059908440799C8601FE0EA
:105AD000029804900798406803990844019001983F
:105AE0000699049AEAF78DFC05980299401A0490E9
:105AF00007984068019001980699029A1144049A07
:105B0000EAF77FFCBFF35F8F04980799C860FFE74F
:105B100008B080BD81B08DF803009DF90300002816
:105B20000ED4FFE79DF9031001F01F020120904001
:105B30004A094EF20011CEF2000141F82200FFE7BF
:105B400001B070474EF60C50CEF200000068C0F372
:105B50000220704782B08DF8070000919DF9070080
:105B600000280AD4FFE7009800019DF907104EF2C3
:105B70000042CEF2000288540BE0009800019DF82C
:105B8000071001F00F014EF61452CEF200028854B5
:105B9000FFE702B07047000083B00290029800F067
:105BA000070000904EF60C51CEF2000108680190FB
:105BB00001984FF6FF02104001900198009A40EAC8
:105BC00002200022C0F2FA521043019001980860AE
:105BD00003B0704780B588B000208DF81E008DF8A6
:105BE0001D00EAF793FD80200490EAF7B1FF5520ED
:105BF0000590EAF7ADFF0598EAF7AAFF8DF81E00B9
:105C0000EAF77AFD96200690EAF708FEEAF77EFDAD
:105C10000498EAF79DFF0598EAF79AFF0598EAF7D6
:105C200097FF8DF81E00EAF767FD0698EAF7F6FD84
:105C3000EAF76CFD7E20B621EAF7CEFFEAF75CFDBD
:105C40005020EAF7E1FDEAF761FD0498EAF780FFEA
:105C50000598EAF77DFF0598EAF77AFF8DF81E00B0
:105C6000EAF74AFD0698EAF7D9FDEAF74FFD0498EE
:105C7000EAF76EFF0598EAF76BFF0598EAF768FF09
:105C80008DF81E00EAF738FD0698EAF7C7FD9DF883
:105C90001E001E2804D0FFE701208DF81F005FE0E2
:105CA00000208DF81D00FFE79DF81D00052853DC3E
:105CB000FFE7EAF72BFD9DF81D0000EB400240F2E4
:105CC0003830C2F2000003908118805C4978EAF70E
:105CD00083FFEAF711FD96200290EAF79FFDEAF7AD
:105CE00015FD03989DF81D1001EB4101405C40F04B
:105CF0008000EAF72DFF55200190EAF729FF01986F
:105D0000EAF726FF8DF81E00EAF7F6FC0298EAF79C
:105D100085FD03999DF81E009DF81D2002EB4202AF
:105D200011444978884210D0FFE79DF81D0000EB30
:105D3000400140F23830C2F2000008448078002868
:105D400018BF01208DF81F000AE0FFE79DF81D0035
:105D500001308DF81D00A7E700208DF81F00FFE738
:105D60009DF81F0008B080BD80B594B00020ADF84C
:105D700040000F908DF83B008DF83A00EAF7C6FC22
:105D800080200B90EAF7E4FE55200C90EAF7E0FE45
:105D90000C98EAF7DDFE8DF83B00EAF7ADFC9620A3
:105DA0000D90EAF73BFDEAF7B1FC0B98EAF7D0FE5D
:105DB0000C98EAF7CDFE0C98EAF7CAFE8DF83B0086
:105DC000EAF79AFC0D98EAF729FDEAF79FFC7E2096
:105DD000B621EAF701FFEAF78FFC5020EAF714FD3D
:105DE000EAF794FC0B98EAF7B3FE0C98EAF7B0FEDA
:105DF0000C98EAF7ADFE8DF83B00EAF77DFC0D98B4
:105E0000EAF70CFDEAF782FC0B98EAF7A1FE0C9882
:105E1000EAF79EFE0C98EAF79BFE8DF83B00EAF746
:105E20006BFC0D98EAF7FAFC9DF83B001E2804D0A5
:105E3000FFE701208DF84F0071E100208DF83A0056
:105E4000FFE79DF83A00032856DCFFE7EAF75EFC1F
:105E50009DF83A0000EB40024AF6B950C0F6010046
:105E60000A908118805C4978EAF7B6FEEAF744FCAC
:105E700096200990EAF7D2FCEAF748FC0A989DF8C8
:105E80003A1001EB4101405C40F08000EAF760FE0F
:105E900055200890EAF75CFE0898EAF759FE8DF85D
:105EA0003B00EAF729FC0998EAF7B8FC0A999DF843
:105EB0003B009DF83A2002EB4202114449788842A7
:105EC00010D0FFE79DF83A0000EB40014AF6B950C8
:105ED000C0F6010008448078002818BF01208DF822
:105EE0004F001CE15020EAF78FFCFFE79DF83A00D5
:105EF00001308DF83A00A4E700208DF83A00FFE762
:105F00009DF83A00012800F38C80FFE7EAF7FEFBDA
:105F10009DF83A0000EB40004AF6B951C0F6010185
:105F200007910144087B497BEAF756FEEAF7E4FB58
:105F300096200690EAF772FCEAF7E8FB07999DF8CD
:105F40003A0000EB40000844007B40F08000EAF794
:105F5000FFFD55200590EAF7FBFD0598EAF7F8FDEF
:105F60008DF83B00EAF7C8FB0698EAF757FC079A5A
:105F70009DF83B009DF83A1001EB41011144497B2B
:105F8000884210D0FFE79DF83A0000EB40004AF647
:105F9000B951C0F601010844807B002818BF0120D8
:105FA0008DF84F00BBE05020EAF72EFCEAF7AEFB7D
:105FB0009220EAF7CDFD12200FA90622EAF794FD00
:105FC000EAF79AFB9DF83C009DF83D1040EA01205D
:105FD0009DF83A1001EB41020DF1420121F8120047
:105FE0009DF83E009DF83F2040EA02209DF83A20AF
:105FF00002EB420201EB420250809DF840009DF806
:10600000412040EA02209DF83A2002EB420201EBD7
:1060100042018880FFE79DF83A0001308DF83A0090
:106020006EE7EAF773FB6D200021EAF7D5FDEAF78A
:1060300063FB96200490EAF7F1FBEAF767FBED209B
:10604000EAF786FD55200390EAF782FD0398EAF708
:106050007FFD8DF83B00EAF74FFB0498EAF7DEFB83
:106060009DF83B0020B1FFE701208DF84F0056E07E
:10607000EAF74CFB7E20B621EAF7AEFDEAF73CFBDF
:106080005020EAF7C1FBBDF94200BDF94810401AA3
:1060900040F25551884213DBFFE7BDF94400BDF9DA
:1060A0004A10401A40F25551884209DBFFE7BDF91A
:1060B0004600BDF94C10401AB0F52A7F04DAFFE71C
:1060C00001208DF84F002AE0EAF720FB80200090A5
:1060D000EAF73EFD55200190EAF73AFD0198EAF70C
:1060E00037FD8DF83B00EAF707FB96200290EAF7B0
:1060F00095FBEAF70BFB0098EAF72AFD0198EAF70F
:1061000027FD0198EAF724FD8DF83B00EAF7F4FA41
:106110000298EAF783FB00208DF84F00FFE79DF817
:106120004F0014B080BD000080B586B00020029002
:106130008DF816008DF81500EAF7FEFA02980DF1B9
:1061400015010391EAF7F2FCEAF7ECFA96200490C5
:10615000EAF764FBEAF7F0FA02980399EAF7E6FC3B
:10616000EAF7E0FA0498EAF759FBEAF7E5FA1420AF
:10617000B621EAF731FDEAF7D5FA5020EAF744FBF9
:10618000EAF7DAFA02980399EAF7D0FCEAF7CAFAD2
:106190000498EAF743FBEAF7CFFA02980399EAF783
:1061A000C5FCEAF7BFFA0498EAF738FB9DF815003A
:1061B0000F2804D0FFE701208DF8170056E00020DB
:1061C0008DF81600FFE79DF8160005284ADCFFE76A
:1061D000EAF7B2FA9DF8160000EB400240F24A30AE
:1061E000C2F2000001908118805C4978EAF7F4FC63
:1061F000EAF798FA96200090EAF710FBEAF79CFA83
:1062000001989DF8161001EB4101405C0DF115015C
:10621000EAF78CFCEAF786FA0098EAF7FFFA0199A8
:106220009DF815009DF8162002EB420211444978B2
:10623000884210D0FFE79DF8160000EB400140F2C5
:106240004A30C2F2000008448078002818BF0120BC
:106250008DF817000AE0FFE79DF8160001308DF871
:106260001600B0E700208DF81700FFE79DF8170033
:1062700006B080BD80B586B0002001908DF8160074
:106280008DF81500EAF758FA01980DF11601029100
:10629000EAF74CFCEAF746FA96200390EAF7BEFAD2
:1062A000EAF74AFA01980299EAF740FCEAF73AFA63
:1062B0000398EAF7B3FAEAF73FFA1420B621EAF7AF
:1062C0008BFCEAF72FFA50200490EAF79DFAEAF7E0
:1062D00033FA01980299EAF729FCEAF723FA0398BE
:1062E000EAF79CFAEAF728FA01980299EAF71EFC05
:1062F000EAF718FA0398EAF791FAEAF71DFA3C2050
:106300000121EAF769FCEAF70DFA0498EAF77CFA4A
:10631000FFE7EAF711FA3C200DF11601EAF706FC57
:10632000EAF700FA9620EAF779FA9DF815000130AD
:106330008DF81500FFE79DF8161000208907002949
:10634000009008D4FFE79DF8151000200A29B8BF77
:1063500001200090FFE70098C0070028D9D1FFE78F
:106360009DF815000A2804D1FFE701208DF81700D9
:106370000DE09DF816004007002804D5FFE7012036
:106380008DF8170003E000208DF81700FFE79DF857
:10639000170006B080BD000080B586B042F6CC5133
:1063A000C2F200010868B0F8050000F525706FF32F
:1063B000DF20ADF816000868D0F805204FF42570EE
:1063C00000EBD2226FF3DF22ADF814200B68D3F874
:1063D0000520D3F80930920D42EA832202F5257296
:1063E0006FF3DF22ADF812200A68D2F8092000EB23
:1063F00052006FF3DF20ADF810000868D0F80920D4
:106400004FF0FF3000EB123202F003028DF80F2044
:106410000968D1F8091000EB913000F003008DF805
:106420000E00BDF8160041F6CC51C2F200010A6818
:1064300082F822009DF8170000F00700BDF8142034
:1064400040EAC2000A6882F82300BDF81400C0F3D5
:106450004510BDF8122040EA82100A6882F8240034
:10646000BDF8120080080A6882F82500BDF8120005
:10647000C0F38020BDF8102040EA42000A6882F88C
:106480002600BDF81000C0F3C3109DF80F2040EAAD
:1064900002109DF80E2040EA8210096881F827005A
:1064A00040F22840C2F2000000680290029804F016
:1064B0008BFB41EC100B9FED281B53EC112B51EC87
:1064C000100B04F0C1FB30B9FFE740F6DB70CCF2F3
:1064D000C9000290FFE7029804F076FB41EC100B34
:1064E0009FED1F1B53EC112B51EC100B04F0B3FB71
:1064F00030B9FFE740F6DB70C4F2C9000290FFE755
:10650000029804F061FB41EC100B9FED151B53EC5E
:10651000112B51EC100B03F061FE41EC100B51EC10
:10652000100B9FED110B53EC102B04F061F941ECB3
:10653000100B51EC100B04F09DF88DF807009DF83E
:10654000070041F6CC51C2F20001096881F8280029
:1065500006B080BD00BF00BF182D4454FB2119C0F8
:10656000182D4454FB211940BAFE5B3DD14A3440FA
:1065700086B08DED050ACDED040A8DED031A02906B
:106580009DED030A9DED041A30EE410A8DED010ADE
:10659000049800909DED050A9DED001A30EE410A29
:1065A000029901208840013801EE100AB8EEC11AA4
:1065B00020EE010A9DED011A80EE010ABDEEC00A2F
:1065C00010EE100A06B0704780B586B005900491B1
:1065D00003920293059890ED001A90ED012A90ED38
:1065E000023A90ED030A22EE033A21EE000A30EE61
:1065F000030A30EE000A22EE022A21EE011A31EEE1
:10660000021A31EE011ABFEE002A8DED012A71EE59
:10661000020A03F025FC049880ED000A059890ED2D
:10662000000A90ED011A90ED023A90ED032A20EE57
:10663000030A21EE021A30EE410A30EE000A03F09E
:1066400079FB9DED012A039880ED000A059890EDF5
:10665000001A90ED010A90ED024A90ED033A24EE03
:10666000034A21EE000A30EE040A30EE000A23EE5F
:10667000033A21EE011A31EE031A31EE011A71EEDE
:10668000020A03F0EDFB029880ED000A06B080BD1F
:1066900085B0DDF814C004900391029201930020AC
:1066A0008DF80300FFE79DF80300022800F38E80B9
:1066B000FFE7019A9DF8031001EB410340F2F81047
:1066C000C2F2000000EB830092ED051A92ED063A4B
:1066D00092ED070A90ED004A90ED015A90ED022AE2
:1066E00023EE053A21EE041A31EE031A20EE020AD7
:1066F00030EE010A049800EB810080ED000A019A57
:106700009DF8031001EB410340F20410C2F20000B7
:1067100000EB830092ED011A92ED023A92ED030A2A
:1067200090ED004A90ED015A90ED022A23EE053AD1
:1067300021EE041A31EE031A20EE020A30EE010AAD
:1067400041F67050C2F2000000EB810090ED001A9B
:1067500030EE010A039800EB810080ED000A059AF3
:106760009DF8031001EB410340F21C20C2F200002F
:1067700000EB830092ED011A92ED023A92ED030ACA
:1067800090ED004A90ED015A90ED022A23EE053A71
:1067900021EE041A31EE031A20EE020A30EE010A4D
:1067A00042F61C40C2F2000000EB810090ED001A9E
:1067B00030EE010A029800EB810080ED000AFFE74D
:1067C0009DF8030001308DF803006CE705B07047B9
:1067D00080B541F62160C2F200000078C0070028B1
:1067E00046D0FFE742F62810C2F20000806C006835
:1067F0000068C007E0BBFFE742F62810C2F20000C5
:10680000C06C00680068C00790BBFFE741F681508C
:10681000C2F2000000788007002829D4FFE741F683
:106820008050C2F2000000788007002820D4FFE7E3
:1068300041F62161C2F20001087800F0FE00087004
:10684000087840F00200087040F20040C4F20200F4
:1068500001210022EDF7ACFE40F2F010C2F2000080
:1068600041F61961C2F200010822F4F7A1FC9BE095
:1068700041F68150C2F200000078C007002845D0E0
:10688000FFE742F62810C2F20000806C0068006842
:10689000C007D8BBFFE742F62810C2F20000C06C68
:1068A00000680068C00788BBFFE741F62160C2F2BC
:1068B000000000788007002828D4FFE741F68050C8
:1068C000C2F200000078800700281FD4FFE741F6DD
:1068D0008151C2F20001087800F0FE0008700878CB
:1068E00040F0020008700020C4F2020010210022D3
:1068F000EDF75EFE40F2FA00C2F2000041F64051B0
:10690000C2F200010922F4F753FC4DE041F6805039
:10691000C2F200000078C007002845D0FFE742F629
:106920002810C2F20000806C00680068C007D8BB65
:10693000FFE742F62810C2F20000C06C0068006851
:10694000C00788BBFFE741F62160C2F20000007873
:106950008007002828D4FFE741F68150C2F20000EA
:106960000078800700281FD4FFE741F68051C2F26B
:106970000001087800F0FE000870087840F002007E
:1069800008700020C4F2020010210022EDF710FE72
:1069900040F22810C2F2000041F67C51C2F2000120
:1069A0000422F4F705FCFFE780BD000081B0ADF8DC
:1069B0000200BDF8020042F6C811C2F200010968E7
:1069C000486301B07047000080B584B003A801900F
:1069D00080ED000A41F61260C2F20000007868B350
:1069E000FFE7019890ED000A42F6C830C2F20000BD
:1069F0000090DFED290AF3F745FE009890ED0C0AB0
:106A0000B5EE400AF1EE10FA07DAFFE742F6C831B8
:106A1000C2F2000100200863FFE742F6C830C2F26C
:106A2000000090ED0C0ABDEEC00A10EE100AADF8A1
:106A30000A00BDF80A00FFF7B9FF2BE0019890EDBE
:106A4000000A9FED151AB4EE410AF1EE10FA1CDDB2
:106A5000FFE742F6C430C2F2000001780131017054
:106A60000078C92810DBFFE741F61261C2F200018D
:106A70000120087042F6C831C2F2000144F2000061
:106A8000C4F21C508862FFE7FFE741F28730FFF74E
:106A90008DFFFFE704B080BD0000344284B08DED6F
:106AA000030A9DED030AB6EE001A20EE010A8DEDF1
:106AB000020A0398019001980090009945F6DF10B2
:106AC000C5F63770A0EB61000090009801909DED35
:106AD000010A9DED021A21EE001A21EE002AB7EEFE
:106AE000081A31EE421A20EE010A8DED010A9DEDE1
:106AF000010A04B07047000080B582B00020019008
:106B0000EDF748FFF9F780FFF2F770F8F1F7A4FF0F
:106B1000F1F752FFF1F778FFF2F7CCFBF2F73EFA0C
:106B2000F2F7EEFBF2F7D8FAF2F7C6F9F2F79EFBAE
:106B3000F2F79EF9F2F714FBF2F7E8F9F1F7F4FF38
:106B400000F02AF8FFE7FEE782B0ADF8060000206B
:106B50000090BDF90600842807D0FFE7BDF90600C4
:106B60000099084403300090FFE7009802B0704796
:106B700080B584B0039003980290029818B1FFE7A3
:106B80000298019002E001200190FFE7019801F0D6
:106B9000FFFC002004B080BD80B501F0B7FE0020EE
:106BA00080BD0000B0B590B00E900D910E98406978
:106BB00038B3FFE70E98806918B3FFE70E980168B5
:106BC000089141680B91016909910D990A91B0F9F9
:106BD0000800FFF7B9FF0899099A0A9B84460B98A9
:106BE000DDF838E0DEF81440DEF81850EE46CEF856
:106BF0000850CEF80440CEF800C002F067FC0C90BC
:106C000020E00E980168049141680791018A05917E
:106C10000D990691B0F90800FFF796FF0499059ABF
:106C2000069B84460798EE460CACCEF80440CEF89E
:106C300000C002F0FBFB012803D0FFE700200F900B
:106C400003E0FFE70C980F90FFE70F9810B0B0BD7E
:106C500084B00290029838B9FFE742F62850C2F299
:106C600000000068009002E002980090FFE70098A2
:106C70000190019858B9FFE74FF0500080F3118858
:106C8000BFF36F8FBFF34F8F0390FFE7FEE70198CD
:106C9000343004B07047000080B584B00390029196
:106CA00046F66450C2F200000068009042F6285098
:106CB000C2F200000268002182F85210006804301D
:106CC00001F01EFA88B9FFE742F62850C2F2000030
:106CD0000068C16A012000FA01F246F61021C2F2F2
:106CE000000108689043086000E0FFE70398013066
:106CF00080B9FFE7029868B1FFE742F62850C2F278
:106D000000000068011D46F63C50C2F2000001F090
:106D10009DFA3DE00098039908440190019842F6DD
:106D20002851C2F200010968486001980099884220
:106D30000ED2FFE742F63850C2F20000006842F679
:106D40002851C2F200010968043101F049FA1EE03D
:106D500042F63050C2F20000006842F62851C2F2FA
:106D600000010968043101F03BFA019846F6C84178
:106D7000C2F200010968884207D2FFE7019846F68F
:106D8000C841C2F20001086000E0FFE7FFE7FFE74B
:106D900004B080BD80B582B0019001F07FFA46F664
:106DA0000021C2F2000108680130086042F6285054
:106DB000C2F20000006898B9FFE7019842F6285136
:106DC000C2F20001086046F60020C2F2000000682E
:106DD000012803D1FFE700F0EBFA00E0FFE71CE039
:106DE00046F63050C2F200000068A0B9FFE742F654
:106DF0002850C2F200000068C06A0199C96A88423E
:106E000007D8FFE7019842F62851C2F20001086056
:106E100000E0FFE700E0FFE7FFE746F60C21C2F2E3
:106E200000010868013008600198C16A012000FA79
:106E300001F246F61021C2F2000108681043086012
:106E40000199C86A00EB800242F64050C2F200008D
:106E500000EB8200043101F0F9F901F04BFA46F63B
:106E60003050C2F200000068C8B1FFE742F6285077
:106E7000C2F200000068C06A0199C96A88420CD257
:106E8000FFE74EF60451CEF200014FF0805008604B
:106E9000BFF34F8FBFF36F8F00E0FFE700E0FFE726
:106EA00002B080BD80B584B001F0F8F946F66850B4
:106EB000C2F200000068002840D1FFE746F6142027
:106EC000C2F20000029001F06BF946F62820C2F2EF
:106ED0000000039001F064F90299039842F62C52E5
:106EE000C2F20002116042F63C51C2F20001086099
:106EF00069460020086042F66442C2F2000242F68F
:106F0000DC43C2F200030A200C2101F083FE01469B
:106F100046F66850C2F200000160006860B1FFE709
:106F200046F66850C2F2000000684AF62C61C0F6CE
:106F3000010101F0D1FA00E0FFE700E0FFE701F016
:106F4000D9F904B080BD000080B582B0FFE746F6F5
:106F50000420C2F20000006808B3FFE701F09EF9C8
:106F600046F65050C2F20000C068C0680190019817
:106F7000043001F0C5F846F60021C2F200010868AD
:106F80000138086046F60421C2F2000108680138A1
:106F9000086001F0AFF9019800F08CF8D7E702B073
:106FA00080BD000080B582B0019000910198006C16
:106FB000B8B1FFE70199C8680A6C1044C86001982D
:106FC0008168C068884204D3FFE701990868C860F7
:106FD00000E0FFE70098019AD168126CE9F711FA16
:106FE000FFE702B080BD000080B586B00590049137
:106FF0000392002002900598806B01900598006C28
:1070000078B9FFE70598006848B9FFE705988068F8
:1070100002F030FC029005990020886000E0FFE754
:1070200041E00398B8B9FFE7059A04995068126CDB
:10703000E9F7E7F9059948680A6C10444860059932
:1070400048688968884204D3FFE705990868486062
:1070500000E0FFE726E0059A0499D068126CE9F792
:10706000D0F90599C8680A6C801AC860059801684B
:10707000C068884206D2FFE7059988680A6C801AC2
:10708000C86000E0FFE70398022809D1FFE70198F4
:1070900020B1FFE701980138019000E0FFE700E030
:1070A000FFE7FFE7FFE70198013005998863029841
:1070B00006B080BD80B582B00090009890F8510075
:1070C00040B9FFE70098006B01F03AF9009801F031
:1070D00037F91CE0009890F85100012804D1FFE72F
:1070E000009801F02DF911E0009890F85100022865
:1070F0000BD0FFE74FF0500080F31188BFF36F8F84
:10710000BFF34F8F0190FFE7FEE7FFE7FFE702B015
:1071100080BD000082B0019042F62C50C2F2000007
:1071200000680068B0FA80F0400901990860019891
:10713000006848B9FFE742F62C50C2F20000006830
:10714000C0680068009002E000200090FFE700980F
:1071500002B0704784B04FF47050009042F6F45083
:10716000C2F2000001909DF80400400788B1FFE7DB
:10717000019807300190019820F007000190019AD2
:1071800042F6F451C2F200010098891A08440090B6
:10719000FFE701980290029946F63450C2F20000CF
:1071A0000160002141600298009A1044019001980A
:1071B00008380190019820F007000190019A42F6EA
:1071C0003450C2F20000026002685160026811602F
:1071D000029903910199039A891A516000680399F1
:1071E00008600398406846F6C441C2F20001086096
:1071F0000398406846F66821C2F20001086046F62E
:107200003C21C2F200014FF00040086004B070471A
:1072100080B582B00190FFE7FFF796FE42F640503E
:10722000C2F20000006802280CD3FFE74EF60451BA
:10723000CEF200014FF080500860BFF34F8FBFF3D4
:107240006F8F00E0FFE7E7E780B584B0DDF818C096
:107250000390029101928DF80330029818B9FFE76C
:107260000698006003E0019806990860FFE703981C
:107270000699C8630298069908640698012101F0EE
:1072800051FD04B080BD000080B588B0DDF834C089
:10729000DDF830C0DDF82CC0DDF828C0069005917F
:1072A000049203930C98006B04998900A522E9F7D6
:1072B000EDF80C98006B049900EB81000438029003
:1072C000029820F0070002909DF80800400758B18E
:1072D000FFE74FF0500080F31188BFF36F8FBFF3CB
:1072E0004F8F0790FFE7FEE70598F8B1FFE7002012
:1072F0000190FFE701980F2813D8FFE70598019A3E
:10730000805C0C99114481F8340005980199405C27
:1073100008B9FFE705E0FFE7FFE7019801300190BA
:10732000E8E70C99002081F8430004E00C99002064
:1073300081F83400FFE70A98072803D3FFE7062007
:107340000A9000E0FFE70A980C99C8620A980C9925
:1073500048640C990020009088640C98043000F078
:1073600037FF0C98183000F033FF00980C99096132
:107370000A99C1F107010C9A91610C9949620C9923
:10738000C8640C9981F850000C9981F85200029859
:107390000699039A00F024FD0C9908600B9820B11F
:1073A000FFE70C980B99086000E0FFE708B080BD8C
:1073B00080B584B000200390FFE70398062810D81A
:1073C000FFE7039800EB800142F64050C2F2000054
:1073D00000EB810000F0E4FEFFE70398013003902A
:1073E000EBE746F64020C2F20000019000F0D8FE24
:1073F00046F65420C2F20000029000F0D1FE46F69C
:10740000DC40C2F2000000F0CBFE46F65050C2F263
:10741000000000F0C5FE46F63C50C2F2000000F04D
:10742000BFFE0199029842F63052C2F2000211608A
:1074300042F63851C2F20001086004B080BD00007D
:1074400083B0029046F63450C2F200000190FFE78C
:10745000019800680299884205D2FFE7FFE701988A
:1074600000680190F4E7019800900098019949683C
:1074700008440299884209D1FFE7029842680199BD
:107480004868104448600198029000E0FFE70298C5
:107490000090009802994968084401990968884257
:1074A00020D1FFE70198006842F63451C2F2000192
:1074B000096888420DD0FFE7019800684268029988
:1074C00048681044486001980068006802990860A4
:1074D00007E042F63450C2F20000006802990860EA
:1074E000FFE704E00198006802990860FFE701984F
:1074F0000299884204D0FFE702980199086000E0F1
:10750000FFE703B07047000080B586B00590049196
:107510000392029300200190049805994860059811
:10752000006104980399884216D8FFE703980299EE
:10753000401A05998969884203D3FFE70120019029
:1075400009E042F63C50C2F200000068059904319F
:1075500000F046FEFFE717E003980299884208D240
:10756000FFE704980299884203D3FFE701200190C6
:1075700009E042F62C50C2F200000068059904317F
:1075800000F02EFEFFE7FFE7019806B080BD000087
:1075900080B582B0019000F081FE0198806B18B92F
:1075A000FFE70120009002E000200090FFE700F0DC
:1075B000A1FE009802B080BD80B582B0019000F0BD
:1075C0006DFE0198806B0199C96B884203D1FFE77A
:1075D0000120009002E000200090FFE700F08AFE0A
:1075E000009802B080BD000008480068006880F381
:1075F00008884FF0000080F3148862B661B6BFF3CC
:107600004F8FBFF36F8F00DF00BF000008ED00E079
:1076100080B586B00490039142F62C50C2F200006F
:107620000068C068C06801900198043000F068FDEF
:10763000019890F824004007002823D5FFE701981F
:10764000049B81691944039AFFF75EFFC0B1FFE70D
:107650000198049A694600230B60194602F0FEFA6D
:107660000290029858B9FFE74FF0500080F311885C
:10767000BFF36F8FBFF34F8F0590FFE7FEE700E08A
:10768000FFE707E0019991F8240000F0FE0081F87F
:107690002400FFE70198016A884706B080BD00001A
:1076A00080B58CB0FFE746F66850C2F20000006873
:1076B00007A9002201F050FD002800F09B80FFE7A1
:1076C0000798002800F19580FFE709980690069832
:1076D000406928B1FFE70698043000F011FD00E092
:1076E000FFE705A800F0FAF8039007980290092830
:1076F00000F27D800299DFE801F00505053D456651
:1077000005053D45069991F8240040F0010081F8F7
:1077100024000698089B81691944039AFFF7F4FE38
:1077200030B3FFE70698016A8847069890F824006E
:10773000400700281AD5FFE70698089982690A448D
:10774000694600230B60194602F088FA04900498F9
:1077500058B9FFE74FF0500080F31188BFF36F8FE7
:10776000BFF34F8F0B90FFE7FEE700E0FFE700E07D
:10777000FFE73DE0069991F8240000F0FE0081F853
:10778000240035E0069991F8240040F0010081F8CA
:1077900024000898069988610698806958B9FFE71F
:1077A0004FF0500080F31188BFF36F8FBFF34F8FFE
:1077B0000A90FFE7FEE70698039B816919441A4681
:1077C000FFF7A2FE14E0069890F824008007002836
:1077D00004D4FFE7069800F0B3FD07E0069991F89E
:1077E000240000F0FE0081F82400FFE700E0FFE73E
:1077F000FFE758E70CB080BD80B584B003900291DC
:1078000001F0F4F8684600F069F801900098D8BBE0
:10781000FFE7029860B9FFE703980199884207D80B
:10782000FFE702F015F903980199FFF7F1FE2AE04E
:10783000029858B1FFE742F63C50C2F200000068DF
:107840000068B0FA80F040090290FFE746F6685001
:10785000C2F2000000680399019A891A029A00F0A6
:1078600065FE02F0F5F860B9FFE74EF60451CEF27E
:1078700000014FF080500860BFF34F8FBFF36F8F50
:1078800000E0FFE7FFE702E002F0E2F8FFE704B004
:1078900080BD000081B042F63050C2F200000068A6
:1078A000006840B9FFE746F6C841C2F200014FF058
:1078B000FF3008600FE042F63050C2F2000000686E
:1078C000C068C06800900098406846F6C841C2F29F
:1078D00000010860FFE701B07047000080B582B08A
:1078E000019001F0E1FE0090009842F62451C2F2AE
:1078F00000010968884206D2FFE700F083F8019989
:107900000120086003E0019900200860FFE700986B
:1079100042F62451C2F200010860009802B080BD16
:107920008AB0099008910020059009980068002805
:1079300064D0FFE709980190019948684068486061
:10794000019948680831884205D1FFE701994868E4
:1079500040684860FFE701984068C0680690FFE70C
:107960000998009000994868406848600099486804
:107970000831884205D1FFE70099486840684860AF
:10798000FFE700984068C0680790002002900490CC
:10799000FFE704980F2826D8FFE7079804990844C2
:1079A00090F834008DF80F009DF80F000899049AA4
:1079B000895C884203D0FFE7012002900AE09DF82D
:1079C0000F0028B9FFE7079805900120029000E01A
:1079D000FFE7FFE7029808B1FFE704E0FFE704983C
:1079E00001300490D5E7059808B1FFE705E0FFE70F
:1079F000079806998842B3D1FFE700E0FFE70598B2
:107A00000AB0704780B588B0FFE742F62C50C2F24A
:107A100000000068006800284ED0FFE742F62C50B6
:107A2000C2F200000168C968096806910068C06870
:107A3000C06803900398043000F062FB0398016A69
:107A40008847039890F824004007002832D5FFE7C4
:107A50000698039989690844059005980699884213
:107A60000FD9FFE70598039948600398006142F633
:107A70002C50C2F2000000680399043100F0B0FB02
:107A800017E00398069A694600230B60194602F036
:107A9000E5F80290029858B9FFE74FF0500080F3E4
:107AA0001188BFF36F8FBFF34F8F0790FFE7FEE79B
:107AB000FFE700E0FFE7A8E742F62C52C2F200021F
:107AC0001068049042F63C51C2F200010868106050
:107AD0000498086008B080BD83B00020009040F298
:107AE0003430C2F200000068013058B1FFE74FF0B7
:107AF000500080F31188BFF36F8FBFF34F8F029058
:107B0000FFE7FEE74FF0500080F31188BFF36F8F5F
:107B1000BFF34F8F0190FFE7009808B9FFE7FBE73D
:107B200003B0704780B584B00390FFE701A8FFF76A
:107B3000F1FA029002980199FFF75EFEFFF7B0FD9F
:107B4000F4E7000080B582B0019000F0A7FB019837
:107B500090F845008DF80300FFE79DF90300012828
:107B600016DBFFE70198406A58B1FFE7019824301F
:107B700001F00CFF18B1FFE700F0DEFD00E0FFE7C9
:107B800000E005E09DF8030001388DF80300E4E70C
:107B90000199FF2081F8450000F0ACFB00F07EFB6E
:107BA000019890F844008DF80200FFE79DF902006B
:107BB000012816DBFFE70198006980B1FFE7019813
:107BC000103001F0E3FE18B1FFE700F0B5FD00E072
:107BD000FFE79DF8020001388DF8020000E000E0A8
:107BE000E4E70199FF2081F8440000F083FB02B034
:107BF00080BD000080B58AB006900020029000F0A1
:107C0000F5FE42F63450C2F20000006818B9FFE7F2
:107C1000FFF7A0FA00E0FFE7069846F63C21C2F223
:107C200000010968084240F0C580FFE7069800B3EC
:107C3000FFE70698083006909DF818004007B0B19D
:107C4000FFE7069820F00700083006909DF818001E
:107C5000400758B1FFE74FF0500080F31188BFF3A1
:107C60006F8FBFF34F8F0990FFE7FEE700E0FFE75C
:107C700000E0FFE70698002800F09A80FFE70698EA
:107C800046F66821C2F200010968884200F290803D
:107C9000FFE746F63450C2F20000049000680590F9
:107CA000FFE705984168069A00209142019007D2AB
:107CB000FFE705980068002818BF01200190FFE742
:107CC0000198C00730B1FFE7059804900598006857
:107CD0000590E6E7059842F63451C2F200010968C2
:107CE000884263D0FFE70498006808300290059846
:107CF000006804990860059840680699401A1128A0
:107D000021D3FFE705980699084403909DF80C00DD
:107D1000400758B1FFE74FF0500080F31188BFF3E0
:107D20006F8FBFF34F8F0890FFE7FEE7059840681D
:107D30000699401A03994860069805994860039887
:107D4000FFF77EFB00E0FFE70598426846F66820F3
:107D5000C2F200000168891A0160006846F6C44159
:107D6000C2F20001096888420BD2FFE746F668209C
:107D7000C2F20000006846F6C441C2F20001086089
:107D800000E0FFE746F63C20C2F2000002680599D9
:107D900048681043486005990020086046F6D041C5
:107DA000C2F2000108680130086000E0FFE700E06F
:107DB000FFE700E0FFE701F04BFE9DF808004007F9
:107DC00058B1FFE74FF0500080F31188BFF36F8F79
:107DD000BFF34F8F0790FFE7FEE702980AB080BD20
:107DE00083B00290019100920298043802900299A7
:107DF0004FF080700860029804380290019820F0DB
:107E0000010002990860029804380290029947F62E
:107E1000D920C0F60100086002981438029000983A
:107E20000299086002980438029002996FF00200EB
:107E30000860029820380290029803B07047000052
:107E4000B0B58AB009900998D0F80F020890099847
:107E500000F58270079008980530099901F5827144
:107E60001222E8F7CEFA0898D0F80500410540F351
:107E70000A0080EAE170A0EBE170B0F5257F3DDCFF
:107E8000FFE70898D0F8050040F38F10401100B2CA
:107E900005900028069002D5059840420690069865
:107EA000B0F5257F2ADCFFE70898D0F80510D0F858
:107EB0000900C00340EA514000B2401100B20390F3
:107EC0000028049002D50398404204900498B0F52D
:107ED000257F13DCFFE70898D0F80900000100B205
:107EE000401100B201900028029002D50198404252
:107EF00002900298B0F5257F01DDFFE7FFE70899C2
:107F0000B1F811C0D1F80520D1F80900D1F80D3031
:107F10004FEA925E4EEA802EAEF5806E0EF48064DB
:107F20006FF39F5220F0010040EA942042EA8E5203
:107F3000A1F811C0C1F80D30C1F80520C1F8090041
:107F40000899B1F811C0D1F80520D1F80900D1F88D
:107F50000D304FF6004ECFF6FF7E0EEB50046FF360
:107F6000DF2440F6FE75A84340EA4400A1F811C0A2
:107F7000C1F80D30C1F80520C1F809000899B1F821
:107F800011C0D1F80500D1F80920D1F80D30A0F5C5
:107F9000806464F30A00A1F811C0C1F80D30C1F883
:107FA0000920C1F805000899B1F811C0D1F8050001
:107FB000D1F80920D1F80D300EEBD02E6FF3DF2E63
:107FC0006FF3D52040EACE20A1F811C0C1F80D30E2
:107FD000C1F80920C1F805000AB0B0BD80B582B073
:107FE0000190F1F7ADF9FFE70120FEF7C1FDFBE7D6
:107FF00086B005908DED040ACDED030A02919DED4A
:10800000030A9DED041A30EE410A8DED010A049831
:1080100000909DED050AB8EEC00A9DED011A20EE14
:10802000010A029901208840013801EE100AB8EED9
:10803000C11A80EE010A9DED001A30EE010A06B069
:108040007047000080B584B00390029100F026F9DB
:1080500042F62850C2F200000068C06CE8B9FFE7A1
:1080600042F62850C2F200000168012081F8500059
:10807000029880B1FFE702980121FEF70DFE4EF64F
:108080000451CEF200014FF080500860BFF34F8FD3
:10809000BFF36F8F00E0FFE700E0FFE700F02AF991
:1080A00000F0FCF842F62850C2F200000068C06CF4
:1080B00001900198A8B1FFE7039840B1FFE742F6AD
:1080C0002850C2F2000001680020C86408E001984E
:1080D000013842F62851C2F200010968C864FFE77E
:1080E00000E0FFE742F62850C2F2000001680020DD
:1080F00081F8500000F0FEF8019804B080BD000047
:1081000082B00190019800690090019841688068F0
:1081100088600199486889684860009840680199BA
:10812000884205D1FFE7019880680099486000E027
:10813000FFE701990020086100990868013808608C
:108140000098006802B0704783B0029001910092DD
:10815000029946F67040C2F200000860019946F6A6
:108160006C20C2F20000086000998020086003B013
:108170007047000083B0029001910092029947F28B
:108180007010C2F200000860019946F66C50C2F20D
:108190000000086000994FF48070086003B07047D9
:1081A00081B00090009901F10800486000994FF0FB
:1081B000FF308860009901F10800C860009901F162
:1081C0000800086100990020086001B070470000B5
:1081D00081B0009000990020086101B07047000054
:1081E00084B00390029102980068009000980130DA
:1081F00020B9FFE703980069019010E00398083068
:108200000190FFE70198406800680099884205D80E
:10821000FFE7FFE7019840680190F3E7FFE7019867
:108220004068029948600298416888600198029904
:10823000886002980199486003980299086103993F
:1082400008680130086004B07047000083B00290F5
:108250000191029840680090009801994860009848
:108260008068019988600198009989684860019840
:1082700000998860029801990861029908680130A4
:10828000086003B070470000DFF80C00016841F49B
:10829000700101607047000088ED00E082B04FF08F
:1082A000500080F31188BFF36F8FBFF34F8F0190A1
:1082B00040F23430C2F20000016801310160006810
:1082C000012814D1FFE74EF60450CEF200000068FA
:1082D000000658B1FFE74FF0500080F31188BFF35C
:1082E0006F8FBFF34F8F0090FFE7FEE7FFE702B00D
:1082F0007047000082B040F23430C2F200000068E3
:1083000058B9FFE74FF0500080F31188BFF36F8F2B
:10831000BFF34F8F0090FFE7FEE740F23430C2F228
:108320000000016801390160006830B9FFE70020F2
:108330000190019880F31188FFE702B070470000B8
:1083400080B586B0039003980290039800285CD013
:10835000FFE702980838029002980190019840685F
:1083600046F63C21C2F20001096808420BD1FFE742
:108370004FF0500080F31188BFF36F8FBFF34F8F22
:108380000590FFE7FEE70198006858B1FFE74FF05E
:10839000500080F31188BFF36F8FBFF34F8F0490AD
:1083A000FFE7FEE70198406846F63C21C2F2000173
:1083B0000968084227D0FFE70198006808BBFFE77B
:1083C00046F63C20C2F200000268019948689043DA
:1083D000486000F00BFB0198426846F66821C2F243
:1083E00000010868104408600198FFF729F846F674
:1083F000D441C2F2000108680130086001F028FB96
:1084000000E0FFE700E0FFE7FFE706B080BD000007
:108410004EF21001CEF20001002008604EF2180268
:10842000CEF20002106040F22800C2F200000068A4
:1084300044F6D352C1F26202A0FB02024FF0FF30B9
:1084400000EB92104EF21402CEF2000210600720F0
:108450000860704784B0EFF3058001900198102800
:108460001ED3FFE701984EF2F031CEF20001405CDE
:108470008DF803009DF8030046F6F411C2F20001E6
:10848000097888420BDAFFE74FF0500080F311883B
:10849000BFF36F8FBFF34F8F0390FFE7FEE7FFE758
:1084A0004EF60C50CEF20000006800F4E06046F694
:1084B000F811C2F20001096888420BD9FFE74FF0BA
:1084C000500080F31188BFF36F8FBFF34F8F02907E
:1084D000FFE7FEE704B0704783B0029001910020EF
:1084E0000090FFE7009807281DD8FFE7009946F69F
:1084F000F040C2F2000050F8310070B9FFE7019877
:10850000009A46F6F041C2F2000141F832000298AA
:10851000009A01EBC201486005E0FFE7FFE7009821
:1085200001300090DEE703B07047000080B584B0F2
:1085300003900291019203980090FFF7AFFE00981C
:1085400090F94400013028B9FFE70099002081F834
:108550004400FFE7009890F94500013028B9FFE793
:108560000099002081F84500FFE7FFF7C3FE00985F
:10857000806B38B9FFE7009824300299019A00F027
:108580009BF900E0FFE70098FFF7DCFA04B080BD3C
:1085900080B584B00290002001900298E0B1FFE71E
:1085A00046F60820C2F20000006858B1FFE74FF01D
:1085B000500080F31188BFF36F8FBFF34F8F03908C
:1085C000FFE7FEE700F012FA02980021FEF764FBD5
:1085D00001F03EFA019000E0FFE7019860B9FFE783
:1085E0004EF60451CEF200014FF080500860BFF308
:1085F0004F8FBFF36F8F00E0FFE704B080BD000036
:1086000080B58AB00690059100200290069858B96E
:10861000FFE74FF0500080F31188BFF36F8FBFF377
:108620004F8F0990FFE7FEE7059858B9FFE74FF035
:10863000500080F31188BFF36F8FBFF34F8F089006
:10864000FFE7FEE746F60820C2F20000006858B1D6
:10865000FFE74FF0500080F31188BFF36F8FBFF337
:108660004F8F0790FFE7FEE700F0C0F946F6645031
:10867000C2F200000068019006980068059908445D
:108680000490019806990968884210D2FFE704987F
:1086900006990968884208D2FFE704980199884240
:1086A00003D9FFE70120029000E0FFE70FE0049804
:1086B00006990968884205D3FFE704980199884222
:1086C00003D9FFE70120029000E0FFE7FFE70498ED
:1086D00006990860029838B1FFE704980199401A9A
:1086E0000021FEF7D9FA00E0FFE701F0B1F90390AD
:1086F000039860B9FFE74EF60451CEF200014FF047
:1087000080500860BFF34F8FBFF36F8F00E0FFE72B
:108710000AB080BD81B0009046F6CC40C2F20000A5
:1087200000680099086046F66450C2F200000068D4
:108730000099486001B0704747F2C411C2F20001CD
:10874000012008607047000080B58AB00490039152
:10875000049858B9FFE74FF0500080F31188BFF339
:108760006F8FBFF34F8F0690FFE7FEE7FFF772FEB4
:1087700004980290EFF311814FF0500080F31188BC
:10878000BFF36F8FBFF34F8F089107900898009049
:10879000029890F850008DF807000299022081F8A5
:1087A00050000299C86C0130C8649DF80700012888
:1087B00059D1FFE70298806A58B1FFE74FF05000A7
:1087C00080F31188BFF36F8FBFF34F8F0590FFE7E2
:1087D000FEE746F60820C2F200000068F0B9FFE7A5
:1087E00002980430FFF78CFC0298C16A012000FA5D
:1087F00001F246F61021C2F2000108681043086039
:108800000299C86A00EB800242F64050C2F20000B2
:1088100000EB82000431FFF719FD09E0029800F136
:10882000180146F6DC40C2F20000FFF70FFDFFE73B
:108830000298C06A42F62851C2F200010968C96A6A
:1088400088420ED9FFE7039820B1FFE70399012082
:108850000860FFE747F2C411C2F20001012008607E
:1088600000E0FFE7FFE700980990099880F311887E
:108870000AB080BD80B584B002900191029858B9C9
:10888000FFE74FF0500080F31188BFF36F8FBFF305
:108890004F8F0390FFE7FEE7029842F62851C2F29D
:1088A000000109681831FFF79BFC01980121FEF7D0
:1088B000F3F904B080BD000080B584B0029001914E
:1088C0000092029858B9FFE74FF0500080F31188EA
:1088D000BFF36F8FBFF34F8F0390FFE7FEE7029860
:1088E00042F62851C2F2000109681831FFF7AEFCC8
:1088F000009820B1FFE74FF0FF300190FFE70198AB
:108900000099FEF7C9F904B080BD000080B58AB0B7
:10891000002003900690059006A805A904AAFFF779
:1089200013FC039B049A0599DDF818C06846C0F84B
:1089300008C04160036047F21120C0F601004AF60A
:108940002761C0F6010100F0C1FD014646F66C400A
:10895000C2F200000160006818B1FFE70120079033
:1089600002E000200790FFE70798012804D1FFE705
:1089700001F02AF9079000E0FFE70798012823D1CA
:10898000FFE74FF0500080F31188BFF36F8FBFF304
:108990004F8F099046F6C841C2F200014FF0FF30F8
:1089A000086046F63051C2F200010120086046F628
:1089B0006451C2F200010020086000F07FF808B1A5
:1089C000FFE700E0FFE70FE00798013058B9FFE745
:1089D0004FF0500080F31188BFF36F8FBFF34F8FBC
:1089E0000890FFE7FEE7FFE70AB080BD46F60821E2
:1089F000C2F20001086801300860704785B046F691
:108A00000820C2F20000006838B1FFE747F2C41145
:108A1000C2F20001012008604DE047F2C411C2F229
:108A200000010020086046F61020C2F20000006835
:108A300004900498B0FA80F08DF80F009DF80F00B4
:108A4000C0F11F000190019800EB800142F64050F8
:108A5000C2F2000050F8210058B9FFE74FF0500073
:108A600080F31188BFF36F8FBFF34F8F0290FFE742
:108A7000FEE7019800EB800142F64050C2F2000090
:108A800000EB8100009000994868406848600099B8
:108A900048680831884205D1FFE700994868406876
:108AA0004860FFE700984068C06842F62851C2F26B
:108AB00000010860FFE705B07047000080B588B08E
:108AC0004EF60050CEF2000000684CF27121C4F264
:108AD0000F1188420BD1FFE74FF0500080F311884F
:108AE000BFF36F8FBFF34F8F0790FFE7FEE74EF6A0
:108AF0000050CEF2000000684CF27021C4F20F1159
:108B000088420BD1FFE74FF0500080F31188BFF38C
:108B10006F8FBFF34F8F0690FFE7FEE74EF20040E6
:108B2000CEF20000039001780491FF2101700078DB
:108B30008DF80B009DF80B0000F0500046F6F41184
:108B4000C2F20001087046F6F811C2F200010720D7
:108B50000860FFE79DF80B00000600280DD5FFE731
:108B600046F6F811C2F200010868013808609DF865
:108B70000B0040008DF80B00ECE746F6F810C2F24F
:108B80000000006803280BD0FFE74FF0500080F38F
:108B90001188BFF36F8FBFF34F8F0590FFE7FEE79C
:108BA00046F6F811C2F20001086800020860086881
:108BB00000F4E060086004984EF20041CEF200013B
:108BC00008704EF62051CEF20001086840F47000A3
:108BD0000860086840F070400860FFF719FC40F238
:108BE0003431C2F20001002001900860FFF74CFB15
:108BF0004EF63471CEF20001086840F04040086043
:108C0000FEF7F2FCFFF7FAFEFEF766FF019808B0E8
:108C100080BD000080B590B084461298CDF828C081
:108C20000991089207938DF81B000A9858B9FFE73D
:108C30004FF0500080F31188BFF36F8FBFF34F8F59
:108C40000F90FFE7FEE7079858B9FFE74FF0500095
:108C500080F31188BFF36F8FBFF34F8F0E90FFE744
:108C6000FEE708990020039031B1FFE70998B0FAB8
:108C700080F040090390FFE70398C00758B1FFE771
:108C80004FF0500080F31188BFF36F8FBFF34F8F09
:108C90000D90FFE7FEE708990020029031B9FFE749
:108CA0000998002818BF01200290FFE70298C0072A
:108CB00058B1FFE74FF0500080F31188BFF36F8F7A
:108CC000BFF34F8F0C90FFE7FEE748200490049815
:108CD00048280BD0FFE74FF0500080F31188BFF316
:108CE0006F8FBFF34F8F0B90FFE7FEE70498079855
:108CF0000590059888B1FFE70599012081F84600A5
:108D00000A980999089A9DF81B30DDF814C0EE46C0
:108D1000CEF800C0FEF798FA00E0FFE7059810B023
:108D200080BD000080B584B002900191029800904F
:108D3000009858B9FFE74FF0500080F31188BFF357
:108D40006F8FBFF34F8F0390FFE7FEE7FFF7A6FAA1
:108D500000990B68C86B0A6C00FB023088600099B0
:108D60000020886300990868486000990B68C86B08
:108D70000A6C013800FB0230C8600099FF2081F8BE
:108D80004400009981F845000198D0B9FFE70098A8
:108D90000069A0B1FFE70098103000F0F7FD60B166
:108DA000FFE74EF60451CEF200014FF0805008600C
:108DB000BFF34F8FBFF36F8F00E0FFE700E0FFE7E7
:108DC00008E000981030FFF7EBF900982430FFF727
:108DD000E7F9FFE7FFF78EFA012004B080BD00003D
:108DE00080B592B00C900B910A92099300200890E4
:108DF0000C980490049858B9FFE74FF0500080F3A6
:108E00001188BFF36F8FBFF34F8F1190FFE7FEE71D
:108E10000B990020039039B9FFE70498006C0028F3
:108E200018BF01200390FFE70398C00758B1FFE780
:108E30004FF0500080F31188BFF36F8FBFF34F8F57
:108E40001090FFE7FEE7099900200229029007D160
:108E5000FFE70498C06B013818BF01200290FFE7BC
:108E60000298C00758B1FFE74FF0500080F3118817
:108E7000BFF36F8FBFF34F8F0F90FFE7FEE700F058
:108E8000F7FB01460020019031B9FFE70A9800285E
:108E900018BF01200190FFE70198C00758B1FFE714
:108EA0004FF0500080F31188BFF36F8FBFF34F8FE7
:108EB0000E90FFE7FEE7FFE7FFF7F0F90498806BFD
:108EC0000499C96B884204D3FFE70998022834D17A
:108ED000FFE704980B99099AFEF786F80790049823
:108EE000406AA0B1FFE70498243000F04FFD60B164
:108EF000FFE74EF60451CEF200014FF080500860BB
:108F0000BFF34F8FBFF36F8F00E0FFE710E00798CC
:108F100060B1FFE74EF60451CEF200014FF08050F1
:108F20000860BFF34F8FBFF36F8F00E0FFE7FFE7ED
:108F3000FFF7E0F901200D9065E00A9828B9FFE7F6
:108F4000FFF7D8F900200D905DE0089830B9FFE7F1
:108F500005A8FFF7DFFB0120089000E0FFE7FFE72F
:108F6000FFE7FFF7C7F9FFF741FDFFF797F904980F
:108F700090F94400013028B9FFE70499002081F8F6
:108F80004400FFE7049890F94500013028B9FFE755
:108F90000499002081F84500FFE7FFF7ABF905A829
:108FA0000AA900F0C7F928BBFFE70498FEF704FB05
:108FB000C8B1FFE7049810300A99FFF75BFC0498EA
:108FC000FEF7C0FD00F044FD60B9FFE74EF6045126
:108FD000CEF200014FF080500860BFF34F8FBFF317
:108FE0006F8FFFE705E00498FEF7ACFD00F030FD61
:108FF000FFE707E00498FEF7A5FD00F029FD00203B
:109000000D9000E058E70D9812B080BD80B592B089
:109010000B900A91099208930B980590059858B9FE
:10902000FFE74FF0500080F31188BFF36F8FBFF35D
:109030004F8F0E90FFE7FEE70A990020029039B9A2
:10904000FFE70598006C002818BF01200290FFE799
:109050000298C00758B1FFE74FF0500080F3118825
:10906000BFF36F8FBFF34F8F0D90FFE7FEE70899B7
:1090700000200229019007D1FFE70598C06B013855
:1090800018BF01200190FFE70198C00758B1FFE722
:109090004FF0500080F31188BFF36F8FBFF34F8FF5
:1090A0000C90FFE7FEE7FFF7D5F9EFF311814FF0E2
:1090B000500080F31188BFF36F8FBFF34F8F109173
:1090C0000F90109806900598806B0599C96B88429F
:1090D00004D3FFE70898022833D1FFE7059890F8FA
:1090E00045008DF813000598806B039005980A9948
:1090F000089AFDF779FF9DF913000130B8B9FFE731
:109100000598406A88B1FFE70598243000F03EFCDE
:1091100048B1FFE7099820B1FFE7099901200860ED
:1091200000E0FFE700E0FFE700E0FFE706E09DF872
:1091300013000130059981F84500FFE701200790F1
:1091400002E000200790FFE706981190119880F345
:109150001188079812B080BD80B58EB00990089133
:1091600007920020069009980390039858B9FFE7EA
:109170004FF0500080F31188BFF36F8FBFF34F8F14
:109180000D90FFE7FEE708990020019039B9FFE74D
:109190000398006C002818BF01200190FFE7019898
:1091A000C00758B1FFE74FF0500080F31188BFF3BC
:1091B0006F8FBFF34F8F0C90FFE7FEE700F058FA78
:1091C00001460020009031B9FFE70798002818BF3A
:1091D00001200090FFE70098C00758B1FFE74FF06B
:1091E000500080F31188BFF36F8FBFF34F8F0B9048
:1091F000FFE7FEE7FFE7FFF751F80398806B029067
:10920000029830B3FFE703980899FDF7CBFE029868
:1092100001380399886303980069A0B1FFE70398B8
:10922000103000F0B3FB60B1FFE74EF60451CEF210
:1092300000014FF080500860BFF34F8FBFF36F8F76
:1092400000E0FFE700E0FFE7FFF754F801200A9095
:109250006DE0079828B9FFE7FFF74CF800200A9067
:1092600065E0069830B9FFE704A8FFF753FA01203C
:10927000069000E0FFE7FFE7FFE7FFF73BF8FFF7A7
:10928000B5FBFFF70BF8039890F94400013028B9BB
:10929000FFE70399002081F84400FFE7039890F965
:1092A0004500013028B9FFE70399002081F8450007
:1092B000FFE7FFF71FF804A807A900F03BF830BB51
:1092C000FFE70398FEF764F9D0B1FFE70398243075
:1092D0000799FFF7CFFA0398FEF734FC00F0B8FBCC
:1092E00060B9FFE74EF60451CEF200014FF0805016
:1092F0000860BFF34F8FBFF36F8F00E0FFE705E01B
:109300000398FEF71FFC00F0A3FBFFE70EE00398B5
:10931000FEF718FC00F09CFB0398FEF739F918B132
:10932000FFE700200A9002E0FFE7FFE763E70A9803
:109330000EB080BD80B588B005900491059858B9ED
:10934000FFE74FF0500080F31188BFF36F8FBFF33A
:109350004F8F0790FFE7FEE7049858B9FFE74FF0FB
:10936000500080F31188BFF36F8FBFF34F8F0690CB
:10937000FFE7FEE7FEF792FF46F66450C2F20000F8
:1093800000680290029805994968401A019042F6D7
:109390002850C2F20000006890F8520058B1FFE770
:1093A00042F62850C2F200000168002081F8520005
:1093B0000120039034E004980068013018B9FFE7F9
:1093C000002003902BE046F6CC40C2F2000000687B
:1093D00005990968884209D0FFE70298059949680C
:1093E000884203D3FFE70120039017E00198049916
:1093F000096888420BD2FFE7019A04990868801A2D
:1094000008600598FFF786F90020039005E00499AD
:109410000020086001200390FFE7FFE7FFE7FFE778
:10942000FEF768FF039808B080BD000070B58CB0EF
:10943000DDF844C0DDF840C00B900A91ADF826205D
:109440000893BDF826008000FEF7D4FB0590059830
:1094500080B1FFE75420FEF7CDFB0790079820B1BD
:10946000FFE705980799086303E00598FEF768FF92
:10947000FFE702E000200790FFE70798F0B1FFE761
:109480000798002680F851600B980A99BDF82620AD
:10949000089BDDF840C0119C079DEE46CEF80C609D
:1094A000CEF80850CEF80440CEF800C0FDF7ECFE30
:1094B0000798FDF76FFC0120069003E04FF0FF30A6
:1094C0000690FFE706980CB070BD0000B0B58EB0F6
:1094D000DDF850C0DDF84CC0DDF848C00A900991B5
:1094E00008920793139858B9FFE74FF0500080F3A4
:1094F0001188BFF36F8FBFF34F8F0D90FFE7FEE72B
:10950000149858B9FFE74FF0500080F31188BFF36B
:109510006F8FBFF34F8F0C90FFE7FEE7542004904E
:10952000049854280BD0FFE74FF0500080F31188C7
:10953000BFF36F8FBFF34F8F0B90FFE7FEE70498E9
:10954000149820B3FFE7139808B3FFE71498069028
:109550001398069908630699022081F851000A9829
:109560000999089A079BDDF848C0069CEE4600253D
:10957000CEF80C50CEF8084005ACCEF80440CEF83A
:1095800000C0FDF781FE0698FDF704FC02E0002014
:109590000590FFE705980EB0B0BD000080B584B01F
:1095A0000290072001900298E6F70CFF10280BD3D9
:1095B000FFE74FF0500080F31188BFF36F8FBFF3C8
:1095C0004F8F0390FFE7FEE7FFF710FAFFE70198E0
:1095D00001380190019800EB800142F64050C2F240
:1095E000000000EB81000299FEF79AF900900098C4
:1095F00008B1FFE704E0FFE701980028E7D1FFE7A3
:10960000009850B9FFE742F63050C2F200000068FF
:109610000299FEF785F90090FFE7009850B9FFE73F
:1096200042F63850C2F2000000680299FEF778F95D
:109630000090FFE7009848B9FFE7029946F63C50D2
:10964000C2F20000FEF76CF90090FFE7009848B9FD
:10965000FFE7029946F65050C2F20000FEF760F9AB
:109660000090FFE700F0F4F9009804B080BD00001E
:1096700081B046F63050C2F20000006818B9FFE72A
:10968000012000900DE046F60820C2F200000068BC
:1096900018B9FFE70220009002E000200090FFE7E9
:1096A000FFE7009801B0704781B046F66450C2F2FF
:1096B000000000680090009801B0704780B586B047
:1096C0000020029046F60820C2F200000068002840
:1096D00040F0C580FFE746F66451C2F20001086819
:1096E0000130019001980860019858BBFFE742F6ED
:1096F0003050C2F200000068006858B1FFE74FF038
:10970000500080F31188BFF36F8FBFF34F8F059028
:10971000FFE7FEE742F63052C2F200021068009006
:1097200042F63851C2F200010868106000980860E3
:1097300046F6CC41C2F20001086801300860FEF72D
:10974000A9F800E0FFE7019846F6C841C2F200011F
:109750000968884262D3FFE7FFE742F63050C2F261
:1097600000000068006840B9FFE746F6C841C2F251
:1097700000014FF0FF3008604FE042F63050C2F277
:1097800000000068C068C0680490049840680390B6
:1097900001980399884207D2FFE7039846F6C8412B
:1097A000C2F20001086038E0FFE704980430FEF7D9
:1097B000A7FC0498806A28B1FFE704981830FEF7E8
:1097C0009FFC00E0FFE70498C16A012000FA01F263
:1097D00046F61021C2F2000108681043086004999F
:1097E000C86A00EB800242F64050C2F2000000EB73
:1097F00082000431FEF72AFD0498C06A42F628511F
:10980000C2F200010968C96A884203D3FFE7012058
:10981000029000E0FFE7FFE79FE7FFE742F62850EE
:10982000C2F200000068C06A00EB800142F64050BE
:10983000C2F2000050F82100022803D3FFE7012004
:10984000029000E0FFE747F2C410C2F20000006897
:1098500018B1FFE70120029000E0FFE707E046F6BD
:10986000D841C2F20001086801300860FFE70298A1
:1098700006B080BD80B586B00390039802900020AA
:1098800001900398002800F07D80FFE7029842F6DF
:109890002851C2F20001096888420BD0FFE74FF05F
:1098A000500080F31188BFF36F8FBFF34F8F059087
:1098B000FFE7FEE70298806C58B9FFE74FF05000D1
:1098C00080F31188BFF36F8FBFF34F8F0490FFE7D2
:1098D000FEE70299886C013888640299C86A496C6D
:1098E00088424DD0FFE70298806C002846D1FFE700
:1098F00002980430FEF704FCD0B9FFE70298C06A72
:1099000000EB800142F64050C2F2000050F8210006
:1099100068B9FFE70298C16A012000FA01F246F631
:109920001021C2F20001086890430860FFE700E0E0
:10993000FFE70299486CC8620299C86AC0F1070043
:1099400088610298C16A0120009000FA01F246F68F
:109950001021C2F200010868104308600299C86A29
:1099600000EB800242F64050C2F2000000EB8200A1
:109970000431FEF76BFC0098019000E0FFE700E087
:10998000FFE700E0FFE7019806B080BD80B584B036
:1099900002900298C068C0680190019858B9FFE72A
:1099A0004FF0500080F31188BFF36F8FBFF34F8FDC
:1099B0000390FFE7FEE701981830FEF7A1FB46F69B
:1099C0000820C2F200000068F0B9FFE701980430F7
:1099D000FEF796FB0198C16A012000FA01F246F6F3
:1099E0001021C2F200010868104308600199C86A9A
:1099F00000EB800242F64050C2F2000000EB820011
:109A00000431FEF723FC09E0019800F1180146F645
:109A1000DC40C2F20000FEF719FCFFE70198C06AC3
:109A200042F62851C2F200010968C96A884208D981
:109A3000FFE70120009047F2C411C2F20001086064
:109A400002E000200090FFE7009804B080BD000015
:109A500080B584B000200290019046F60820C2F242
:109A60000000006858B9FFE74FF0500080F31188FC
:109A7000BFF36F8FBFF34F8F0390FFE7FEE7FEF753
:109A80000DFC46F60820C2F20000016801390160B1
:109A90000068002840F09280FFE746F60020C2F2FE
:109AA00000000068002800F08880FFE7FFE746F626
:109AB000DC40C2F200000068E0B3FFE746F6DC409D
:109AC000C2F20000C068C068029002981830FEF729
:109AD00017FB02980430FEF713FB0298C16A0120BD
:109AE00000FA01F246F61021C2F2000108681043A4
:109AF00008600299C86A00EB800242F64050C2F248
:109B0000000000EB82000431FEF7A0FB0298C06A5F
:109B100042F62851C2F200010968C96A884207D397
:109B2000FFE747F2C411C2F200010120086000E023
:109B3000FFE7BCE7029818B1FFE7FDF7ABFEFFE7D0
:109B400046F6D840C2F20000006800900098E0B1EC
:109B5000FFE7FFE7FFF7B2FD38B1FFE747F2C411B7
:109B6000C2F200010120086000E0FFE70098013820
:109B70000090FFE700980028ECD1FFE746F6D841B7
:109B8000C2F200010020086000E0FFE747F2C410C5
:109B9000C2F20000006870B1FFE7012001904EF6AC
:109BA0000451CEF200014FF080500860BFF34F8F98
:109BB000BFF36F8F00E0FFE7FFE700E0FFE7FEF78E
:109BC00099FB019804B080BD80B58AB00020089050
:109BD000FDF768F946F66850C2F20000006858B315
:109BE000FFE7002004900790069007A806A905AAA1
:109BF000FEF7C0FA049B059A0698DDF81CC069467A
:109C0000C1F808C048600220086047F62530C0F659
:109C100001004AF63161C0F60101FFF757FC014629
:109C200047F26C10C2F200000160006818B1FFE753
:109C300001200890FFE700E0FFE7089858B9FFE728
:109C40004FF0500080F31188BFF36F8FBFF34F8F39
:109C50000990FFE7FEE708980AB080BD80B58AB09A
:109C6000DDF830C00890079106920593002004901B
:109C7000089858B9FFE74FF0500080F31188BFF300
:109C80006F8FBFF34F8F0990FFE7FEE746F66850EE
:109C9000C2F200000068A8B3FFE707980190069899
:109CA000029008980390079805281EDCFFE7FFF74D
:109CB000DFFC02280CD1FFE746F66850C2F2000034
:109CC00000680C9A01A90023FFF78AF804900BE0C2
:109CD00046F66850C2F20000006801A900231A4647
:109CE000FFF77EF80490FFE70BE046F66850C2F2FB
:109CF00000000068059A01A90023FFF787F9049086
:109D0000FFE700E0FFE704980AB080BD41000802C9
:109D100018BF04200A0E18BF40F001004FF07F4228
:109D200032EA010108BF40F00200012808BF052007
:109D30007047000010B54FF00E402DED028BB0EED5
:109D4000408A18EE104A00EB4400B0F1506F4AD838
:109D50004FF0FC40B0EB440F22D2B0EEC80AF7EE51
:109D6000000A30EEC00AF6EE000A60EE208A18EE15
:109D7000900A00F0E1F901EE100A14F0004F1DBF47
:109D8000DFED2D0A9FED2D0AB1EE411ADFED2C0A11
:109D900008BF9FED2C0AF8EE001A21EE218A05E09B
:109DA000DFED290A68EE088AB0EE600A9FED271AF7
:109DB000DFED271A30EE080A48EE811A9FED251ACA
:109DC00008EEA11ADFED241A48EE811A9FED231A3E
:109DD00008EEA11A68EE281ABDEC028B01EE810A8A
:109DE00030EE200A10BD4FF0E440B0EB440F0CD928
:109DF00018EE100AFFF78AFF042808BF00F094F954
:109E0000B0EE480ABDEC028B10BD4FF07F40B0EBC6
:109E1000440F07D2B0EE480ABDEC028BBDE81040FB
:109E200000F074B90120E6F78AFBBDEC028BBDE8B7
:109E3000104000F071B900000000C9BF22AAFDB9AE
:109E40000000C93F22AAFD390000000024FE1C3D8D
:109E5000C78AD83C1E67383D1B93993DAFAA2A3E5E
:109E600070B54FF068422DED048BF0EE408A18EE8D
:109E7000900AB0EE608A18EE101A02EB4003B3F1BC
:109E8000654F3CBF02EB4102B2F1654F7DD200BF8E
:109E9000C0F3C753C1F3C7529A1A1B2A09DD10F049
:109EA000004F14BF9FED830A9FED830ABDEC048B26
:109EB00070BD12F11A0F36DA11F0004F09D010F010
:109EC000004F0CBF9FED7D0A9FED7D0ABDEC048B1A
:109ED00070BD88EE889A19EE100AFFF717FF042864
:109EE00008BF00F021F918EE900AFFF70FFF0546B2
:109EF00018EE100AFFF70AFF044619EE100AFFF7E2
:109F000005FF042D18BF052D08D1042C18BF052C02
:109F100004D1002804BF0220E6F711FBB0EE490A85
:109F2000BDEC048B70BD4200B2EB410F3AD910F08A
:109F3000004F19BFDFED630A9FED630ADFED630A8F
:109F40009FED630AB0EE481A0A46B1EE688A80F0C7
:109F50000041F0EE418A10460A1A5200B2F1807FA9
:109F600034D2484010F0004FDFED5A1A9FED5A2AC4
:109F70001DBFBEEE001A70EEE10A30EE420AB6EEE8
:109F8000001A08BF70EEA10A00E040E008BF30EE02
:109F9000020AB0EE682A01EE482A08EE818AC2EE73
:109FA000081A15E011F0004F04BF9FED4C0AF0EEC7
:109FB000400AD1D010F0004F19BFDFED490A9FEDE4
:109FC000490ADFED490A9FED490AC5E7C8EE881A3C
:109FD00021EEA11A9FED462ADFED462A41EE022A24
:109FE0009FED452A01EE222ADFED442A41EE022AA6
:109FF0009FED432ABDEC048B01EE222A21EE811A4B
:10A0000001EE020A30EE210A30EE200A70BD4FF058
:10A010007F42B2EB400F28BFB2EB410F09D2F0EE06
:10A02000480AB0EE680ABDEC048BBDE8704000F051
:10A0300070B840EA01035B0008BF41F0FF410BD05C
:10A04000B2EB400F08BFB2EB410F08D120F08040C7
:10A0500008EE900A21F0804108EE101A18E7B2EBE2
:10A06000400F12BF5FEA410340F0FF4001F00041A2
:10A070003FF40EAFB2EB410F12BF5FEA400200F0B7
:10A08000004041F0FF413FF403AF4A0092EA400331
:10A090003FF5FEAE002AACBF9FED1A0A9FED1A0AEB
:10A0A00068EE808A28EE008A18EE900A18EE101AE0
:10A0B000EEE60000DB0FC9BFDB0FC93FDB0F4940F5
:10A0C000DB0F49C00000C9BF22AAFDB90000C93F8B
:10A0D00022AAFD390060ED3EC30ACE370000000021
:10A0E000000049C022AA7DBA0000494022AA7D3A58
:10A0F0002DAD65BD8FB8D53D0FB511BE61C84C3EC5
:10A10000A8AAAABE0000804F0000802F30EE000AEF
:10A11000704730EE200A7047DFED020A80EEA00A99
:10A1200070470000000000009FED020A20EE000AC8
:10A13000704700000000001010B500EE100A2DED71
:10A14000028BB1EEC08A18EE100A20F00040C0F178
:10A15000FF40C00F0AD010EE100A20F00040C0F1FE
:10A16000FF40C00F04BF0120E6F7E9F918EE100A1E
:10A17000BDEC028B10BD000021F0004201F0004355
:10A18000A2F16052B2F5801F28BFD2F17F6C0BD9CB
:10A190005FEA001C43EAC20242EB507018BF7047EE
:10A1A00028BF20F001007047B2F5801FBCBF1846E1
:10A1B00070474FEA410C1CF5001F02D2084600F020
:10A1C000ABBD70B500F0BEFB00000089FFF7F6BF25
:10A1D0004FF00040A0F580007047000010B591EAF4
:10A1E000030F48BF83F0004300F10884841A71EB29
:10A1F000030C05D2121943EB0C03001B61EB0C019D
:10A200004FEA1154A4EB135CDFF81CE11EEA430F84
:10A2100018BF9EEA445F00F0748021EA045123EAEB
:10A220000E0343F48013DCF1200E32D322FA0CFE2D
:10A2300010EB0E0023FA0CFE41EB0E01CCF1200EC8
:10A2400003FA0EFE10EB0E00CCF1200E51F10001CE
:10A25000B1F5801F32D201EB045112FA0EF2BDE8C3
:10A26000104058BF7047401C38BF5FEA420218BF19
:10A270007047002814BF20F0010041F100014FEAAF
:10A28000410313F5001F38BF7047A1F1C04100F032
:10A29000A7BB012A43EB0302ACF1200CDCF11F0E3B
:10A2A00032BF4FF0000E23FA0CF310EB030041EB2A
:10A2B0000451B4EB115FD0D0A1EB045101F5801132
:10A2C000490801EB04515FEA30000ED350F1000061
:10A2D00038BF12FA0EFE08D1BDE81040C9E7401C95
:10A2E00038BF5FEA4202CAD1C3E7BDE810404FEA77
:10A2F000410313F5001F38BF7047A1F1C04100F0C2
:10A300006FBB9EEA445F08D011EA5E0FBDE81040C3
:10A3100004BF01F0004100207047BDE8104070B557
:10A3200000F010FB64FBBE3E0000E0FF491058BF88
:10A33000C1F140415B1058BFC3F140438B42EFF382
:10A34000008070472DE9C04130B4DFF8A8C23CEA74
:10A35000111418BF3CEA131400F0F0801CEA111429
:10A3600081EA030544EAD57418BF1CEA131500F00E
:10A37000CB80A4EB050404F17F7404F500344FF0A6
:10A38000004545EAC12145EAC32341EA505143EA69
:10A3900052534FEAC0204FEAC222994208BF90426E
:10A3A00000F0A0804FEA13650FF24816765D4FEA81
:10A3B000134506FB05F7C7F1807706FB07F74FEA61
:10A3C000D737A7FB03687642A7FB06CEC8F58038CF
:10A3D00038BFA8F1010807FB08E6A6FB028C4FF086
:10A3E000000EE6FB03CED8F100086FEA0C0C5CF11E
:10A3F000000C6FEA0E0E4EF1004EA6FB0C584FF00B
:10A400000007E6FB0E87A1FB08C6A0FB07CE16EBF4
:10A410000E064FF0000545F10005E1FB076515F15B
:10A42000E04E7EBFA4F580345FEA46066D4116F12A
:10A43000800745F100054FEA172747EA05674FEA0D
:10A4400015254FEA0666A6F1DE46B6F1805F20D9F3
:10A45000384605EBC47124F0010C01EB0C11BCF182
:10A46000FE6F02D8F0BCBDE8008124425CBF01F55C
:10A47000801E9EEAC47F02D4F0BCBDE80081244265
:10A4800000F13980A1F1C041F0BCBDE8004100F00D
:10A49000A7BA4FEAD02040EA41504FEAD1214FEA13
:10A4A000D22242EA43524FEAD323A7FB028607FB9C
:10A4B000036605FB02661EEA0E0F58BFA6EB0056A8
:10A4C000B6EB00564FEA520E4EEAC37E18EB0E0E64
:10A4D00056EB530EBCD518EB02085E417F1C55F1BC
:10A4E0000005B5E74FF480154FF000074FF0000668
:10A4F0004FF00008ACE701F1C04101F000414FF01E
:10A500000000F0BCBDE800810CEA131511EA0C1F35
:10A5100000D00CE013EA0C1F00F025804FF0000083
:10A5200081EA030101F00041F0BCBDE80081F0BC0C
:10A53000BDE8004181EA030100F052BAF0BCBDE879
:10A54000004170B500F0FEF9097EFC3E00F007B84E
:10A550004FF0000081EA030101F00041704781EAF9
:10A56000030100F03DBAF0BCBDE8004122494FF0C4
:10A5700000007047FFFDFBF9F7F5F4F2F0EEEDEBAC
:10A58000E9E8E6E4E3E1E0DEDDDBDAD8D7D5D4D3F1
:10A59000D1D0CFCDCCCBCAC8C7C6C5C4C2C1C0BF3D
:10A5A000BEBDBCBBBAB9B8B7B6B5B4B3B2B1B0AF43
:10A5B000AEADACABAAA9A8A8A7A6A5A4A3A3A2A127
:10A5C000A09F9F9E9D9C9C9B9A99999897979695E2
:10A5D00095949393929191908F8F8E8E8D8C8C8B7E
:10A5E0008B8A898988888787868585848483838206
:10A5F000828181800000FF070000F87F51EA030C90
:10A6000017D41CF5801F58BFBCF5801F00F10680D1
:10A61000994218BF704708BF9042704707D711F59D
:10A62000801F58BF13F5801F19D499427047894283
:10A6300070471CF5801F08D5BCF5801FF7D58B42ED
:10A6400018BF704708BF824270474FF4001C1CEBD4
:10A65000410F38BF1CEB430F01D28B42704770B5DE
:10A6600000F070F9922449004FF000514FF08053F0
:10A67000FFF75CBE4FEA41034FEA5353A3F58063F3
:10A68000D3F11E03C8BFD3F1210C0CDD4FF0004203
:10A6900042EAC12242EA505232FA03FC8CEAE17CDF
:10A6A000ACEBE1707047102BC4BF0020704703F57E
:10A6B000787CBCF1FF3F04D06FF0004282EA2100B9
:10A6C000704770B500F03EF9499224800020704731
:10A6D000F2E710F0004248BF4042B0FA80F310FAAF
:10A6E00003F10AD0C3F11D0303F5806302EB0352AB
:10A6F0004FEA415002EBD12170474FF00000704704
:10A7000051EA030C17D41CF5801F58BFBCF5801FFD
:10A7100000F10680994218BF704708BF9042704709
:10A7200007D711F5801F58BF13F5801F19D4994220
:10A730007047894270471CF5801F08D5BCF5801F03
:10A74000F7D58B4218BF704708BF824270474FF45D
:10A75000001C1CEB410F38BF1CEB430F01D28B4296
:10A76000704770B500F0EEF8922449004FF0805128
:10A770004FF00053FFF7DABD51EA030C17D41CF574
:10A78000801F58BFBCF5801F00F10680994218BF9A
:10A79000704708BF9042704707D711F5801F58BF18
:10A7A00013F5801F19D499427047894270471CF5F0
:10A7B000801F08D5BCF5801FF7D58B4218BF7047A6
:10A7C00008BF824270474FF4001C1CEB410F38BF9A
:10A7D0001CEB430F01D28B42704770B500F0B2F80A
:10A7E000922449004FF000514FF08053FFF79EBD77
:10A7F00070B5DFF848C11CEA111E1EBF1CEA131514
:10A800009EEA0C0F95EA0C0F00F06F8081EA0304BA
:10A810004EEAD47EAE4421EA4C1123EA4C1341F4B3
:10A82000801143F48013AEF17F7EA1FB024CA0FBAC
:10A830000365361955EB0C05A1FB034C4CF10003E5
:10A84000A0FB021C16EB0C06654153F10003094204
:10A8500018BF46F0010613F4007F0BD14FEA033115
:10A860004FEA053041EA155140EA165034036FF0C3
:10A8700003020AE04FEAC3214FEAC52041EA5551DD
:10A8800040EA5650F4026FF0020202EB2E4201EB56
:10A89000025585EACE710AD05FEA440C18BF24F055
:10A8A000004450F1000041F1000120EAD47040F270
:10A8B000FE7C624500D270BDA84214BF4FF08044B8
:10A8C0004FF04044002E08BF0024BEF1806FA8BFA7
:10A8D000A1F1C041BDE8704080F2828001F1C04129
:10A8E00001F000414FF0000070470CEA13159EEA9A
:10A8F0000C0F18BF95EA0C0F06D081EA030E4FF03B
:10A9000000000EF0004170BD00F01CF88900013E0F
:10A9100000F007B800F009B84FEA430C5FEA5C5C4E
:10A9200008D081EA030100F05BB84FEA410C5FEA0E
:10A930005C5CF6D102494FF0000070470000FF0751
:10A940000000F87F0EF1020E2EF0030E5EF8046B8D
:10A95000364205D4012A43EB030515F5001F12D832
:10A96000012841EB010C1CF5001F0CD80ED14FEA59
:10A97000D17C0CEB4C0C0CF1020C15F5001F08BF40
:10A980004CEBD37C04E04FF0080C01E04FEAD37CA1
:10A990000CEB4C0526FA05F606F00706B6F1040C9A
:10A9A00006D20EEB860CBDE870404CF0010C6047FF
:10A9B000DFE80CF0090B02024FF00041A1F5002185
:10A9C0004FF0000070BD19461046012851EB0104FC
:10A9D00018BFD4F5001484BF002001F0004170BD01
:10A9E0000808A0F500114FEA3101704710B591EA4F
:10A9F000030F48BF83F000433FF5F8AB841A71EBB7
:10AA0000030C07D28CF0004C121943EB0C03001B13
:10AA100061EB0C014FEA1154A4EB135CDFF8A4E1E5
:10AA20001EEA430F18BF9EEA445F00F0B48021EA9B
:10AA3000045123EA6E035242C3EB6E0338BF5B1E20
:10AA4000DCF1200E25D322FA0CFE10EB0E0043FAA7
:10AA50000CFE41EB0E01CCF1200E03FA0EFE10EBC2
:10AA60000E00CCF1200E51F1000129D401EB04516C
:10AA700012FA0EF2BDE8104058BF7047401C1CBFD0
:10AA8000B2F1004F704700280CBF491C20F00100B4
:10AA9000704712EB020E43EB030218BF4FF0010E9A
:10AAA0004EEA4202ACF1200CDCF11E0E56D943FAFC
:10AAB0000CFE10EB0E00CCF11E0E51F1FF31D5D57E
:10AAC0000EF1010E12FA0EFE404141EB010101EBC5
:10AAD000445C5FEA5C5C10D901EB045110EBDE7062
:10AAE00038BFBEF1004FBDE8104018BF70470028C6
:10AAF0000CBF491C20F00100704734D24FEAD42C1F
:10AB000024F4006411F500111BD0B1FA81F20B3A64
:10AB1000A41AA41ED2F12003914030FA03F3194382
:10AB2000904001EBCC7101EB0451002CBDE81040CA
:10AB3000A8BF704701F1C04101F000414FF0000093
:10AB40007047B0FA80F310FA03F102D1BDE810406B
:10AB50007047E41A173C4805C90AE2E701EB0451C3
:10AB6000BDE81040704749104FEA300001EB045136
:10AB7000BDE8104002E04FF0000170474A0008BFF6
:10AB80000042F8D0B2F5001F28BF704701F0004125
:10AB90004FF0000070479EEA445F07D011EA5E0F55
:10ABA000BDE8104004BF002100207047BDE8104000
:10ABB00070B5FFF7C7FE00BF40DFF63E104683F0DA
:10ABC000004170470000E0FF43004FEAD30C4FEA1A
:10ABD0003C0C43401FBF40070CF1605113F0FE4F87
:10ABE00070471CF0006F03D10CF00041002070474B
:10ABF0000CF0004343EA507040EACC0010B500F07E
:10AC000038F800BF000000924FEA0001FFF7E8BEED
:10AC10004FF00041A1F500214FF00000704710B542
:10AC2000FFF7ECFC0CBF0120002010BD10B5FFF7B2
:10AC3000E5FC14BF0120002010BD10B5FFF760FD3A
:10AC40008CBF0120002010BD10B5FFF759FD2CBFAF
:10AC50000120002010BD10B5FFF78EFD94BF01202C
:10AC6000002010BD10B5FFF787FD34BF0120002084
:10AC700010BD0EF1020E2EF0030E5EF8044B2442BE
:10AC800004D44FEA4102B2F17F4F11D84FEA40039A
:10AC9000B3F17F4F0CD80ED14FEAD07C0CEB4C0CAB
:10ACA0000CF1020CB2F17F4F08BF4CEBD17C04E0F9
:10ACB0004FF0080C01E04FEAD17C0CEB4C0324FA76
:10ACC00003F404F00704B4F1040C06D20EEB840C78
:10ACD000BDE810404CF0010C6047DFE80CF00708BD
:10ACE00002024FF00040A0F5800010BD084642006F
:10ACF00018BFD2F1807288BF00F0004010BDF1EEA5
:10AD0000100A4FF6FF71C0F2C03120EA010040F096
:10AD10004070E1EE100A7047FF2141EAD050C005B3
:10AD200070470000E1AD01086D84000802000000DA
:10AD30000000000000010000000000000000000012
:10AD4000D8AD0108D927000802000000000000006B
:10AD50000001000000000000000000009AB201089D
:10AD6000DD7F0108020000000000000080000000FC
:10AD700000000000000000000000000000000000D3
:10AD80000102030406070809000000000102030491
:10AD900000061016000610160000000000005454B3
:10ADA000522052454747455300303132333435360F
:10ADB00037383941424344454640AC037D040141A4
:10ADC00003057C00026D0D026D0902005AF8F63F82
:10ADD0005D896EBFD5A9183B6D795461736B3031B5
:10ADE00000696E730043444320496E746572666166
:10ADF00063650043444320436F6E666967005354A4
:10AE00004D6963726F656C656374726F6E696373AD
:10AE10000053544D3332205669727475616C20436F
:10AE20006F6D506F72740049444C4500546D7251FF
:10AE300000546D722053766300453A00503A005733
:10AE40003A001B5B306D001B5B313B33316D001BE7
:10AE50005B313B33326D001B5B313B33336D002084
:10AE6000202573257343616E205472616E736D6982
:10AE700074204661696C65642C20496E7374616E40
:10AE80006365206F7220547820427566662069736E
:10AE9000204E554C4C0D0A25730020202573257338
:10AEA00043616E203A20526567697374657220466B
:10AEB00061696C65642C20436F6E666967206973F5
:10AEC000204E554C4C0D0A25730020202573257308
:10AED0002573203A2043616E31205265676973748F
:10AEE0006572205375636365737366756C6C792C3A
:10AEF0002054782049443A3078253033582C205259
:10AF0000782049443A3078253033580D0A257300AB
:10AF10002020257325732573203A2043616E32204B
:10AF200052656769737465722053756363657373E3
:10AF300066756C6C792C2054782049443A30782519
:10AF40003033582C2052782049443A307825303319
:10AF5000580D0A257300202025732573525820466A
:10AF600049464F30204D65737361676520436F75A7
:10AF70006E742069732025640D0A25730020202536
:10AF80007325735258204649464F31204D657373DF
:10AF900061676520436F756E742069732025640DA9
:10AFA0000A2573002020257325732573203A20433A
:10AFB000616E3120526567697374657220466169FC
:10AFC0006C65642C204D61782052656769737465E7
:10AFD0007220436F756E7420526561636865640DFD
:10AFE0000A2573002020257325732573203A2043FA
:10AFF000616E3220526567697374657220466169BB
:10B000006C65642C204D61782052656769737465A6
:10B010007220436F756E7420526561636865640DBC
:10B020000A25730020202573257343414E31205398
:10B030007461727473204661696C65640D0A2573CE
:10B040000020202573257343414E322053746172D2
:10B050007473204661696C65640D0A2573002020B5
:10B060002573257343616E203A20526567697374B6
:10B070006572204661696C65642C20436F6E666959
:10B080006720697320496E636F6D706C6574650D20
:10B090000A25730020202573257343414E31204635
:10B0A00049464F3020496E74657272757074696FCD
:10B0B0006E20436F6E666967204572726F720D0A6B
:10B0C00025730020202573257343414E32204649C5
:10B0D000464F3120496E74657272757074696F6E77
:10B0E00020436F6E666967204572726F720D0A2584
:10B0F000730020202573257343414E312046494675
:10B100004F302046696C74657220436F6E666967C4
:10B11000204572726F720D0A257300202025732559
:10B120007343414E32204649464F302046696C7485
:10B13000657220436F6E666967204572726F720D8B
:10B140000A2573002020257325732573203A204398
:10B15000616E31205265676973746572204661695A
:10B160006C65642C20527820494420307825303397
:10B170005820416C726561647920457869737473F5
:10B180000D0A2573002020257325732573203A208E
:10B1900043616E322052656769737465722046613F
:10B1A000696C65642C205278204944203078253021
:10B1B000335820416C7265616479204578697374F5
:10B1C000730D0A25730020202573257343616E20BB
:10B1D0005365727669636520496E6974207375637F
:10B1E0006365737366756C6C790D0A257300202096
:10B1F0002573257343616E20496E697420737563EE
:10B200006365737366756C6C790D0A257300202075
:10B210002573257343616E204D41534B2046696C65
:10B2200074657220496E6974207375636365737306
:10B2300066756C6C790D0A257300202025732573C3
:10B240002573203A2043616E2052656769737465E7
:10B2500072204661696C65642C204E6F204D656DCF
:10B260006F72790D0A2573005465726D696E616C99
:10B2700000626F61726400646A695F6D6F746F72FF
:10B2800000646A695F6D6F746F725F73686F6F746B
:10B2900000646D5F6D6F746F725F7465737400002E
:10B2A000C0B201080000002060030000EC010008AB
:10B2B00040B4010860030020707400004C020008D4
:10B2C000100CE7416B3A58A08B3A828101180AF5BD
:10B2D000230108612401087D041AA5042AF5081930
:10B2E000141A1108111324F4180BE11C01081D1A7B
:10B2F000010835201031480B091B0108B918010855
:10B30000AD1910811A05281A991C1A75081A810896
:10B310001409024313020125C03209041B01020B68
:10B32000130524161001052401100901042402024A
:10B3300005240617010705820308151009040133C7
:10B34000020A2E0705010240072A810711130A0687
:10B3500032023340011A12231302021E40830440BA
:10B3600057591B02031513BD0C1B08B9041A5D04C1
:10B370001AF10413150D00081808040309041A0330
:10B380005B92FF0131E3803F0910101AA229167168
:10B39000B20108027B0301535A01425AFC085AFDCC
:10B3A000085AFE0822FB1A9134411CD00F49C75A93
:10B3B00040040311C841130105D2152AA0F791BA20
:10B3C000DA40E1E0099A9999BEACC527B71A5064F2
:10B3D000FAE02C7A82F50920F40922241A77E03C5D
:10B3E000010101C211840201020231131B2042C873
:10B3F000323E19B8811B7A44640210463A8174398E
:10B400006B19740A63027429EC29E632101AAA0136
:10B41000157D04017C160240AB0341100905530859
:10B42000065804070F160810820911160A15800B1A
:10B43000160009000C18010D18B751B800000000E3
:040000050800018965
:00000001FF
