:020000040800F2
:10000000105C002095020008197B00087169000847
:10001000F57100088D07000815A400080000000015
:10002000000000000000000000000000C18800087F
:100030007D1A000800000000217F0008F5880008F4
:10004000AF020008AF020008AF020008AF020008CC
:10005000AF020008AF020008811A00088D1A0008DC
:10006000AF020008991A0008A51A0008AF0200089C
:10007000C5180008AF020008AF020008AF02000870
:10008000AF020008AF020008AF020008AF0200088C
:1000900091070008AF020008AF020008B11A00087B
:1000A000AF020008018A0008AF020008AF02000892
:1000B000AF020008AF0200081D8A0008AF02000866
:1000C000AF020008AF020008AF020008AF0200084C
:1000D000AF020008E1940008AF020008F1940008A4
:1000E000AF020008AF020008AF020008AF0200082C
:1000F0003D8A0008AF020008AF020008AF02000806
:10010000AF020008AF020008AF020008AF0200080B
:10011000AF020008AF0200082D8A0008AF020008F5
:10012000AF020008D5180008E5180008F518000807
:10013000AF020008AF020008AF020008AF020008DB
:10014000AF020008A1070008AF020008897B000881
:10015000051900081519000825190008019500085F
:10016000AF020008AF020008AF020008AF020008AB
:10017000AF020008AF020008AF0200080000000054
:10018000AF020008AF02000800F002F800F072F8B9
:1001900014A696E8000CB244B344DA4501D100F04D
:1001A00069F8BAE80F000FA696E83000A5EB040541
:1001B00004EB0607AAEB0704A7F101074FEA1515A0
:1001C0004FEA3414A4F10104AC4201D300F052F818
:1001D00013F0010F18BFFB1A43F0010300F001F800
:1001E000DBE7184780DE0000A0DE00000A444FF085
:1001F000000C10F8013B13F0070408BF10F8014B86
:100200001D1108BF10F8015B641E05D010F8016BCA
:10021000641E01F8016BF9D113F0080F1EBF10F82E
:10022000014BAD1C0C1B09D16D1E58BF01F801CB51
:10023000FAD505E014F8016B01F8016B6D1EF9D5D4
:100240009142D6D37047000070470000002300247D
:1002500000250026103A28BF78C1FBD8520728BFD6
:1002600030C148BF0B6070471FB50DF094FB1FBD38
:1002700010B510BD00F07DF91146FFF7F5FF0AF04B
:1002800093FD00F09BF903B4FFF7F2FF03BC00F00D
:100290009FF900000948804709480047FEE7FEE74C
:1002A000FEE7FEE7FEE7FEE7FEE7FEE7FEE7FEE726
:1002B00004480549054A064B70470000ED890008CF
:1002C0008901000810560020105C00201058002002
:1002D0001058002053EA020C00F069802DE9F04B21
:1002E0004FF00006002B1FBFB3FA83F503FA05F4A5
:1002F00024FA05F65E4012BF1643B2FA82F502FAFE
:1003000005F4C5F120051EBF22FA05FC44EA0C04E1
:10031000203556EA044C4FEA144418BF641C4FF0D1
:1003200000084FF00009904271EB030C39D300290B
:1003300019BFB1FA81F701FA07F6B0FA80F700FAAF
:1003400007F6C7F120071EBF20FA07FC46EA0C0695
:100350002037B6FBF4FCA7EB0507103F07F01F0B97
:10036000CBF120062CFA06F60CFA0BFB44BFB34681
:100370000026202FA4BF5E464FF0000B5BEA060C60
:1003800008BF4FF0010B19EB0B0948EB0608ABFB5C
:10039000027C06FB02CC0BFB03CCC01B71EB0C01F7
:1003A000C1E70B46024641464846BDE8F08B13B50F
:1003B000084318BF4FF0FF300146AFF30080BDE89F
:1003C0001C407047032A40F2308010F0030C00F00C
:1003D000158011F8013BBCF1020F624498BF11F87F
:1003E00001CB00F8013B38BF11F8013BA2F1040238
:1003F00098BF00F801CB38BF00F8013B11F00303B0
:1004000000F07C80083AC0F0088051F8043B083ABC
:1004100051F804CBA0E80810F5E7121D5CBF51F8B5
:10042000043B40F8043BAFF30080D20724BF11F82F
:10043000013B11F801CB48BF11F8012B24BF00F894
:10044000013B00F801CB48BF00F8012B70474FF08B
:1004500000020429C0F0128010F0030C00F01B8091
:10046000CCF1040CBCF1020F18BF00F8012BA8BF9F
:1004700020F8022BA1EB0C0100F00DB85FEAC17C63
:1004800024BF00F8012B00F8012B48BF00F8012B16
:1004900070474FF0000200B5134694469646203947
:1004A00022BFA0E80C50A0E80C50B1F12001BFF42D
:1004B000F7AF090728BFA0E80C5048BF0CC05DF893
:1004C00004EB890028BF40F8042B08BF704748BFE1
:1004D00020F8022B11F0804F18BF00F8012B704755
:1004E00070477047704710B500F03EF8006810BDC7
:1004F00010B5044600F038F8046010BD10B5203A7D
:10050000C0F00B80B1E81850A0E81850B1E81850BE
:10051000A0E81850203ABFF4F5AF5FEA027C24BF90
:10052000B1E81850A0E8185044BF18C918C0BDE879
:1005300010405FEA827C24BF51F8043B40F8043B42
:1005400008BF7047D20728BF31F8023B48BF11F8F7
:10055000012B28BF20F8023B48BF00F8012B704751
:1005600000487047500500200048704750050020A3
:1005700070477546FFF7F4FFAE46050069465346DF
:1005800020F00700854618B020B5FFF791FEBDE8C2
:1005900020404FF000064FF000074FF000084FF0EA
:1005A000000BAC46ACE8C009ACE8C009ACE8C00937
:1005B000ACE8C00921F007018D46704710B504462C
:1005C000AFF300802046BDE81040FFF75CBE00009E
:1005D00001491820ABBEFEE72600020080B592B0AC
:1005E0001190119801F06EFA8DED100A1198406A81
:1005F00080F000400DF034F941EC100B8DED040B50
:1006000010980DF02DF941EC100B0BF0EDFE8DED77
:10061000020B1198806A0DF023F941EC100B8DED5F
:10062000000B10980DF01CF941EC100B0BF040FF83
:100630009DED001B51EC110B53EC102B0CF018FF2F
:100640009DED021B9DED040B41EC120B8DED062B75
:1006500053EC112B51EC100B0CF00AFF9DED060B27
:1006600041EC110B51EC110B53EC102B0DF00AF86F
:1006700041EC100B51EC100B0CF0AAFB11998861A6
:100680001198406A0DF0ECF841EC100B8DED0A0B5F
:1006900010980DF0E5F841EC100B0BF009FF8DED13
:1006A0000C0B1198806A0DF0DBF841EC100B8DED0E
:1006B000080B10980DF0D4F841EC100B0BF094FEE1
:1006C0009DED081B51EC110B53EC102B0CF0D0FEE0
:1006D0009DED0A1B9DED0C0B41EC120B8DED0E2BCD
:1006E00051EC110B53EC102B0CF0C2FE9DED0E0BD8
:1006F00041EC110B51EC110B53EC102B0CF0C2FF21
:1007000041EC100B51EC100B0CF062FB1199C8611D
:100710001199C86A086212B080BD000081B08DEDE9
:10072000000AFFE79DED000A9FED141AB4EE410A9E
:10073000F1EE10FA09DDFFE79DED000A9FED121AB8
:1007400030EE010A8DED000AECE7FFE79DED000AAF
:100750009FED0B1AB4EE410AF1EE10FA09DAFFE749
:100760009DED000A9FED071A30EE010A8DED000A9B
:10077000ECE79DED000A01B0704700BFDC0F494077
:10078000DC0F49C0DC0FC940DC0FC9C0FFE7FEE742
:1007900080B540F60C30C2F2000001F0E7FC80BDED
:1007A00080B540F63430C2F2000001F0DFFC80BDBD
:1007B00082B08DF803009DF80300012806D1FFE701
:1007C00040F60C30C2F2000001900DE09DF80300ED
:1007D000022806D1FFE740F63430C2F20000019053
:1007E00002E000200190FFE7019802B0704700008E
:1007F00080B590B00E9040F60430C2F20000007850
:10080000B0FA80F0400908900E98406840F60C312C
:10081000C2F20001884209D1FFE740F2FC52C2F265
:1008200000021078411C1170039008E040F20002B1
:10083000C2F200021078411C11700390FFE7039888
:10084000099001200A9000210B910E210D910E9923
:10085000498D490105910C900E98406804A901F05A
:1008600045FAE8B1FFE70E9800684DF6B832C0F6D9
:10087000000269464A6008604DF61871C0F6000132
:100880004DF6BD32C0F600024DF6AF33C0F60003A0
:100890000020029007F030FE02988DF83F000CE037
:1008A00040F60431C2F200010878B0FA80F0400945
:1008B000087001208DF83F00FFE79DF83F0010B061
:1008C00080BD000080B596B00120149000211291E7
:1008D00013900C910D910E910F9111911091109018
:1008E000FFE740F60C30C2F200000CA901F0FEF95F
:1008F000B0B1FFE74DF6B830C0F6000069460860B9
:100900004DF6C661C0F600014DF6BD32C0F60002DC
:100910004DF6AF33C0F60003002007F0EDFDE0E731
:1009200001210A91002008900991069006910290F9
:100930000390049005900E2007900B90FFE740F67F
:100940003430C2F2000002A901F0D0F9B0B1FFE7E3
:100950004DF6B830C0F60000694608604DF6EF610C
:10096000C0F600014DF6BD32C0F600024DF6AF33C1
:10097000C0F60003002007F0BFFDE0E716B080BD21
:1009800080B586B0FFF79EFF4DF6B830C0F6000088
:100990000290694608604EF20901C0F600014DF66A
:1009A000C532C0F6000203924DF6B233C0F6000322
:1009B00004930020059007F09FFD00F049FA02998A
:1009C0000598039A049BEC46CCF800104DF6C171D3
:1009D000C0F6000107F090FD0299039A049B059868
:1009E00040F2014CC2F2000C8CF80000EC46CCF84E
:1009F00000104DF6E971C0F6000107F07DFD06B06C
:100A000080BD000080B58CB00A900A9800F076F89E
:100A100018B9FFE700200B906CE040F20140C2F2F1
:100A200000000078C00718B1FFE7FFF7A9FFFFE754
:100A30003D200AF0D7FD09900998E0B9FFE70A9830
:100A400000684DF6B832C0F6000269464A60086098
:100A50004EF23501C0F600014DF6BD32C0F600027F
:100A60004DF6AF33C0F600030020029007F044FDBE
:100A700002980B903EE009983D21FFF7E8FC0A98A8
:100A80000068099908600A980079FFF791FE0999B2
:100A900048600A98B0F80500099908840998083058
:100AA0000A99B1F80510039100210491059106916E
:100AB000082207928DF8201003A91822FFF782FC64
:100AC0000A98B0F80700099948850A98D0F80900F3
:100AD0000999C1F835000A98D0F80D000999C1F8B4
:100AE00039000998FFF784FE099800F03FF909984A
:100AF0000B90FFE70B980CB080BD000080B58CB068
:100B00000A900A98D0B9FFE74DF6B830C0F6000059
:100B1000694608604DF61041C0F600014DF6BD3241
:100B2000C0F600024DF6AF33C0F600030020089077
:100B300007F0E2FC08988DF82F0013E10A9800688E
:100B4000A0B1FFE70A98B0F8070078B1FFE70A986C
:100B5000B0F8050050B1FFE70A98007901281FD0CE
:100B6000FFE70A98007902281AD0FFE74DF6B8305F
:100B7000C0F60000694608604DF6D451C0F6000189
:100B80004DF6BD32C0F600024DF6AF33C0F600039D
:100B90000020079007F0B0FC07988DF82F00E1E0E7
:100BA0000A98007901286AD1FFE740F60530C2F2C1
:100BB0000000007808281DD1FFE70A9800684DF66C
:100BC000B832C0F6000269464A6008604DF61A5114
:100BD000C0F600014DF6BD32C0F600024DF6AF334F
:100BE000C0F600030020069007F086FC06988DF8FA
:100BF0002F00B7E000208DF82700FFE79DF82700C1
:100C000040F60531C2F200010978884236DAFFE782
:100C10009DF8271040F6C420C2F2000050F82100D1
:100C2000408D0A99B1F80710884220D1FFE70A9950
:100C30000868B1F807204DF6B833C0F600036946DE
:100C40008B604A6008604DF63F71C0F600014DF6BA
:100C5000BD32C0F600024DF6AF33C0F600030020EF
:100C6000059007F049FC05988DF82F007AE0FFE722
:100C70009DF8270001308DF82700BFE7FFE70A98AD
:100C8000007902286AD1FFE740F60630C2F2000080
:100C9000007808281DD1FFE70A9800684DF6B832A1
:100CA000C0F6000269464A6008604DF65A51C0F627
:100CB00000014DF6BD32C0F600024DF6AF33C0F66E
:100CC00000030020049007F017FC04988DF82F0013
:100CD00048E000208DF82600FFE79DF8260040F64A
:100CE0000631C2F200010978884236DAFFE79DF842
:100CF000261040F6E420C2F2000050F82100408D9A
:100D00000A99B1F80710884220D1FFE70A990868CC
:100D1000B1F807204DF6B833C0F6000369468B6082
:100D20004A6008604DF68071C0F600014DF6BD3294
:100D3000C0F600024DF6AF33C0F60003002003906A
:100D400007F0DAFB03988DF82F000BE0FFE79DF822
:100D5000260001308DF82600BFE7FFE701208DF85F
:100D60002F00FFE79DF82F000CB080BD80B586B046
:100D700005900598406840F60C31C2F200018842A7
:100D80002DD1FFE7059840F60531C2F200010B783E
:100D900040F6C422C2F2000242F823000878013073
:100DA0000870059908680A8C4B8D4DF6B83CC0F662
:100DB000000C6946C1F80CC08B604A6008604DF6B3
:100DC0004041C0F600014DF6C532C0F600024DF6B6
:100DD000B233C0F60003002007F08EFBFFE7059852
:100DE000406840F63431C2F2000188422DD1FFE75D
:100DF000059840F60631C2F200010B7840F6E42275
:100E0000C2F2000242F82300087801300870059908
:100E100008680A8C4B8D4DF6B83CC0F6000C69464C
:100E2000C1F80CC08B604A6008604DF68641C0F680
:100E300000014DF6C532C0F600024DF6B233C0F6E1
:100E40000003002007F058FBFFE706B080BD00005C
:100E500080B582B0FFE740F60C30C2F2000001F02E
:100E600005FEB0B1FFE74DF6B830C0F600006946A8
:100E700008604DF69A51C0F600014DF6BD32C0F63D
:100E800000024DF6AF33C0F60003002007F034FB3C
:100E9000E1E7FFE740F63430C2F2000001F0E6FD82
:100EA000B0B1FFE74DF6B830C0F600006946086003
:100EB0004DF6B751C0F600014DF6BD32C0F6000246
:100EC0004DF6AF33C0F60003002007F015FBE1E755
:100ED000FFE740F60C30C2F20000022100F030FEC5
:100EE000B0B1FFE74DF6B830C0F6000069460860C3
:100EF0004DF60A61C0F600014DF6BD32C0F60002A3
:100F00004DF6AF33C0F60003002007F0F5FAE0E736
:100F1000FFE740F63430C2F20000022100F010FE7C
:100F2000B0B1FFE74DF6B830C0F600006946086082
:100F30004DF63961C0F600014DF6BD32C0F6000233
:100F40004DF6AF33C0F60003002007F0D5FAE0E716
:100F5000FFE740F60C30C2F20000102100F0F0FD77
:100F6000B0B1FFE74DF6B830C0F600006946086042
:100F70004DF66861C0F600014DF6BD32C0F60002C4
:100F80004DF6AF33C0F60003002007F0B5FAE0E7F6
:100F9000FFE740F63430C2F20000102100F0D0FD2F
:100FA000B0B1FFE74DF6B830C0F600006946086002
:100FB0004DF69761C0F600014DF6BD32C0F6000255
:100FC0004DF6AF33C0F60003002007F095FAE0E7D6
:100FD00002B080BD80B584B00290FFE702984068FF
:100FE00001F08CF860B9FFE79DF8070001308DF83B
:100FF00007009DF80700652801DBFFE700E0EDE74B
:10100000029A506802F108012232012300F0C2FD69
:1010100020B9FFE701208DF80F0003E000208DF8D4
:101020000F00FFE79DF80F0004B080BD80B582B0CF
:1010300001900198FFF7D2FA019800F045F80020DE
:101040008DF80300FFE79DF80300032811DCFFE79C
:1010500001989DF8031000EB8101486B91ED150A92
:1010600006F022F9FFE79DF8030001308DF8030038
:10107000E9E70198406B06F065FB019800780228CB
:101080001FD1FFE704208DF80200FFE79DF8020062
:10109000072811DCFFE701989DF8021000EB8101A1
:1010A000486B91ED150A06F0FFF8FFE79DF8020086
:1010B00001308DF80200E9E70198406C06F042FB30
:1010C000FFE7012002B080BD82B001900198007856
:1010D0000146009120B1FFE7009801287DD0F7E09C
:1010E000019890ED011A90ED023A90ED060A90ED0C
:1010F000072A9FED7B6A22EE062A9FED7A7A20EE80
:10110000070A30EE022A90ED080A20EE030A30EEBC
:10111000020AB3EE0E3A20EE030A9FED702A21EE8A
:10112000021A80EE010A80ED150A019890ED011A6D
:1011300090ED025A90ED060A90ED074A24EE074A18
:1011400020EE070A30EE044A90ED080A20EE050A68
:1011500030EE040A20EE030A21EE021A80EE010AA4
:1011600080ED160A019890ED011A90ED025A90ED6B
:10117000060A90ED074A24EE074A20EE060A30EEF2
:10118000044A90ED080A20EE050A30EE040A20EE2B
:10119000030A21EE021A80EE010A80ED170A019877
:1011A00090ED011A90ED025A90ED060A90ED074A73
:1011B00024EE064A20EE060A30EE044A90ED080AB4
:1011C00020EE050A30EE040A20EE030A21EE021A90
:1011D00080EE010A80ED180A7BE0019890ED031A79
:1011E00090ED043A90ED054A90ED062A90ED070A3D
:1011F00030EE422A90ED080A33EE043A20EE030A5C
:1012000030EE020A9FED343A20EE030A9FED332AB6
:1012100021EE021A80EE010A80ED150A019890ED88
:10122000031A90ED045A90ED056A90ED060AB1EEAE
:10123000400A90ED074A30EE444A90ED080A35EE38
:10124000065A20EE050A30EE040A20EE030A21EECB
:10125000021A80EE010A80ED160A019890ED031A39
:1012600090ED045A90ED056A90ED060A90ED074A5C
:1012700030EE444A90ED080A35EE065A20EE050A93
:1012800030EE040A20EE030A21EE021A80EE010A73
:1012900080ED170A019890ED031A90ED045A90ED35
:1012A000056A90ED060A90ED074A30EE044A90ED8B
:1012B000080A35EE065A20EE050A30EE040A20EE42
:1012C000030A21EE021A80EE010A80ED180A00E0FE
:1012D000FFE702B0704700BF00007042C3F548400E
:1012E000F4FD343FF4FD34BF80B584B003908DF835
:1012F0000B109DF80B0001460191032827D8019996
:10130000DFE801F01202161D0398016B009100F056
:10131000D9FB0098F0EE400A9FED0E0A06F034FE6D
:10132000039880ED0B0A13E003990020C8620FE0D8
:1013300003994CF28F20C3F6B570C86208E0039998
:1013400000204862039988620399C86200E0FFE7C1
:1013500004B080BD0000000080B582B040F2F030E3
:10136000C2F20000FFF74EFB40F6C021C2F20001BE
:10137000086040F2C040C2F2000005F03DFF0146A7
:1013800045F20860C2F2000001600068002101918E
:1013900006F000FA40F22440C2F2000005F02CFFF3
:1013A0000199024641F2A460C2F2000002600068A6
:1013B00006F0F0F940F20400C2F2000000F008F874
:1013C00040F20061C2F20001086002B080BD00007E
:1013D00080B586B004907C2000900AF003F9009953
:1013E00003900398FFF755F8049800780399087064
:1013F0000498D0F8E40303994867049800F56970ED
:1014000006F07CFF039908630399049AD2F8D0038D
:10141000D2F8D4238A6048600399049BD3F8D80398
:10142000D3F8DC23D3F8E0334B610A61C8600020B5
:101430000290FFE70298032812DCFFE7049A029863
:10144000742100FB0120043006F004F90399029A8C
:1014500001EB82014863FFE7029801300290E9E75F
:101460000398007802281AD1FFE704200190FFE7D3
:101470000198072812DCFFE7049A0198742100FB09
:101480000120043006F0E6F80399019A01EB82018D
:101490004863FFE7019801300190E9E7FFE703980F
:1014A00028B1FFE7049800F00FF830B9FFE7039880
:1014B0000AF0F2FA0020059002E003980590FFE799
:1014C000059806B080BD000082B0009000980078BA
:1014D00068B9FFE7009890EDF50AB5EE400AF1EE25
:1014E00010FA04D1FFE700208DF8070023E00098F0
:1014F0000078012805D0FFE700980078022816D16F
:10150000FFE7009890EDF70AB5EE400AF1EE10FA09
:1015100009D0FFE7009890EDF80AB5EE400AF1EE29
:1015200010FA04D1FFE700208DF8070003E0012046
:101530008DF80700FFE79DF8070002B07047000034
:1015400080B592B0FFF708FF40F6C020C2F200005D
:101550000F900068FFF73EFD0F98006809F0E0FA71
:1015600041F2A860C2F20000C06845F20461C2F214
:101570000001086040F20060C2F200000268002131
:101580005162026891620068FFF7AEFEFFE740F625
:10159000C020C2F200000E900068FFF71BFD0E98FD
:1015A000006809F0BDFA41F2A860C2F20000407A7A
:1015B000012809D1FFE740F20060C2F20000006894
:1015C0000021FFF791FE23E041F2A860C2F2000083
:1015D000407A032809D1FFE740F20060C2F2000020
:1015E00000680121FFF780FE11E041F2A860C2F21D
:1015F0000000407A022809D1FFE740F20060C2F201
:10160000000000680221FFF76FFEFFE7FFE7FFE73A
:1016100041F2A860C2F20000007A03281BD1FFE764
:1016200041F2A460C2F20000006841F2A861C2F277
:101630000001B1F9021048F2E132C3F60F6251FB2A
:1016400002F2511101EBD27100EE101AB8EEC00A8D
:1016500006F0CEF8FFE741F2A860C2F20000007A7F
:10166000032800F0A980FFE741F2A860C2F2000061
:10167000407A032811D0FFE741F2A860C2F20000CF
:10168000407A012809D0FFE741F2A860C2F20000C9
:10169000407A022840F08F80FFE741F2A860C2F252
:1016A0000000B0F900000BF040FE41EC100B8DED96
:1016B000080B45F20460C2F200000D9000680CF0C7
:1016C000CFF89DED080B41EC110B8DED0A1B9FED42
:1016D000741B53EC112B51EC100B0BF0C9FE9DED5C
:1016E0000A0B41EC110B53EC112B51EC100B0BF0CE
:1016F000A1FB41EC100B51EC100B0BF069FB014608
:101700000D98016000680CF0ABF841EC100B9FEDF8
:10171000661B53EC112B51EC100B0CF0E8F8D8B908
:10172000FFE745F20460C2F20000079000680CF089
:1017300097F841EC100B9FED5E1B53EC112B51EC15
:10174000100B0BF077FB41EC100B51EC100B0BF076
:101750003FFB07990860FFE745F20460C2F2000012
:1017600000680CF07DF841EC100B9FED511B53EC21
:10177000112B51EC100B0CF0B3F8D8B9FFE745F280
:101780000460C2F20000069000680CF069F841ECB9
:10179000100B9FED451B53EC112B51EC100B0BF074
:1017A00049FB41EC100B51EC100B0BF011FB0699AF
:1017B0000860FFE7FFE7FFE741F2A860C2F2000020
:1017C0000390B0F904000BF0B0FD41EC100B51ECAC
:1017D000100B9FED390B53EC102B019300920BF083
:1017E000DDFB41EC100B51EC100B0BF0F1FA014654
:1017F000039840F20062C2F2000202921268516243
:10180000B0F906000BF091FD009A019B41EC100B22
:1018100051EC100B0BF0C2FB41EC100B8DED100BDB
:101820009DF8470080F080008DF8470010981199CE
:101830000BF0CEFA014602980268916245F2086107
:10184000C2F2000105910968C96C026891670068DD
:10185000FFF7ECFB0399059800680490C06A45F215
:101860000462C2F2000292ED000AD1ED030A06F012
:101870008BFB049805F0BCFF0598006890ED1B1ADF
:10188000DFED0F0AB0EE600A06F084F805980068F4
:1018900006F028F9012009F0C7FA78E600BF00BF7A
:1018A000F168E388B5F8D4BE182D4454FB211940E3
:1018B000182D4454FB2119C00000000000A0744002
:1018C0000000000080B540F6E440C2F2000001F0E4
:1018D00007FA80BD80B540F64450C2F2000001F026
:1018E000FFF980BD80B540F66430C2F2000001F01F
:1018F000F7F980BD80B540F6C430C2F2000001F0B7
:10190000EFF980BD80B540F62440C2F2000001F03E
:10191000E7F980BD80B540F6A450C2F2000001F0A6
:10192000DFF980BD80B540F68440C2F2000001F0CE
:10193000D7F980BD82B001900198007810384AF63E
:10194000AB21CAF6AA21A0FB011000090090009962
:101950004DF63830C0F60000405C0199C86500982B
:10196000042807D3FFE701990868042262F30900FD
:10197000886506E00199086840F2FF329043886567
:10198000FFE70198806D02B07047000086B00590B7
:1019900000208DF813000598806A039005988069EF
:1019A00010BBFFE70398029003281BD80299DFE8D9
:1019B00001F0020D0218059890F82F00C00720B121
:1019C000FFE701208DF81300FFE70CE00598C06ADF
:1019D000B0F1C07F04D1FFE701208DF81300FFE7CD
:1019E00001E000E0FFE745E005988069B0F5005FA1
:1019F00025D1FFE70398019003281ED80199DFE85D
:101A000001F00206021101208DF8130016E005987E
:101A100090F82F00C00720B1FFE701208DF81300D8
:101A2000FFE70BE00598C06AB0F1C07F04D1FFE783
:101A300001208DF81300FFE700E0FFE719E00398AD
:101A40000090032804D3FFE70098032804D00EE099
:101A500001208DF813000BE0059890F82F00C007C7
:101A600020B1FFE701208DF81300FFE700E0FFE75A
:101A7000FFE7FFE79DF8130006B0704770470000CE
:101A800080B5012001F09CFB80BD000080B50220E4
:101A900001F096FB80BD000080B5082001F090FBAE
:101AA00080BD000080B5102001F08AFB80BD0000E1
:101AB00080B5202001F084FB80BD000072B6FFE7F6
:101AC000FEE7000082B00190019890ED1D1A90EDA4
:101AD0001E0A30EE410A8DED000A9DED000A9FEDD1
:101AE000141AB4EE410AF1EE10FA09DDFFE79DED9C
:101AF000000A9FED121A30EE010A8DED000A13E084
:101B00009DED000A9FED0B1AB4EE410AF1EE10FABA
:101B100009DAFFE79DED000A9FED071A30EE010A92
:101B20008DED000AFFE7FFE79DED000A02B0704768
:101B3000DC0F4940DC0F49C0DC0FC940DC0FC9C0D5
:101B400084B002900191029890F820008DF8030073
:101B50009DF80300012805D0FFE79DF80300022847
:101B60000AD1FFE7019A0298016848691043486169
:101B700000208DF80F0008E00299486A40F48020A8
:101B8000486201208DF80F00FFE79DF80F0004B0B8
:101B90007047000088B00690059104920393069860
:101BA00090F820008DF80700069800688068009083
:101BB0000598806808B9FFE700E0FFE79DF8070097
:101BC000012806D0FFE79DF80700022840F080803A
:101BD000FFE79DF80300400700280CD4FFE79DF8BD
:101BE00003000007002806D4FFE79DF80300C006A5
:101BF000002864D5FFE70098C0F3016002900299C5
:101C000001208840039908600598806868B9FFE75B
:101C100005980168C06840EA415006990968029A2F
:101C200001EB0211C1F880010EE005994A6888684D
:101C3000C96840EAC200084306990968029A01EBA4
:101C40000211C1F88001FFE705980069069909684B
:101C5000029A01EB0211C1F884010598007D012868
:101C60000CD1FFE706980068029900EB0111D1F84A
:101C7000840140F48070C1F88401FFE70498406853
:101C800006990968029A01EB0211C1F88C010498C7
:101C9000006806990968029A01EB0211C1F88801EF
:101CA00006980068029900EB0111D1F8800140F01C
:101CB0000100C1F8800100208DF81F0011E0069995
:101CC000486A40F40010486201208DF81F0008E0C7
:101CD0000699486A40F48020486201208DF81F0070
:101CE000FFE79DF81F0008B07047000086B0049021
:101CF0000391049890F820008DF803009DF80300EC
:101D0000012806D0FFE79DF80300022840F0B080CC
:101D1000FFE746F20040C4F2000001900199D1F8BB
:101D2000000240F00100C1F800020199D1F8000260
:101D300020F47C50C1F800020398426A0199D1F85E
:101D4000000240EA0220C1F800020398406900F056
:101D50001F01012088400290029A0199D1F81C02CB
:101D60009043C1F81C020398C069F0B9FFE7029ADA
:101D70000199D1F80C029043C1F80C02039A9088A3
:101D8000D168526940EA0140019901EBC201C1F8F2
:101D90004002039A10889168526940EA0140019913
:101DA00001EBC201C1F84402FFE70398C0690128B2
:101DB0001ED1FFE7029A0199D1F80C021043C1F835
:101DC0000C02039A90881168526940EA0140019917
:101DD00001EBC201C1F84002039A908991685269EF
:101DE00040EA0140019901EBC201C1F84402FFE75A
:101DF0000398806940B9FFE7029A0199D1F804027B
:101E00009043C1F8040207E0029A0199D1F8040254
:101E10001043C1F80402FFE70398006940B9FFE7E7
:101E2000029A0199D1F814029043C1F8140207E014
:101E3000029A0199D1F814021043C1F81402FFE785
:101E40000398006A012808D1FFE7029A0199D1F8A6
:101E50001C021043C1F81C02FFE70199D1F80002EF
:101E600020F00100C1F8000200208DF8170008E002
:101E70000499486A40F48020486201208DF81700D8
:101E8000FFE79DF8170006B07047000081B0009092
:101E900001B0704784B00390029100200190039834
:101EA00090F820008DF803009DF80300012805D06C
:101EB000FFE79DF80300022812D1FFE7029838B926
:101EC000FFE703980068C06800F00300019006E097
:101ED00003980068006900F003000190FFE7FFE746
:101EE000019804B07047000086B0049003910292FC
:101EF0000193049890F820008DF803009DF80300EA
:101F0000012806D0FFE79DF80300022840F0E88092
:101F1000FFE7039880B9FFE704980068C06880076E
:101F200048B9FFE70499486A40F40010486201206C
:101F30008DF81700DDE00FE0049800680069800765
:101F400048B9FFE70499486A40F40010486201204C
:101F50008DF81700CDE0FFE704980068039900EBC7
:101F60000110D0F8B00100F00400029988600298D6
:101F7000806858B9FFE704980068039900EB0110E6
:101F8000D0F8B001400D029908600AE0049800689A
:101F9000039900EB0110D0F8B001C0080299486025
:101FA000FFE704980068039900EB0110D0F8B00136
:101FB00000F002000299C86004980068039900EBE1
:101FC0000110D0F8B40100F00F00082804D3FFE797
:101FD0000299082008610BE004980068039900EB5F
:101FE0000110D0F8B40100F00F0002990861FFE77A
:101FF00004980068039900EB0110D0F8B40180B296
:10200000000A0299886104980068039900EB0110A6
:10201000D0F8B401000C0299486104980068039953
:1020200000EB0110D0F8B80101990870049800681D
:10203000039900EB0110D0F8B801000A019948702B
:1020400004980068039900EB0110D0F8B801000C67
:102050000199887004980068039900EB0110D0F88A
:10206000B801000E0199C87004980068039900EB4C
:102070000110D0F8BC010199087104980068039917
:1020800000EB0110D0F8BC01000A019948710498D6
:102090000068039900EB0110D0F8BC01000C019915
:1020A000887104980068039900EB0110D0F8BC0116
:1020B000000E0199C871039838B9FFE704980168C8
:1020C000C86840F02000C86006E00498016808690C
:1020D00040F020000861FFE700208DF8170008E0BD
:1020E0000499486A40F48020486201208DF8170066
:1020F000FFE79DF8170006B07047000083B002901C
:1021000000200190029890F820008DF803009DF8BF
:102110000300012805D0FFE79DF80300022822D123
:10212000FFE70298006880684001002804D5FFE7B7
:10213000019801300190FFE7029800688068000173
:10214000002804D5FFE7019801300190FFE70298CD
:1021500000688068C000002804D5FFE701980130BE
:102160000190FFE7FFE7019803B0704780B58AB0A0
:102170000990002008900998006840690790099824
:102180000068406806900998006880680590099882
:102190000068C06804900998006800690390099875
:1021A0000068806902909DF81C00C007002800F0BC
:1021B0009480FFE79DF81400C00758B3FFE7099823
:1021C0000168012088609DF814008007002804D56C
:1021D000FFE7099800F094FC1BE09DF8140040070D
:1021E000002805D5FFE7089840F4006008900FE04C
:1021F0009DF814000007002805D5FFE7089840F473
:102200008050089003E0099800F076FCFFE7FFE7B4
:10221000FFE7FFE79DF81500C00760B3FFE70998E7
:1022200001684FF4807088609DF8150080070028D1
:1022300004D5FFE7099800F06BFC1BE09DF8150042
:102240004007002805D5FFE7089840F400500890A3
:102250000FE09DF815000007002805D5FFE7089856
:1022600040F48040089003E0099800F04DFCFFE73F
:10227000FFE7FFE7FFE79DF81600C00760B3FFE741
:10228000099801684FF4803088609DF81600800737
:10229000002804D5FFE7099800F042FC1BE09DF8F8
:1022A00016004007002805D5FFE7089840F40040D5
:1022B00008900FE09DF816000007002805D5FFE7FD
:1022C000089840F48030089003E0099800F024FC5E
:1022D000FFE7FFE7FFE7FFE7FFE79DF81C000007C8
:1022E000002810D5FFE79DF81000C006002809D58A
:1022F000FFE7089840F400700890099801681020E2
:10230000C860FFE7FFE79DF81C00400700280FD5D5
:10231000FFE79DF810000007002808D5FFE709989F
:1023200001680820C860099800F0CCFAFFE7FFE7D1
:102330009DF81C00800700280BD5FFE7099800686E
:10234000C068800720B1FFE7099800F0BFFAFFE7F7
:10235000FFE79DF81C004006002810D5FFE79DF818
:102360000C00C006002809D5FFE7089840F48060FB
:1023700008900998016810200861FFE7FFE79DF8C1
:102380001C00800600280FD5FFE79DF80C00000711
:10239000002808D5FFE70998016808200861099816
:1023A00000F0F8FAFFE7FFE79DF81C00C0060028E0
:1023B0000BD5FFE7099800680069800720B1FFE7A7
:1023C000099800F0EBFAFFE7FFE79DF81E00800791
:1023D00000280FD5FFE79DF81800C006002808D593
:1023E000FFE70998016810204860099800F03AFB5F
:1023F000FFE7FFE79DF81E00C00778B1FFE79DF8F3
:1024000018000007002808D5FFE709980168082090
:102410004860099800F088FBFFE7FFE79DF81D0082
:102420000006002840F18D80FFE79DF81800400766
:10243000002840F18180FFE79DF81D00C00750B1E2
:10244000FFE79DF80800C00728B1FFE7089840F0B3
:1024500001000890FFE79DF81D00800700280BD5BC
:10246000FFE79DF808008007002805D5FFE70898DA
:1024700040F002000890FFE79DF81D00400700288B
:102480000BD5FFE79DF808004007002805D5FFE7BA
:10249000089840F004000890FFE79DF81D00000731
:1024A000002848D5FFE79DF8080010F0700F42D0D3
:1024B000FFE7029800F0700001460191102814D047
:1024C000FFE70198202815D0FFE70198302816D0A3
:1024D000FFE70198402817D0FFE70198502818D04F
:1024E000FFE70198602819D01DE0089840F0080027
:1024F000089019E0089840F01000089014E008983F
:1025000040F0200008900FE0089840F0400008904C
:102510000AE0089840F08000089005E0089840F430
:102520008070089000E0FFE709980168886920F052
:1025300070008861FFE7FFE70998016804204860A0
:10254000FFE7089848B1FFE7089A0999486A1043DD
:1025500048620998FFF79AFCFFE70AB080BD0000C7
:1025600080B584B00290029820B9FFE701208DF871
:102570000F00E0E0029890F8200020B9FFE70298F1
:1025800000F0DEF8FFE702980168086840F00100FB
:10259000086001F025F80190FFE7029800684068A4
:1025A000C007A8B9FFE701F01BF80199401A0B28F2
:1025B0000DD3FFE70299486A40F40030486202995F
:1025C000052081F8200001208DF80F00B3E0E4E73A
:1025D00002980168086820F00200086001F000F825
:1025E0000190FFE70298006840688007002815D531
:1025F000FFE700F0F5FF0199401A0B280DD3FFE724
:102600000299486A40F4003048620299052081F836
:10261000200001208DF80F008DE0E3E70298007E96
:10262000012807D1FFE702980168086840F08000A0
:10263000086006E002980168086820F080000860E1
:10264000FFE70298407E012807D1FFE70298016862
:10265000086840F04000086006E0029801680868D9
:1026600020F040000860FFE70298807E012807D133
:10267000FFE702980168086840F02000086006E063
:1026800002980168086820F020000860FFE70298BF
:10269000C07E012807D1FFE702980168086820F092
:1026A0001000086006E002980168086840F0100019
:1026B0000860FFE70298007F012807D1FFE7029832
:1026C0000168086840F00800086006E002980168A8
:1026D000086820F008000860FFE70298407F0128A2
:1026E00007D1FFE702980168086840F0040008601D
:1026F00006E002980168086820F004000860FFE71F
:10270000029B19685A689868D3F80CC040EA0C001C
:10271000D3F810C040EA0C005B691843013A10433B
:10272000C861029900204862029A012182F82010B3
:102730008DF80F00FFE79DF80F0004B080BD00008A
:1027400080B590B00F9000200E900D900C900B90E3
:102750000A900F98006846F20041C4F200018842D6
:1027600049D1FFE740F20460C2F200000168013184
:1027700001600068012812D1FFE7FFE700200990FF
:1027800043F64000C4F20200016841F000710160AC
:10279000006800F0007009900998FFE7FFE7FFE785
:1027A0000020089043F63000C4F20200016841F0B6
:1027B00008010160006800F0080008900898FFE731
:1027C00003200A9002210B91002103910C910D909E
:1027D00009200E9040F60040C4F202000AA900F061
:1027E0000BFD039A14200490052101F09DF9049833
:1027F00001F090F964E00F98006846F60001C4F219
:10280000000188425BD1FFE7FFE70020079043F615
:102810004000C4F20200016841F08061016000687C
:1028200000F0806007900798FFE740F20460C2F272
:1028300000000168013101600068012812D1FFE742
:10284000FFE70020069043F64000C4F20200016852
:1028500041F000710160006800F000700690069879
:10286000FFE7FFE7FFE70020059043F63000C4F2E2
:102870000200016841F002010160006800F00200FE
:1028800005900598FFE760200A9002200B90002039
:1028900001900C9003200D9009200E9040F2004012
:1028A000C4F202000AA900F0A7FC019A412002909C
:1028B000052101F039F9029801F02CF9FFE7FFE753
:1028C00010B080BD81B0009001B0704780B584B079
:1028D000039003980021FFF7DDFA8DF80B009DF8B7
:1028E0000B00072819DBFFE79DF80B004DF6B83207
:1028F000C0F6000269464A6008604DF6CC41C0F659
:1029000000014DF6CD32C0F600024DF6B533C0F6EB
:102910000003002005F0F0FDFFE7039840F2B052FD
:10292000C2F2000202F11C030021FFF7DDFA039856
:1029300040F60C31C2F20001884210D1FFE740F6A8
:102940000530C2F20000017840F2B050C2F200003F
:1029500040F6C422C2F2000207F000FCFFE7039831
:1029600040F63431C2F20001884210D1FFE740F650
:102970000630C2F20000017840F2B050C2F200000E
:1029800040F6E422C2F2000207F0E8FBFFE704B0E1
:1029900080BD000081B0009001B0704780B584B068
:1029A000039003980121FFF775FA8DF80B009DF84D
:1029B0000B00072819DBFFE79DF80B004DF6B83236
:1029C000C0F6000269464A6008604DF6F341C0F661
:1029D00000014DF6CD32C0F600024DF6B533C0F61B
:1029E0000003002005F088FDFFE7039840F2D45271
:1029F000C2F2000202F11C030121FFF775FA0398ED
:102A000040F60C31C2F20001884210D1FFE740F6D7
:102A10000530C2F20000017840F2D450C2F200004A
:102A200040F6C422C2F2000207F098FBFFE70398C9
:102A300040F63431C2F20001884210D1FFE740F67F
:102A40000630C2F20000017840F2D450C2F2000019
:102A500040F6E422C2F2000207F080FBFFE704B078
:102A600080BD000081B0009001B0704780B584B097
:102A70000290029890F8200001282FD1FFE70299D8
:102A8000022081F8200002980168086820F0010007
:102A9000086000F0A5FD0190FFE70298006840681B
:102AA000C007A8B1FFE700F09BFD0199401A0B2871
:102AB0000DD3FFE70299486A40F40030486202995A
:102AC000052081F8200001208DF80F000FE0E4E7D9
:102AD0000299002048628DF80F0008E00299486AC8
:102AE00040F40020486201208DF80F00FFE79DF8B8
:102AF0000F0004B080BD000081B0009001B07047AD
:102B000081B0009001B0704781B0009001B0704773
:102B100081B0009001B0704781B0009001B0704763
:102B200081B0009001B0704781B0009001B0704753
:102B300080B582B00090009820B9FFE701208DF8A1
:102B4000070011E00098407938B9FFE700990020AC
:102B50000871009800F00CF8FFE700990120487117
:102B600000208DF80700FFE79DF8070002B080BD48
:102B700082B001900198006843F20001C4F20201A2
:102B8000884212D1FFE7FFE70020009043F63000B3
:102B9000C4F20200016841F480510160006800F451
:102BA000805000900098FFE7FFE702B070470000F8
:102BB00080B584B002900298806D019000F010FD05
:102BC0000090029890F8350002280DD0FFE7029996
:102BD00080204865FFE70299002081F83400FFE774
:102BE00001208DF80F0055E002980168086820F078
:102BF0001600086002980168486920F0800048616A
:102C00000298006C20B9FFE70298806C38B1FFE7AA
:102C100002980168086820F008000860FFE7029841
:102C20000168086820F001000860FFE7029800686A
:102C30000068C007C8B1FFE700F0D2FC0099401A55
:102C4000062811D3FFE70299202048650299032046
:102C500081F83500FFE70299002081F83400FFE792
:102C600003208DF80F0015E0E0E70298C16D3F20CA
:102C70008840019988600299012081F83500FFE7BA
:102C80000299002081F83400FFE7FFE700208DF86B
:102C90000F00FFE79DF80F0004B080BD82B00090E8
:102CA000009890F83500022807D0FFE700998020AF
:102CB000486501208DF807000EE00099052081F895
:102CC000350000980168086820F001000860FFE7FF
:102CD00000208DF80700FFE79DF8070002B070475D
:102CE00080B586B005900020039040F2EC30C2F22F
:102CF0000000006848F2B511C1F64E31A0FB01108A
:102D0000800A02900598806D0190019800680490F7
:102D100004980599C96DC840000700281AD5FFE737
:102D20000598006800684007002812D5FFE705985D
:102D30000168086820F0040008600598C16D08204B
:102D40008840019988600599486D40F00100486508
:102D5000FFE7FFE704980599C96DC840C007A0B117
:102D6000FFE7059800684069000600280CD5FFE7DA
:102D70000598C16D01208840019988600599486DCA
:102D800040F002004865FFE7FFE704980599C96D28
:102D9000C8404007002814D5FFE705980068006880
:102DA000800700280CD5FFE70598C16D04208840F6
:102DB000019988600599486D40F004004865FFE777
:102DC000FFE704980599C96DC840C006002847D59B
:102DD000FFE7059800680068000700283FD5FFE777
:102DE0000598C16D10208840019988600598006899
:102DF0000068400300281AD5FFE7059800680068BE
:102E00000003002809D4FFE70598006C20B1FFE714
:102E10000598016C8847FFE708E00598806C20B1B1
:102E2000FFE70598816C8847FFE7FFE716E0059804
:102E300000680068C005002807D4FFE7059801680E
:102E4000086820F008000860FFE70598006C20B1D2
:102E5000FFE70598016C8847FFE7FFE7FFE7FFE71B
:102E600004980599C96DC8408006002840F18D80FE
:102E7000FFE7059800680068C006002840F18480DC
:102E8000FFE70598C16D202088400199886005986A
:102E900090F83500052834D1FFE7059801680868E7
:102EA00020F01600086005980168486920F080004D
:102EB00048610598006C20B9FFE70598806C38B12F
:102EC000FFE705980168086820F008000860FFE740
:102ED0000598C16D3F2088400199886005990120BF
:102EE00081F83500FFE70599002081F83400FFE7FD
:102EF0000598006D20B1FFE70598016D8847FFE751
:102F00007BE0059800680068400300281AD5FFE7B9
:102F10000598006800680003002809D4FFE70598B9
:102F2000406C20B1FFE70598416C8847FFE708E057
:102F30000598C06B20B1FFE70598C16B8847FFE794
:102F4000FFE720E0059800680068C005002811D45C
:102F5000FFE705980168086820F0100008600599EF
:102F6000012081F83500FFE70599002081F8340041
:102F7000FFE7FFE70598C06B20B1FFE70598C16B3D
:102F80008847FFE7FFE7FFE7FFE70598406DA0B33D
:102F9000FFE70598406DC00730B3FFE705990520AE
:102FA00081F8350005980168086820F00100086084
:102FB000FFE70398013003900299884201D9FFE7A7
:102FC00007E0FFE7059800680068C0070028F0D117
:102FD000FFE70599012081F83500FFE705990020FA
:102FE00081F83400FFE7FFE70598C06C20B1FFE7E8
:102FF0000598C16C8847FFE7FFE706B080BD000079
:1030000080B586B004900020039000F0E9FA0290A9
:10301000049820B9FFE701208DF81700A3E0049879
:10302000406A08B1FFE7FFE70499022081F8350004
:10303000FFE70499002081F83400FFE70498016855
:10304000086820F001000860FFE704980068006845
:10305000C00790B1FFE700F0C3FA0299401A0628B2
:103060000AD3FFE70499202048650499032081F8DA
:1030700035008DF8170076E0E7E7049800680068EF
:103080000390039848F23F01CFF2100108400390EB
:10309000049900914868D1F808C0CB680A6940EAF1
:1030A0000C00184310434A6910438A691043CA69E7
:1030B0001043096A01430398084303900498406A47
:1030C000042808D1FFE70499C86A096B01430398F3
:1030D00008430390FFE7039804990968086004987F
:1030E000006840690390039820F00700039004985B
:1030F000416A0398084303900498406A04281AD14F
:10310000FFE70498816A0398084303900498C06A13
:1031100080B1FFE70498FEF739FC50B1FFE704994E
:10312000402048650499012081F835008DF817008A
:1031300019E0FFE7FFE703980499096848610498DC
:10314000FEF7F8FB01900498C16D3F20884001997B
:103150008860049900204865049A012182F835109E
:103160008DF81700FFE79DF8170006B080BD00003E
:1031700080B584B0039000F033FA02900398019078
:103180000198013048B1FFE740F2B440C2F20000BC
:103190000178019808440190FFE7FFE700F020FA6A
:1031A0000299401A0199884201D2FFE7F6E704B07C
:1031B00080BD000081B0ADF8020001B07047000092
:1031C00080B582B0ADF8060043F61440C4F20100A9
:1031D0000068BDF8061008420CD0FFE7BDF80600F5
:1031E00043F61441C4F201010860BDF80600FFF780
:1031F000E1FFFFE702B080BD8EB00D900C91002082
:103200000A90099008900B90FFE70B980F2800F2A6
:10321000CC81FFE70B99012088400A900C98006848
:103220000A990840099009980A99884240F0B881A3
:10323000FFE70C98406800F00300012807D0FFE783
:103240000C98406800F0030002282FD1FFE70D988A
:10325000806808900B984100032000FA01F108985B
:10326000884308900C98C0680B99490000FA01F156
:1032700008980843089008980D9988600D98406850
:1032800008900B99012000FA01F1089888430890F2
:103290000C984068C0F300100B9900FA01F10898EF
:1032A0000843089008980D994860FFE70C9840681B
:1032B00000F00300032818D0FFE70D98C0680890BD
:1032C0000B984100032000FA01F108988843089008
:1032D0000C9880680B99490000FA01F1089808439E
:1032E000089008980D99C860FFE70C98406800F0B6
:1032F0000300022826D1FFE70D980B996FF0030217
:1033000002EA51010844006A08900B9800F0070097
:1033100081000F2000FA01F10898884308900C986A
:1033200000690B9901F00701890000FA01F1089882
:103330000843089008980D990B9B02EA5302114428
:103340000862FFE70D98006808900B984100032081
:1033500000FA01F10898884308900C98406800F042
:1033600003000B99490000FA01F1089808430890FE
:1033700008980D9908600C9880798007002800F063
:103380000E81FFE7FFE70020079043F64400C4F2F8
:103390000200016841F480410160006800F480404F
:1033A00007900798FFE70B9820F0030043F6080109
:1033B000C4F20101405808900B9800F0030081000E
:1033C0000F2000FA01F10898884308900D98002119
:1033D000C4F20201884203D1FFE7002006905EE0BC
:1033E0000D9840F20041C4F20201884203D1FFE788
:1033F0000120059050E00D9840F60001C4F2020152
:10340000884203D1FFE70220049042E00D9840F685
:103410000041C4F20201884203D1FFE70320039078
:1034200034E00D9841F20001C4F20201884203D158
:10343000FFE70420029026E00D9841F20041C4F21B
:103440000201884203D1FFE70520019018E00D98A2
:1034500041F60001C4F20201884203D1FFE70620D1
:1034600000900AE00D9941F60042C4F202020820E1
:10347000914208BF07200090FFE700980190FFE706
:1034800001980290FFE702980390FFE703980490E9
:10349000FFE704980590FFE705980690FFE7069878
:1034A000C0B20B9901F00301890000FA01F10898FC
:1034B0000843089008980B9921F0030143F608028D
:1034C000C4F20102885043F60840C4F201000068CB
:1034D000089009990898884308900C988079C0064C
:1034E000002805D5FFE70999089808430890FFE7E9
:1034F000089843F60841C4F20101086043F60C4005
:10350000C4F201000068089009990898884308905F
:103510000C9880798006002805D5FFE7099908985E
:1035200008430890FFE7089843F60C41C4F20101F4
:10353000086043F60440C4F201000068089009994D
:103540000898884308900C9880798007002805D552
:10355000FFE70999089808430890FFE7089843F6A1
:103560000441C4F20101086043F60040C4F20100C6
:103570000068089009990898884308900C98807909
:10358000C00728B1FFE70999089808430890FFE7AA
:10359000089843F60041C4F201010860FFE7FFE725
:1035A000FFE70B9801300B902FE60EB0704700003C
:1035B00082B00190ADF802108DF801209DF8010055
:1035C00028B1FFE7BDF802000199886105E0BDF868
:1035D0000200000401998861FFE702B07047000013
:1035E00045F2FC20C2F200000068704780B58EB042
:1035F0000C900C9820B9FFE701208DF8370043E1CB
:103600000C9890F83D0040B9FFE70C99002081F834
:103610003C000C9800F03CF9FFE70C99242081F85D
:103620003D000C980168086820F0010008600C98C3
:103630000168086840F4004008600C980168086858
:1036400020F40040086001F0F5F90A900C984068F9
:1036500048F2A061C0F2010188420BD8FFE70A9945
:1036600048F28042C0F21E020020914238BF012081
:1036700009900AE00A9940F60012C0F23D020020CB
:10368000914238BF01200990FFE70998012804D131
:10369000FFE701208DF83700F6E00A984DF68361C8
:1036A000C4F21B31A0FB0110800C0B900C98006839
:1036B000406820F03F000B9908430C990968486066
:1036C0000C980068006A20F03F0008900C98406851
:1036D00048F2A061C0F20101884204D8FFE70B98CC
:1036E000013007900EE00B984FF49671484344F672
:1036F000D351C1F26201A0FB0101012000EB911046
:103700000790FFE70898079908430C990968086231
:103710000C980068C0694CF6FF71884306900C98BD
:10372000406848F2A061C0F2010188421FD8FFE75B
:103730000A9801380C9949684900B0FBF1F0013052
:103740006FF31F30032803D8FFE7042005900BE038
:103750000A9801380C9949684900B0FBF1F0013032
:103760006FF31F300590FFE7059804904CE00C982C
:10377000806868B9FFE70A9801380C99496801EB3D
:103780004101B0FBF1F001306FF31F3003900DE009
:103790000A9801380C99496819225143B0FBF1F09D
:1037A0000130042161F31F300390FFE70398000507
:1037B00018B9FFE70120029023E00C98806868B9EF
:1037C000FFE70A9801380C99496801EB4101B0FB09
:1037D000F1F001306FF31F3001900DE00A980138CD
:1037E0000C99496819225143B0FBF1F001300421D2
:1037F00061F31F300190FFE7019840F40040029010
:10380000FFE702980490FFE70698049908430C9993
:103810000968C8610C980068006820F0C0000C9B23
:103820001968DA691B6A1A43104308600C9800682B
:10383000806848F2FF3188430C9A1168D368126996
:103840001A43104388600C980068C06820F0FF009D
:103850000C9B19685A699B691A431043C8600C98FD
:103860000168086840F0010008600C9900200864B5
:103870000C9A202182F83D100C9908630C9981F86C
:103880003E008DF83700FFE79DF837000EB080BD91
:1038900080B58EB00D9000200C900B900A9009908E
:1038A00008900D98006845F60041C4F20001884276
:1038B0005FD1FFE7FFE70020079043F63000C4F236
:1038C0000200016841F004010160006800F004009A
:1038D00007900798FFE7FFE70020069043F63000C7
:1038E000C4F20200016841F001010160006800F0CB
:1038F000010006900698FFE74FF400700890122030
:1039000000900990002001900A90032002900B90F3
:10391000042003900C9040F60000C4F2020008A9B5
:103920000491FFF769FCDDF800C0019B029A03983F
:1039300004994FF4807ECDF820E0CDF824C00A939E
:103940000B920C900020C4F20200FFF755FCFFE739
:103950000020059043F64000C4F20200016841F4E3
:1039600000010160006800F4000005900598FFE781
:10397000FFE70EB080BD000040F2B440C2F200008C
:10398000027845F2FC21C2F2000108681044086088
:103990007047000080B543F60041C4F20201086898
:1039A00040F400700860086840F4806008600868AF
:1039B00040F480700860032000F0D0F80F2000F081
:1039C00005F800F07BF8002080BD000080B58CB0C9
:1039D0000B90002004900390FFE70020009043F636
:1039E0004000C4F20200016841F01001016000686B
:1039F00000F0100000900098FFE706A802A900F070
:103A0000E9FF09980490049820B9FFE701F012F843
:103A1000059004E001F00EF840000590FFE70598DE
:103A20004DF68361C4F21B31A0FB01014FF0FF3062
:103A300000EB9140039041F2B440C2F2000041F229
:103A40000001C4F20001016040F2E731C160039956
:103A50004160002101618160816101F03BFE8DF8D0
:103A600007009DF8070028BBFFE741F2B440C2F20F
:103A7000000001F03DFF8DF807009DF80700C0B978
:103A8000FFE7362000F046F80B980F280CD8FFE728
:103A90000B993620002200F047F80B9840F2B8410D
:103AA000C2F20001086003E001208DF80700FFE783
:103AB000FFE7FFE79DF807000CB080BD80B582B03E
:103AC000FFE70020019043F64400C4F202000168C1
:103AD00041F480410160006800F480400190019849
:103AE000FFE7FFE70020009043F64000C4F2020029
:103AF000016841F080510160006800F08050009042
:103B00000098FFE76FF001000F21002200F00CF891
:103B100002B080BD80B582B08DF807009DF9070026
:103B200006F09CFF02B080BD80B586B08DF817000E
:103B3000049103920020029006F0A8FF02909DF9E4
:103B40001700019002980499039A03F0E7FF0146D9
:103B5000019806F0A3FF06B080BD000080B582B0DA
:103B60000190019806F0BCFF02B080BD82B00190C8
:103B70008DF8031002B0704781B0009001B070471B
:103B800082B001908DF8031002B0704782B00190AE
:103B90008DF8031002B0704781B0009001B07047FB
:103BA00080B584B003908DF80B109DF80B000006D3
:103BB00000280CD5FFE703989DF80B1001F00F01CA
:103BC00001EBC10100EB8100143001900CE003987F
:103BD0009DF80B1001F00F0101EBC10100EB81001A
:103BE00000F515700190FFE703980068019905F052
:103BF00013FF8DF80A009DF80A0004B080BD000094
:103C000080B58CB00B900B9800680A900A980990C8
:103C10000B98006806F02CF8002840F00C84FFE7B1
:103C20000B98006806F090F810B9FFE700F003BCAD
:103C30000998D0F80808C0F30D200B99C1F8D404F6
:103C40000B98006806F080F88007002807D5FFE78A
:103C50000B980168486900F002004861FFE70B9883
:103C6000006806F071F8C006002862D5FFE70B98DF
:103C70000168886920F0100088610A98006A029043
:103C80000B98029901F00F0101EBC10100EB8100DB
:103C900000F515700890029800F4F0110220B0EBC6
:103CA000514F23D1FFE7BDF8080047F6F0710842F5
:103CB0001BD0FFE70A980899C968029AC2F30A1252
:103CC00006F050F8029847F6F07100EA0103089AEE
:103CD000D06800EB1310D060029800EA0102089946
:103CE000486900EB12104861FFE71BE0029800F4FE
:103CF000F0110620B0EB514F12D1FFE70A980B9953
:103D000001F29C41082206F02DF8029847F6F07166
:103D100000EA01020899486900EB1210486100E0CE
:103D2000FFE7FFE70B980168886940F010008861A1
:103D3000FFE70B98006806F007F80003002840F141
:103D4000A680FFE7002004900B98006805F0AAFF0A
:103D50000690FFE70698002800F09880FFE79DF89E
:103D60001800C007002800F08A80FFE70B98006861
:103D70009DF8101005F0D0FF05909DF81400C007C5
:103D800060B1FFE70998049900EB41110120C1F8E7
:103D9000080B0B98049903F045FFFFE79DF814000A
:103DA000000700280CD5FFE70998049900EB4111A2
:103DB0000820C1F8080B0B98049903F0EDFEFFE70B
:103DC0009DF81400C006002808D5FFE7099804995B
:103DD00000EB41111020C1F8080BFFE79DF814001B
:103DE000800700282DD5FFE70A98406900060028C3
:103DF00008D5FFE70999D1F8040840F48060C1F8BC
:103E00000408FFE70B98049901EBC10100EB810066
:103E100000F5157008900898C078012809D1FFE7CF
:103E200008990020C8700B989DF8101000F00CFB4A
:103E3000FFE70998049900EB41110220C1F8080B33
:103E4000FFE79DF814008006002808D5FFE70998D1
:103E5000049900EB41112020C1F8080BFFE79DF801
:103E600015008006002809D5FFE70998049900EBA2
:103E700041114FF40050C1F8080BFFE7FFE7049829
:103E80000130049006984008069063E7FFE70B981E
:103E9000006805F059FF4003002840F1C680FFE7A5
:103EA0000B98006805F0ECFE069000200490FFE7F8
:103EB0000698002800F0B880FFE79DF81800C007BA
:103EC000002800F0AA80FFE70B9800689DF810100A
:103ED00005F0FAFE05909DF81400C00700283ED0BA
:103EE000FFE7049800F00F01012000FA01F10391AF
:103EF000039B099AD2F834189943C2F834180999E7
:103F0000049A01EB4211C1F808090B988079012845
:103F10001FD1FFE70B98049901EBC10100EB810170
:103F2000CA69086A10440862049888B9FFE70B98C8
:103F3000049901EBC10100EB8100406A40B9FFE741
:103F40000B99086801F29C42012105F015FDFFE77D
:103F5000FFE70B989DF81010FFF712FEFFE79DF8A2
:103F600014000007002808D5FFE70998049900EB22
:103F700041110820C1F80809FFE79DF81400C006A8
:103F8000002808D5FFE70998049900EB411110209B
:103F9000C1F80809FFE79DF814004006002808D57D
:103FA000FFE70998049900EB41114020C1F8080986
:103FB000FFE79DF814008007002822D5FFE70A9844
:103FC000049905F0F1FD0B98049901EBC10100EB98
:103FD0008100143008900898C078012809D1FFE7C3
:103FE00008990020C8700B989DF8101000F026FA70
:103FF000FFE70998049900EB41110220C1F8080974
:10400000FFE79DF814000006002805D5FFE70B9890
:10401000049903F0EBFEFFE7FFE7049801300490FA
:1040200006984008069043E7FFE70B98006805F004
:104030008BFEC00F00B3FFE70999D1F8040820F008
:104040000100C1F804080B9890F8CC04012808D1AD
:10405000FFE70B98002180F8CC140B98FFF786FD42
:1040600003E00B9800F074FBFFE70B9801684869C8
:1040700000F000404861FFE70B98006805F064FE1F
:104080000005002811D5FFE70998D0F80808C007F7
:1040900020B1FFE70B9800F067FBFFE70B98016882
:1040A000486900F400604861FFE70B98006805F07C
:1040B0004BFEC004002840F18680FFE70999D1F843
:1040C000040820F00100C1F804080B9800681021D2
:1040D00005F06AFD00200790FFE707980B99097922
:1040E000884231D2FFE70998079900EB41114FF65A
:1040F0007F30C1F808090999079A01EB4212D2F8FA
:10410000001921F40011C2F800190999079A01EB6E
:104110004211C1F8080B0998079900EB4111D1F839
:10412000000B20F40010C1F8000B0998079900EB70
:104130004111D1F8000B40F00060C1F8000BFFE71F
:10414000079801300790C8E70999D1F81C0840F09A
:104150000110C1F81C080B98C07B78B1FFE70999E2
:10416000D1F8840840F00B00C1F884080999D1F80F
:10417000440840F00B00C1F844080FE00999D1F859
:10418000140842F22B021043C1F814080999D1F81F
:10419000100840F00B00C1F81008FFE70999D1F8AA
:1041A000000820F4FE60C1F800080B9A10689179AD
:1041B00002F29C4205F0E0FB0B980168486900F4AC
:1041C00080504861FFE70B98006805F0BDFD800452
:1041D00000281FD5FFE70B98006805F099F90B98A8
:1041E000006805F01FFD0B99C8710B9800680190DD
:1041F00000F01AFC014601980B9AD27905F08EFE68
:104200000B9800F0A1FA0B980168486900F400507F
:104210004861FFE70B98006805F096FD000700284D
:104220000AD5FFE70B9800F097FA0B9801684869E8
:1042300000F008004861FFE70B98006805F084FD76
:104240000006002825D5FFE70A99886920F080003C
:10425000886101200490FFE704980B99097988424E
:1042600016D2FFE70B98049901EBC10100EB810026
:1042700090F85702012806D1FFE70B989DF810101F
:10428000FFF78EFCFFE7FFE7049801300490E3E7B7
:10429000FFE70B98006805F057FDC00200283CD5E9
:1042A000FFE701200490FFE704980B990979884201
:1042B0002CD2FFE70998049900EB4110D0F80009CF
:1042C00002900B98049901EBC10100EB8100007E84
:1042D000012816D1FFE79DF80B000006002810D535
:1042E000FFE70B98049901EBC10100EB810101206C
:1042F000C8750B989DF8101041F08001FFF750FC35
:10430000FFE7FFE7049801300490CDE70B980168C0
:10431000486900F480104861FFE70B98006805F0D9
:1043200013FD8002002856D5FFE701200490FFE727
:1043300004980B990979884246D2FFE709980499B5
:1043400000EB4110D0F8000B02900B98049901EBA0
:10435000C10100EB810090F8580201282FD1FFE73E
:104360009DF80B000006002829D5FFE7029800F40D
:1043700080310B98D0F8D40400F00100B0EB114F5D
:104380001DD1FFE70B98049901EBC10100EB8101FE
:10439000012081F857020A99886940F080008861FD
:1043A0000A9840690006002808D4FFE70999D1F867
:1043B000040840F40070C1F8040805E0FFE7FFE7D7
:1043C000049801300490B3E70B980168486900F441
:1043D00000104861FFE70B98006805F0B5FC40004D
:1043E00000280AD5FFE70B98FFF7C6FB0B9801687A
:1043F000486900F080404861FFE70B98006805F0CD
:10440000A3FC4007002815D5FFE70B98006840681B
:1044100002909DF808004007002804D5FFE70B989C
:10442000FFF7BAFBFFE7029A0B9801684868104350
:104430004860FFE7FFE70CB080BD000082B001904C
:104440008DF8031002B0704782B001908DF8031010
:1044500002B0704780B58EB00C900C9820B9FFE781
:1044600001208DF8370012E10C9800680B900C9831
:1044700090F8950440B9FFE70C99002081F8940466
:104480000C9800F009F9FFE70C99032081F89504D6
:104490000B98B0F1A04F04D1FFE70C990020887170
:1044A000FFE70C98006805F05DFA0C9B1868197C12
:1044B0008DF8241059689A68DB6808930792069172
:1044C0000699079A089BDDF824C0EE46CEF800C096
:1044D00005F034F840B1FFE70C99022081F895040B
:1044E00001208DF83700D2E00C980068002105F01B
:1044F00093FC40B1FFE70C99022081F8950401205C
:104500008DF83700C3E000208DF82B00FFE79DF801
:104510002B000C990979884241DAFFE70C989DF845
:104520002B1001EBC10100EB8101012048759DF8C2
:104530002B000C9900EBC00201EB820108759DF87D
:104540002B000C9900EBC00201EB8201C8850C988E
:104550009DF82B1001EBC10100EB810100200876D2
:104560000C999DF82B2002EBC20201EB8201C8617D
:104570000C999DF82B2002EBC20201EB820108622C
:104580000C999DF82B2002EBC20201EB82014862DC
:10459000FFE79DF82B0001308DF82B00B7E70020D6
:1045A0008DF82B00FFE79DF82B000C9909798842C4
:1045B0003EDAFFE70C989DF82B1001EBC10100EBF0
:1045C0008101002081F855029DF82B100C9A01EB17
:1045D000C10302EB830282F854120C999DF82B2040
:1045E00002EBC20201EB820181F858020C999DF89E
:1045F0002B2002EBC20201EB8201C1F85C020C9994
:104600009DF82B2002EBC20201EB8201C1F860028F
:104610000C999DF82B2002EBC20201EB8201C1F83C
:104620006402FFE79DF82B0001308DF82B00BAE7FC
:104630000C9B1868197C8DF8141059689A68DB680F
:104640000493039202910299039A049BDDF814C02B
:10465000EE46CEF800C005F037F840B1FFE70C9900
:10466000022081F8950401208DF837000FE00C99A5
:104670000020019048740C99012081F895040C9851
:10468000006805F00BF801988DF83700FFE79DF8FA
:1046900037000EB080BD000080B58AB009900020C0
:1046A0000890079006900590049009980068B0F172
:1046B000A04F47D1FFE7FFE70020039043F630000B
:1046C000C4F20200016841F001010160006800F0DD
:1046D000010003900398FFE74FF4C05004900220BC
:1046E000059000200690032007900A2008900020E3
:1046F000C4F2020004A9FEF77FFDFFE743F6340190
:10470000C4F20201086840F080000860FFE7002062
:10471000029043F64400C4F20200016841F4804173
:104720000160006800F4804002900298FFE7FFE714
:104730004320019005210022FFF7F6F90198FFF7C9
:10474000E9F9FFE70AB080BD81B0009001B0704781
:1047500081B0009001B0704781B0009001B0704707
:1047600081B0009001B0704781B0009001B07047F7
:1047700080B584B002900191029820B9FFE7012032
:104780008DF80F0021E1019843F60041C4F20201C7
:10479000096801F00701884212D9FFE7019943F641
:1047A0000040C4F202000170006800F007000199A7
:1047B000884204D0FFE701208DF80F0005E1FFE7F4
:1047C00002980078800700282AD5FFE70298007831
:1047D0004007002809D5FFE743F60801C4F20201AB
:1047E000086840F4E0500860FFE70298007800078E
:1047F000002809D5FFE743F60801C4F20201086862
:1048000040F460400860FFE743F60801C4F202018B
:10481000086820F0F000029A926810430860FFE7F1
:1048200002980078C00700286ED0FFE70298406821
:10483000012811D1FFE743F60000C4F2020000682E
:1048400000F400310020B0EB514F04D1FFE701200C
:104850008DF80F00B9E02CE002984068022805D0DE
:10486000FFE702984068032811D1FFE743F60000F4
:10487000C4F20200006800F000710020B0EB516F3C
:1048800004D1FFE701208DF80F009EE010E043F611
:104890000000C4F20200006800F002010020B0EB4A
:1048A000510F04D1FFE701208DF80F008DE0FFE7E5
:1048B000FFE743F60801C4F20201086820F0030094
:1048C000029A526810430860FEF78AFE0090FFE7E4
:1048D00043F60800C4F20200006800F00C000299E0
:1048E0004968B0EB810F0ED0FFE7FEF779FE009923
:1048F000401A41F28931884204D3FFE703208DF842
:104900000F0062E0E4E7FFE7019843F60041C4F2DC
:104910000201096801F00701884212D2FFE70199FC
:1049200043F60040C4F202000170006800F0070086
:104930000199884204D0FFE701208DF80F0044E080
:10494000FFE702980078400700280CD5FFE743F600
:104950000801C4F20201086820F4E050029AD2680B
:1049600010430860FFE702980078000700280DD583
:10497000FFE743F60801C4F20201086820F4604032
:10498000029A126940EAC2000860FFE700F076F878
:1049900043F60801C4F202010968C9B20A094DF6DA
:1049A0002031C0F60001895CC84040F2EC31C2F20F
:1049B0000001086040F2B840C2F200000068FFF752
:1049C00005F800208DF80F00FFE79DF80F0004B0F8
:1049D00080BD000082B00190009101990F20086015
:1049E00043F60800C4F20200016801F00301019AD5
:1049F0005160016801F0F001019A9160016801F4D1
:104A0000E051019AD160006800F46040C00801994B
:104A1000086143F60040C4F20200006800F007009D
:104A20000099086002B0704740F2EC30C2F200001A
:104A30000068704780B5FFF7F7FF43F60801C4F23E
:104A400002010968C1F382224DF63031C0F600013F
:104A5000895CC84080BD000080B5FFF7E5FF43F6E4
:104A60000801C4F20201096889B24A0B4DF63031DF
:104A7000C0F60001895CC84080BD000080B586B0EA
:104A80000020059004900390029043F60800C4F2C1
:104A90000200006800F00C000146019140B1FFE700
:104AA000019804280AD0FFE7019808280CD04FE0AD
:104AB00042F20040C0F2F40002904FE041F60030B4
:104AC000C0F2B700029049E043F60400C4F20200CD
:104AD000016801F03F01059100684002002813D5EC
:104AE000FFE743F60400C4F202000068C0F3881038
:104AF00041F60031C0F2B701A0FB0101059A002385
:104B0000FBF7E8FB049012E043F60400C4F2020055
:104B10000068C0F3881042F20041C0F2F401A0FB2B
:104B20000101059A0023FBF7D5FB0490FFE743F64C
:104B30000400C4F20200006800F44031022000EBDF
:104B4000D130039004980399B0FBF1F0029005E096
:104B500042F20040C0F2F4000290FFE7029806B073
:104B600080BD000080B586B00490049820B9FFE7AE
:104B700001208DF8170050E304980078C007002842
:104B800000F0A580FFE743F60800C4F202000068C9
:104B900000F00C00042813D0FFE743F60800C4F22D
:104BA0000200006800F00C0008281ED1FFE743F661
:104BB0000400C4F2020000684002002815D5FFE797
:104BC00043F60000C4F20200006800F40031002047
:104BD000B0EB514F08D0FFE70498406820B9FFE7D9
:104BE00001208DF8170018E370E0FFE70498406893
:104BF000B0F5803F09D1FFE743F60001C4F202019E
:104C0000086840F48030086020E004984068B0F5FF
:104C1000A02F0DD1FFE743F60001C4F2020108689E
:104C200040F480200860086840F4803008600CE0A0
:104C300043F60001C4F20201086820F480300860E5
:104C4000086820F480200860FFE7FFE7FFE704988A
:104C50004068E8B1FFE7FEF7C3FC0390FFE743F6C7
:104C60000000C4F20200006800F400310020B0EB44
:104C7000514F0CD1FFE7FEF7B3FC0399401A6528AA
:104C800004D3FFE703208DF81700C6E2E7E71CE036
:104C9000FEF7A6FC0390FFE743F60000C4F2020013
:104CA000006800F400310020B0EB514F0CD0FFE75A
:104CB000FEF796FC0399401A652804D3FFE703200A
:104CC0008DF81700A9E2E7E7FFE7FFE7FFE70498A1
:104CD00000788007002840F19680FFE743F608003F
:104CE000C4F20200006810F00C0F13D0FFE743F687
:104CF0000800C4F20200006800F00C0008282CD163
:104D0000FFE743F60400C4F20200006840020028F6
:104D100023D4FFE743F60000C4F20200006800F06D
:104D200002010020B0EB510F09D0FFE70498C068E2
:104D3000012804D0FFE701208DF817006DE243F64B
:104D40000001C4F20201086820F0F800049A126918
:104D500040EAC2000860FFE754E00498C06870B3FE
:104D6000FFE70021C4F2472101200860FEF738FC6C
:104D70000390FFE743F60000C4F20200006800F071
:104D800002010020B0EB510F0CD1FFE7FEF728FC29
:104D90000399401A032804D3FFE703208DF8170076
:104DA0003BE2E7E743F60001C4F20201086820F0A5
:104DB000F800049A126940EAC200086021E000216C
:104DC000C4F2472100200860FEF70AFC0390FFE7C9
:104DD00043F60000C4F20200006800F00201002067
:104DE000B0EB510F0CD0FFE7FEF7FAFB0399401A26
:104DF000032804D3FFE703208DF817000DE2E7E74F
:104E0000FFE7FFE7FFE704980078000700284BD58D
:104E1000FFE70498406918B3FFE740F68061C4F2E9
:104E2000472101200860FEF7DBFB0390FFE743F614
:104E30007400C4F20200006800F002010020B0EB30
:104E4000510F0CD1FFE7FEF7CBFB0399401A032863
:104E500004D3FFE703208DF81700DEE1E7E722E047
:104E600040F68061C4F2472100200860FEF7B8FBDD
:104E70000390FFE743F67400C4F20200006800F0FC
:104E800002010020B0EB510F0CD0FFE7FEF7A8FBAA
:104E90000399401A032804D3FFE703208DF8170075
:104EA000BBE1E7E7FFE7FFE7049800784007002849
:104EB00040F1CE80FFE700208DF8070043F6400068
:104EC000C4F202000068C000002815D4FFE7FFE725
:104ED0000020009043F64000C4F20200016841F057
:104EE00080510160006800F0805000900098FFE75A
:104EF00001208DF80700FFE747F20000C4F2000030
:104F00000068C005002822D4FFE747F20001C4F280
:104F10000001086840F480700860FEF761FB0390B0
:104F2000FFE747F20000C4F200000068C005002857
:104F30000CD4FFE7FEF754FB0399401A032804D36F
:104F4000FFE703208DF8170067E1EAE7FFE7FFE7D7
:104F500004988068012809D1FFE743F67001C4F284
:104F60000201086840F0010008601FE004988068B2
:104F700005280DD1FFE743F67001C4F2020108686D
:104F800040F004000860086840F0010008600CE090
:104F900043F67001C4F20201086820F001000860C5
:104FA000086820F004000860FFE7FFE7FFE70498C7
:104FB0008068F8B1FFE7FEF713FB0390FFE743F6C5
:104FC0007000C4F20200006800F002010020B0EBA3
:104FD000510F0ED1FFE7FEF703FB0399401A41F290
:104FE0008931884204D3FFE703208DF8170014E1CC
:104FF000E5E71EE0FEF7F4FA0390FFE743F67000E2
:10500000C4F20200006800F002010020B0EB510F72
:105010000ED0FFE7FEF7E4FA0399401A41F2893116
:10502000884204D3FFE703208DF81700F5E0E5E799
:10503000FFE79DF80700012809D1FFE743F640018B
:10504000C4F20201086820F080500860FFE7FFE723
:1050500004988069002800F0DC80FFE743F6080030
:10506000C4F20200006800F00C00082800F08580FF
:10507000FFE70498806902285CD1FFE76021C4F251
:10508000472100200860FEF7ABFA0390FFE743F6E4
:105090000000C4F20200006800F000710020B0EBD4
:1050A000516F0CD0FFE7FEF79BFA0399401A0328D3
:1050B00004D3FFE703208DF81700AEE0E7E704997B
:1050C000C869D1F820C04B6A8A6A40EA0C0040EAFD
:1050D0008310D2034FF6FF739A43A2F58032104338
:1050E000C96A40EA016043F60401C4F202010860A3
:1050F0006021C4F2472101200860FEF771FA039095
:10510000FFE743F60000C4F20200006800F00071FF
:105110000020B0EB516F0CD1FFE7FEF761FA039965
:10512000401A032804D3FFE703208DF8170074E02A
:10513000E7E721E06021C4F2472100200860FEF784
:105140004FFA0390FFE743F60000C4F20200006844
:1051500000F000710020B0EB516F0CD0FFE7FEF7BC
:105160003FFA0399401A032804D3FFE703208DF880
:10517000170052E0E7E7FFE74AE00498806901285A
:1051800004D1FFE701208DF8170046E043F6040044
:10519000C4F202000068029004988069012831D0AE
:1051A000FFE7029800F480000499C969884229D178
:1051B000FFE7029800F03F000499096A884221D174
:1051C000FFE7029847F6C07108400499496AB0EBBE
:1051D000811F17D1FFE7029800F440300499896AD3
:1051E000C9034FF6FF729143A1F58031884209D17E
:1051F000FFE7029800F070600499C96AB0EB016F94
:1052000004D0FFE701208DF8170006E0FFE7FFE775
:10521000FFE700208DF81700FFE79DF8170006B0A4
:1052200080BD000080B584B00290029820B9FFE7ED
:1052300001208DF80F0072E00298406A60B9FFE724
:1052400002984068B0F5827F01D1FFE703E0029940
:105250000020C861FFE705E002990020086102997B
:105260004861FFE7029900208862029890F8510097
:1052700040B9FFE70299002081F85000029800F041
:1052800053F8FFE70299022081F851000298016863
:10529000086820F040000860029A01921168506886
:1052A000D2F808C0D36800F482700CF4044C604457
:1052B00003F400631844136903F0020318445369AC
:1052C00003F001031844936903F400731844D3698D
:1052D00003F038031844136A03F080031843926AFA
:1052E00002F4005210430860029801688369426A20
:1052F000042000EA134002F01002104448600298B3
:105300000168C86920F40060C861029900204865FE
:10531000029A012182F851108DF80F00FFE79DF8E5
:105320000F0004B080BD000080B592B01190002045
:1053300010900F900E900D900C901198006843F211
:105340000001C4F20101884240F0CD80FFE7FFE791
:1053500000200B9043F64400C4F20200016841F4BF
:1053600080510160006800F480500B900B98FFE7BB
:10537000FFE700200A9043F63000C4F20200016803
:1053800041F002010160006800F002000A900A98F2
:10539000FFE7FFE70020099043F63000C4F2020067
:1053A000016841F001010160006800F0010009900E
:1053B0000998FFE710200C90022002900D90012028
:1053C00003900E90032004900F90052005901090FC
:1053D00040F20040C4F2020001900CA90691FDF7D2
:1053E0000BFF0198DDF808C0049B059A06994FF061
:1053F000080ECDF830E0CDF834C04FF0000CCDF8F9
:105400001CC0CDF838C00F931092FDF7F5FEDDF803
:1054100008C0039B049A059806994FF0800ECDF8BA
:1054200030E0CDF834C00E930F9210900020C4F2FB
:105430000200FDF7E1FE079940F66430C2F2000079
:10544000089046F24042C4F2020202604FF0C0628D
:1054500042608160C1604FF480620261416181619C
:10546000C1614FF4403202624162FDF7C9FD18B1DB
:10547000FFE7FCF723FBFFE7FFE7119840F66431F5
:10548000C2F20001C16411988863FFE740F6C4309E
:10549000C2F20000009046F25841C4F202010160DD
:1054A0004FF0C0614160402181600021C1604FF434
:1054B0008062026141618161C1614FF40032026228
:1054C0004162FDF79DFD18B1FFE7FCF7F7FAFFE732
:1054D000FFE7119840F6C431C2F2000181641198CF
:1054E0008863FFE7FFE712B080BD000081B0009045
:1054F00001B0704781B0009001B0704784B0029055
:10550000019100200090FFE7029890F83C000128EC
:1055100004D1FFE702208DF80F0044E0029901203A
:1055200081F83C00FFE7FFE7009820F0FF000199B9
:10553000C96808430090009820F440700199896878
:1055400008430090009820F480600199496808435E
:105550000090009820F400600199096808430090C9
:10556000009820F480500199096908430090009840
:1055700020F400500199496908430090009820F4F4
:1055800080400199C9690843009000980299096810
:105590004864FFE70299002081F83C00FFE7002003
:1055A0008DF80F00FFE79DF80F0004B07047000072
:1055B00085B003900291FFE7039890F83C00012822
:1055C00004D1FFE702208DF813007EE0039901204B
:1055D00081F83C00FFE7FFE70399022081F83D00D6
:1055E0000398006840680190039800688068009004
:1055F000019820F07000019002980168019808431A
:105600000190019803990968486003980068002197
:10561000C4F2010188423CD0FFE703980068B0F172
:10562000804F36D0FFE70398006840F20041C4F293
:10563000000188422DD0FFE70398006840F6000182
:10564000C4F20001884224D0FFE70398006840F6C6
:105650000041C4F2000188421BD0FFE703980068B4
:1056600040F20041C4F20101884212D0FFE70398E2
:10567000006844F20001C4F20101884209D0FFE74A
:105680000398006841F60001C4F2000188420ED17F
:10569000FFE7009820F08000009002984168009891
:1056A000084300900098039909688860FFE7039910
:1056B000012081F83D00FFE70399002081F83C00BC
:1056C000FFE700208DF81300FFE79DF8130005B0F9
:1056D0007047000080B582B00090009820B9FFE7C5
:1056E00001208DF807003FE0009890F83D0040B998
:1056F000FFE70099002081F83C00009800F038F89E
:10570000FFE70099022081F83D00009951F8040B51
:1057100003F09CF90099012081F84600FFE7009909
:10572000012081F83E00009981F83F00009981F83E
:105730004000009981F84100FFE7FFE70099012050
:1057400081F84200009981F84300009981F84400F3
:10575000009981F84500FFE70099012081F83D009C
:1057600000208DF80700FFE79DF8070002B080BD1C
:1057700080B590B00F9000200E900D900C900B9083
:105780000A900F9800680021C4F2010188421BD1E1
:10579000FFE7FFE70020099043F64400C4F202004F
:1057A000016841F001010160006800F0010009900A
:1057B0000998FFE71920049005210022FEF7B4F9AB
:1057C0000498FEF7A7F990E00F98006840F60001F2
:1057D000C4F2000188421BD1FFE7FFE700200890D8
:1057E00043F64000C4F20200016841F00401016088
:1057F000006800F0040008900898FFE71E2003905E
:1058000005210022FEF790F90398FEF783F96BE07B
:105810000F98006844F20041C4F2010188423DD172
:10582000FFE7FFE70020079043F64400C4F20200C0
:10583000016841F400310160006800F40030079015
:105840000798FFE7FFE70020069043F63000C4F218
:105850000200016841F020010160006800F02000B2
:1058600006900698FFE740200A9002200B90002047
:1058700001900C900D9003200E9041F20040C4F274
:1058800002000AA9FDF7B8FC019A1920029005212F
:10589000FEF74AF90298FEF73DF924E00F980068F8
:1058A00041F60041C4F2000188421BD1FFE7FFE747
:1058B0000020059043F64000C4F20200016841F068
:1058C00080010160006800F0800005900598FFE706
:1058D0002C20009005210022FEF726F90098FEF703
:1058E00019F9FFE7FFE7FFE7FFE710B080BD000011
:1058F00083B00190019890F83D00012804D0FFE7A3
:1059000001208DF80B006AE00199022081F83D002A
:1059100001980168C86840F00100C86001980068FB
:105920000021C4F2010188423CD0FFE701980068E1
:10593000B0F1804F36D0FFE70198006840F2004197
:10594000C4F2000188422DD0FFE70198006840F6BC
:105950000001C4F20001884224D0FFE701980068EA
:1059600040F60041C4F2000188421BD0FFE70198D5
:10597000006840F20041C4F20101884212D0FFE702
:105980000198006844F20001C4F20101884209D084
:10599000FFE70198006841F60001C4F20001884267
:1059A00012D1FFE701980068806800F007000090BE
:1059B0000098062807D0FFE701980168086840F0C2
:1059C00001000860FFE706E001980168086840F000
:1059D00001000860FFE700208DF80B00FFE79DF84D
:1059E0000B0003B07047000080B586B004900391AF
:1059F00000208DF80B00FFE7049890F83C00012888
:105A000004D1FFE702208DF81700ABE004990120D4
:105A100081F83C00FFE7FFE70499022081F83D0090
:105A20000498006880680190019820F07700019048
:105A3000019820F47F4001900198049909688860DA
:105A4000039800680090002872D0FFE700981028A3
:105A50006ED0FFE7009820286AD0FFE70098302832
:105A600066D0FFE70098402855D0FFE700985028FF
:105A700037D0FFE70098602840D0FFE700987028F3
:105A80000BD0FFE70098B0F5805F05D0FFE70098E6
:105A9000B0F5005F16D052E055E004980068039B13
:105AA0005A689968DB6803F0A3F804980068806876
:105AB0000190019840F077000190019804990968DD
:105AC000886040E004980068039B5A689968DB6826
:105AD00003F08EF804980168886840F4804088607C
:105AE00031E004980068039A5168D26803F06CFAB8
:105AF00004980068502103F095F824E004980068A9
:105B0000039A5168D26803F087FA0498006860210C
:105B100003F088F817E004980068039A5168D26887
:105B200003F052FA04980068402103F07BF80AE081
:105B3000049800680399096803F074F803E00120F1
:105B40008DF80B00FFE70499012081F83D00FFE785
:105B50000499002081F83C00FFE79DF80B008DF8C8
:105B60001700FFE79DF8170006B080BD81B00090D8
:105B700001B0704780B584B0039003980068C06896
:105B8000029003980068006901909DF80400800766
:105B9000002824D5FFE79DF80800800700281DD5C0
:105BA000FFE7039801686FF0020008610399012084
:105BB0000877039800688069800720B1FFE70398A1
:105BC000FFF7D4FF06E0039800F018F9039800F0FF
:105BD0000DFAFFE7039900200877FFE7FFE79DF83C
:105BE00004004007002825D5FFE79DF8080040077E
:105BF00000281ED5FFE7039801686FF004000861D4
:105C000003990220087703980068806910F4407FA8
:105C100004D0FFE70398FFF7A9FF06E0039800F020
:105C2000EDF8039800F0E2F9FFE703990020087708
:105C3000FFE7FFE79DF804000007002824D5FFE7F1
:105C40009DF80800000700281DD5FFE703980168AC
:105C50006FF0080008610399042008770398006832
:105C6000C069800720B1FFE70398FFF77FFF06E0D8
:105C7000039800F0C3F8039800F0B8F9FFE7039920
:105C800000200877FFE7FFE79DF80400C006002822
:105C900025D5FFE79DF80800C00600281ED5FFE7C0
:105CA000039801686FF010000861039908200877D5
:105CB00003980068C06910F4407F04D0FFE70398A0
:105CC000FFF754FF06E0039800F098F8039800F0FF
:105CD0008DF9FFE7039900200877FFE7FFE79DF8BC
:105CE0000400C00778B1FFE79DF80800C00748B17D
:105CF000FFE7039801686FF001000861039800F066
:105D000079F9FFE7FFE79DF804000006002810D5A9
:105D1000FFE79DF808000006002809D5FFE7039873
:105D200001686FF0800008610398FFF7DFFBFFE771
:105D3000FFE79DF804004006002810D5FFE79DF816
:105D400008004006002809D5FFE7039801686FF0B6
:105D500040000861039800F05FF9FFE7FFE79DF856
:105D600004008006002810D5FFE79DF80800800693
:105D7000002809D5FFE7039801686FF0200008614B
:105D80000398FFF7B7FBFFE7FFE704B080BD000013
:105D900080B588B00790002006900590049003908D
:105DA0000290079800680021C4F20101884223D1C3
:105DB000FFE7FFE70020019043F63000C4F2020045
:105DC000016841F010010160006800F010000190CE
:105DD0000198FFE74FF4007002900220039000202A
:105DE000049005900120069041F20000C4F20200E8
:105DF00002A9FDF701FAFFE708B080BD81B000906D
:105E000001B0704780B586B00490039102920020E3
:105E10008DF80700FFE7049890F83C00012804D1B2
:105E2000FFE702208DF8170089E00499012081F82E
:105E30003C00FFE7FFE7029800900C2800F270801A
:105E40000099DFE801F0076D6D6D206D6D6D3A6DA5
:105E50006D6D530004980068039902F0F9FE0498F0
:105E60000168886940F008008861049801688869C1
:105E700020F0040088610398026904980168886929
:105E80001043886150E004980068039902F056FFBF
:105E900004980168886940F400608861049801688A
:105EA000886920F480608861039802690498016819
:105EB000886940EA0220886136E004980068039906
:105EC00002F0B6FF04980168C86940F00800C86194
:105ED00004980168C86920F00400C8610398026949
:105EE00004980168C8691043C8611DE004980068FF
:105EF000039903F017F804980168C86940F400603A
:105F0000C86104980168C86920F48060C86103987A
:105F1000026904980168C86940EA0220C86103E088
:105F200001208DF80700FFE7FFE70499002081F8C2
:105F30003C00FFE79DF807008DF81700FFE79DF88C
:105F4000170006B080BD000080B582B000900098B8
:105F500020B9FFE701208DF807003FE0009890F896
:105F60003D0040B9FFE70099002081F83C0000980F
:105F700000F038F8FFE70099022081F83D00009911
:105F800051F8040B02F062FD0099012081F84600EF
:105F9000FFE70099012081F83E00009981F83F0059
:105FA000009981F84000009981F84100FFE7FFE780
:105FB0000099012081F84200009981F8430000997E
:105FC00081F84400009981F84500FFE7009901201D
:105FD00081F83D0000208DF80700FFE79DF80700DD
:105FE00002B080BD81B0009001B0704781B00090D8
:105FF00001B0704780B582B001900198006841F20D
:106000000001C4F20001884203D1FFE7FDF7B4FCB0
:10601000FFE702B080BD000081B0009001B0704782
:1060200082B00190ADF8021002B0704781B00090CC
:1060300001B0704780B592B0119011980068006867
:10604000109011980068C0680F901198006840691E
:106050000E9000200D900C90109800F00F000D9005
:106060000D9888B9FFE79DF84000800600280AD502
:10607000FFE79DF83C008006002804D5FFE7119853
:1060800003F060F802E2FFE70D98002800F0C280FC
:10609000FFE79DF83800C00738B9FFE7BDF83C00BE
:1060A00010F4907F00F0B680FFE79DF84000C00735
:1060B00058B1FFE79DF83D00C00730B1FFE71199E7
:1060C000486C40F001004864FFE79DF8400040073D
:1060D00000280BD5FFE79DF83800C00730B1FFE777
:1060E0001199486C40F002004864FFE79DF84000B9
:1060F000800700280BD5FFE79DF83800C00730B1B6
:10610000FFE71199486C40F004004864FFE79DF8F0
:1061100040000007002811D5FFE79DF83C008006ED
:10612000002805D4FFE79DF83800C00730B1FFE72D
:106130001199486C40F008004864FFE71198406CE2
:10614000002866D0FFE79DF84000800600280AD5A9
:10615000FFE79DF83C008006002804D5FFE7119872
:1061600002F0F0FFFFE7119800684069C0F380106B
:106170000C901198406C0007002804D4FFE70C989D
:1061800000283ED0FFE7119802F07EFF11980068CA
:106190004069400600282FD5FFE7FFE7FFE7119889
:1061A000006850E8050F20F040000B90FFE70B99C6
:1061B0001198026842E805100028F0D1FFE7FFE7D8
:1061C0001198C06B98B1FFE71198C16B49F26D004F
:1061D000C0F6000008651198C06BFCF75FFD28B1A0
:1061E000FFE71198C06B016D8847FFE703E0119846
:1061F000FFF71CFFFFE703E01198FFF717FFFFE72A
:1062000006E01198FFF712FF119900204864FFE79C
:10621000FFE73BE11198006B012840F01781FFE791
:106220009DF84000C006002840F11081FFE79DF86E
:106230003C00C006002840F10981FFE7FFE700208D
:106240000A901198006800680A90119800684068E8
:106250000A900A98FFE711980068406940060028F4
:1062600040F19A80FFE71198C06B00684068ADF874
:106270002600BDF82600002875D0FFE7BDF82600EF
:106280001199898D88426EDAFFE7BDF826001199D1
:10629000C8851198C06BC069B0F5807F58D0FFE702
:1062A000FFE7FFE71198006850E8030F20F48070C3
:1062B0000890FFE708991198026842E80310002847
:1062C000F0D1FFE7FFE7FFE7FFE71198006850E82C
:1062D000050F20F001000790FFE707991198026869
:1062E00042E805100028F0D1FFE7FFE7FFE7FFE7EE
:1062F0001198006850E8050F20F040000690FFE775
:1063000006991198026842E805100028F0D1FFE7CD
:10631000FFE71199202081F84200119900200863BD
:10632000FFE7FFE71198006850E8030F20F0100026
:106330000590FFE705991198026842E803100028CC
:10634000F0D1FFE7FFE71198C06BFCF731FCFFE7E6
:106350001199022048631198818DC28D891A89B2E2
:10636000FFF75EFE17E0BDF826001199898D88427F
:1063700010D1FFE71198C06BC069B0F5807F08D1DC
:10638000FFE71199022048631198818DFFF748FEBD
:10639000FFE7FFE7FFE779E01199888DC98D401A83
:1063A000ADF812001198C08D00284ED0FFE7BDF85F
:1063B0001200002849D0FFE7FFE7FFE711980068C7
:1063C00050E8030F20F490700390FFE703991198B1
:1063D000026842E803100028F0D1FFE7FFE7FFE77B
:1063E000FFE71198006850E8050F20F001000290C7
:1063F000FFE702991198026842E805100028F0D1E1
:10640000FFE7FFE71199202081F842001199002051
:106410000863FFE7FFE71198006850E8030F20F0DA
:1064200010000190FFE701991198026842E80310FB
:106430000028F0D1FFE7FFE7119902204863119887
:10644000BDF81210FFF7ECFDFFE71FE09DF84000DC
:10645000000600280AD5FFE79DF83C00000600284A
:1064600004D5FFE7119802F0F1FF0FE09DF840001E
:10647000400600280AD5FFE79DF83C0040060028AA
:1064800004D5FFE7119802F049FEFFE712B080BD86
:1064900080B582B00090009820B9FFE701208DF808
:1064A000070040E00098806908B1FFE700E0FFE7DF
:1064B000009890F8410040B9FFE70099002081F86A
:1064C0004000009800F034F8FFE70099242081F89C
:1064D000410000980168C86820F40050C860009826
:1064E00002F0E4FE00980168086920F49040086119
:1064F00000980168486920F02A0048610098016806
:10650000C86840F40050C860009900204864009AB0
:10651000202182F84110009A82F8421000994863C5
:106520008DF80700FFE79DF8070002B080BD00006E
:1065300080B59CB01B9000201A901990189017906D
:1065400016901B98006841F20001C4F201018842D4
:1065500040F0BD80FFE7FFE70020159043F64400C0
:10656000C4F20200016841F010010160006800F00F
:10657000100015901598FFE7FFE70020149043F6F0
:106580003000C4F20200016841F0020101600068BD
:1065900000F0020014901498FFE7FFE7002013902A
:1065A00043F63000C4F20200016841F001010160CD
:1065B000006800F0010013901398FFE78020169008
:1065C00002200990179000200D90189003200A9047
:1065D000199007200B901A9040F20040C4F202007C
:1065E00016A90C91FCF708FEDDF824C00A9A0B9856
:1065F0000C990D9B4FF4007ECDF858E0CDF85CC0AF
:10660000189319921A900020C4F20200FCF7F4FDCE
:106610000D9940F62440C2F200000E9046F28842E6
:10662000C4F2020202604FF0006242608160C16009
:106630004FF48062026141618161C1610162416226
:10664000FCF7DEFC18B1FFE7FBF738FAFFE7FFE7DE
:106650001B9840F62441C2F20001C1631B98886375
:10666000FFE740F68440C2F20000089046F2B841CD
:10667000C4F2020101604FF000614160402181607D
:106680000021C1604FF480620261416181614FF479
:106690008072C26101624162FCF7B2FC18B1FFE78F
:1066A000FBF70CFAFFE7FFE71B9840F68441C2F2C4
:1066B000000181631B988863FFE72520079005216F
:1066C0000022FDF731FA0798FDF724FA16E11B982E
:1066D000006844F60001C4F2000188426CD1FFE773
:1066E000FFE70020129043F64000C4F20200016868
:1066F00041F480210160006800F48020129012981B
:10670000FFE7FFE70020119043F63000C4F20200DB
:10671000016841F004010160006800F0040011907C
:106720001198FFE74FF44060169002201790002068
:10673000059018900320199007201A9040F6000049
:10674000C4F2020016A9FCF757FD059940F6E44093
:10675000C2F20000069046F22802C4F20202026071
:106760004FF0006242608160C1604FF4806202615C
:10677000416181614FF48072C2614FF44032026224
:106780004162FCF73DFC18B1FFE7FBF797F9FFE723
:10679000FFE71B9840F6E441C2F20001C1631B9879
:1067A0008863FFE72720049005210022FDF7BCF94C
:1067B0000498FDF7AFF9A0E01B98006841F2004192
:1067C000C4F20101884240F09780FFE7FFE7002014
:1067D000109043F64400C4F20200016841F0200129
:1067E0000160006800F0200010901098FFE7FFE7BC
:1067F00000200F9043F63000C4F20200016841F01F
:1068000040010160006800F040000F900F98FFE722
:106810004FF48440169002201790002002901890A8
:106820000320199008201A9041F60000C4F20200DB
:1068300016A9FCF7E1FC029940F64450C2F20000B0
:10684000039046F22842C4F2020202604FF0206236
:1068500042608160C1604FF4806202614161816188
:10686000C1614FF4003202624162FCF7C9FB18B10A
:10687000FFE7FBF723F9FFE7FFE71B9840F64451DA
:10688000C2F20001C1631B988863FFE740F6A45081
:10689000C2F20000019046F2A041C4F20201016080
:1068A0004FF020614160402181600021C1604FF4C0
:1068B0008062026141618161C1614FF48032026294
:1068C0004162FCF79DFB18B1FFE7FBF7F7F8FFE724
:1068D000FFE71B9840F6A451C2F2000181631B98A8
:1068E0008863FFE74720009005210022FDF71CF98F
:1068F0000098FDF70FF9FFE7FFE7FFE71CB080BD49
:1069000080B584B002900191ADF80220029890F811
:106910004200202817D1FFE7019820B1FFE7BDF81A
:10692000020020B9FFE701208DF80F000FE0029967
:106930000020086302980199BDF8022002F054FD7E
:106940008DF80F0003E002208DF80F00FFE79DF89F
:106950000F0004B080BD000080B582B001900198A6
:1069600003F050FC02B080BD81B0009001B07047D0
:10697000FFE7FEE780B582B040F60C30C2F20000BF
:10698000019046F20041C4F2000101600321416020
:1069900000218160C1604FF4102202614FF40012A7
:1069A00042610176417601228276C2760177417793
:1069B000FBF7D6FD18B1FFE7FBF780F8FFE702B061
:1069C00080BD000080B582B040F63430C2F20000D5
:1069D000019046F60001C4F200010160032141600C
:1069E00000218160C1604FF4102202614FF4001257
:1069F00042610176417601228276C2760177417743
:106A0000FBF7AEFD18B1FFE7FBF758F8FFE702B060
:106A100080BD000080B540F65C30C2F2000043F259
:106A20000001C4F202010160FCF782F818B1FFE72F
:106A3000FBF744F8FFE780BD80B58CB0FFE700208E
:106A40000B9043F63000C4F20200016841F40011DB
:106A50000160006800F400100B900B98FFE7FFE75F
:106A600000200A9043F63000C4F20200016841F4AD
:106A700080010160006800F480000A900A98FFE736
:106A80000C2001900521079100220892FDF74CF897
:106A90000198FDF73FF80799089A39200290FDF711
:106AA00043F80298FDF736F80799089A3A200390C0
:106AB000FDF73AF80398FDF72DF80799089A3B205F
:106AC0000490FDF731F80498FDF724F80799089A27
:106AD00044200590FDF728F80598FDF71BF8079965
:106AE000089A45200690FDF71FF80698FDF712F862
:106AF0000799089A46200990FDF716F80998FDF7BE
:106B000009F80CB080BD0000B0B590B04DF604306F
:106B1000C0F60000016842688368D0F80CC0D0F865
:106B200010E044690E94CDF834E0CDF830C00B93FA
:106B30000A92099180690F9009A80021019104F03F
:106B40008DF9019940F60832C2F2000210604DF64C
:106B5000E820C0F6000002684368D0F808C0D0F80A
:106B60000CE00469456907950694CDF814E0CDF86A
:106B700010C0039302928069089002A804F06EF995
:106B800040F2F851C2F20001086010B0B0BD000040
:106B900080B5A0B000201F901E901D901C901B90EF
:106BA000FFE700201A9043F63000C4F202000168AB
:106BB00041F002010160006800F002001A901A988A
:106BC000FFE7FFE70020199043F63000C4F202000F
:106BD000016841F040010160006800F04000199038
:106BE0001998FFE7FFE70020189043F63000C4F241
:106BF0000200016841F001010160006800F001003D
:106C000018901898FFE7FFE70020179043F6300030
:106C1000C4F20200016841F008010160006800F060
:106C2000080017901798FFE7FFE70020169043F63B
:106C30003000C4F20200016841F004010160006804
:106C400000F0040016901698FFE7FFE7002015906B
:106C500043F63000C4F20200016841F08001016097
:106C6000006800F0800015901598FFE7FFE700200E
:106C7000149043F63000C4F20200016841F0200194
:106C80000160006800F0200014901498FFE7FFE70F
:106C90000020139043F63000C4F20200016841F076
:106CA00010010160006800F0100013901398FFE7D6
:106CB00040F60000C4F2020008904FF48071009189
:106CC00000221192FCF774FC41F60000C4F20200AD
:106CD00004904021019101220992FCF769FC119A6C
:106CE00041F60040C4F2020003904FF4E0510291DB
:106CF000FCF75EFC099A0020C4F202000690102105
:106D00000591FCF755FC099A40F20040C4F20200DC
:106D10000A901146FCF74CFC009B0898099A1199BF
:106D20001B931C921D921E911BA90B91FCF764FAF8
:106D30000B99119802221B924FF4881207921C9211
:106D40001D9041F20040C4F20200FCF755FA019B8D
:106D50000498099A0B991B931C921D921E92FCF7A2
:106D60004BFADDF808C00398099B0B99119ACDF8EE
:106D70006CC01C931D921E92FCF73EFA0498079B70
:106D8000099A0B994FF0090CCDF838C0CDF86CC0BA
:106D90001C931D92FCF730FADDF814C00698099B8D
:106DA0000B99119ACDF86CC01C931D921E92FCF7A2
:106DB00023FA079B0898099A0B994FF0300CCDF8ED
:106DC0006CC01C931D92FCF717FA099B0A980B994B
:106DD000119A1B931C931D921E92FCF70DFA119AA7
:106DE00006210C910846FCF79FFE0C98FCF792FEDA
:106DF000119A07200D9005211091FCF795FE0D9832
:106E0000FCF788FE0E981099119AFCF78DFE0E98EB
:106E1000FCF780FE1099119A0A200F90FCF784FE6F
:106E20000F98FCF777FE1099119A17201290FCF733
:106E30007BFE1298FCF76EFE20B080BD80B582B05C
:106E400040F60460C2F20000019045F60041C4F231
:106E50000001016041F68021C0F20601416000217D
:106E60008160C1604FF48042026141618161C16112
:106E70000162FCF7BBFB18B1FFE7FAF71FFEFFE763
:106E800002B080BD80B582B041F23C30C2F2000059
:106E9000019043F20001C4F2010101604FF48271DC
:106EA000416000218160C1600222026101224261D1
:106EB0004FF4007282613822C261016241628162D4
:106EC0000A21C162FEF7AEF918B1FFE7FAF7F6FD45
:106ED000FFE702B080BD000080B541F2DC30C2F2B5
:106EE000000044F20041C4F2010101600021416050
:106EF000816041F28732C26001618161FEF7EAFB85
:106F000018B1FFE7FAF7DAFDFFE780BD80B541F27F
:106F10002440C2F2000041F60041C4F200010160C9
:106F200042F2CF0141600021816042F20F72C260E3
:106F300001618161FEF7CEFB18B1FFE7FAF7BEFDF4
:106F4000FFE780BD80B598B000210191179116919F
:106F50001591149113911291119110910F910E911D
:106F60000D910C910B910A9109910891079106914D
:106F700005910491039141F29430C2F20000029015
:106F80000022C4F20102026040F24F1242608160AE
:106F900040F2F312C2600161416180218161FEF71C
:106FA00099FB18B1FFE7FAF789FDFFE74FF480502E
:106FB000149041F29430C2F2000014A9FEF714FDBF
:106FC00018B1FFE7FAF77AFDFFE741F29430C2F219
:106FD0000000FEF7B9FF18B1FFE7FAF76FFDFFE712
:106FE00000201290139041F29430C2F2000012A9D6
:106FF000FEF7DEFA18B1FFE7FAF760FDFFE7602061
:107000000B9000220C920D920E920F921092119200
:1070100041F29430C2F200000BA9FEF7F3FE18B162
:10702000FFE7FAF74BFDFFE700200390049005907F
:10703000069007904FF4005108910A9041F2943065
:10704000C2F2000003A9FEF759FA18B1FFE7FAF7F8
:1070500035FDFFE741F29430C2F20000FEF798FEE2
:1070600018B080BD80B588B00021019107910691CC
:10707000059104910391029141F26C40C2F200002B
:1070800040F60002C4F20002026044F29F12426025
:10709000816041F28732C26001618161FEF71AFBB3
:1070A00018B1FFE7FAF70AFDFFE74FF480500490AC
:1070B00041F26C40C2F2000004A9FEF795FC18B141
:1070C000FFE7FAF7FBFCFFE700200290039041F294
:1070D0006C40C2F2000002A9FEF76AFA18B1FFE79D
:1070E000FAF7ECFCFFE708B080BD000080B582B085
:1070F00041F2FC40C2F20000019041F20001C4F2F2
:10710000010101604FF4E131416000218160C16003
:1071100001610C2242618161C161FFF7B9F918B1C7
:10712000FFE7FAF7CBFCFFE702B080BD80B582B085
:1071300041F24450C2F20000019044F60001C4F252
:107140000001016048F2A061C0F20101416000212C
:107150008160C1604FF4806202610C2242618161F2
:10716000C161FFF795F918B1FFE7FAF7A7FCFFE750
:1071700002B080BD80B582B041F28C50C2F20000F6
:10718000019041F20041C4F2010101604FF4E1318C
:10719000416000218160C16001610C224261816116
:1071A000C161FFF775F918B1FFE7FAF787FCFFE750
:1071B00002B080BD80B582B040F65860C2F20000D7
:1071C00001904FF0A0410160042101710222C271BF
:1071D0000021817142728172C17201738173C17326
:1071E000FDF738F918B1FFE7FAF768FCFFE702B0DE
:1071F00080BD0000FFE7FEE780B584B002900298F2
:1072000018B9FFE7002003904BE0702004F0EAF982
:107210000190019818B9FFE70020039041E002981F
:1072200000680199086002990868C1F82500029871
:1072300090F82400019981F828000298806801994B
:1072400088600298C0680199C86002980069019935
:107250000861029840690199486102988069019922
:10726000886101980299C1F83200029947F6AD0091
:10727000C0F60000C1F82E0002982530F9F7C2FBD5
:10728000019948620298383001F038F80199C862D3
:107290000298643001F032F8019908630198039074
:1072A000FFE7039804B080BD80B584B002908DEDF7
:1072B000010A029820B1FFE70298806820B9FFE731
:1072C00000208DF80F0036E002988079D0B9FFE7F2
:1072D0000198029908630299C868D1ED050A91EDF9
:1072E0000C0A00F051FE029880ED0D0A029908691F
:1072F000D1ED060A91ED0D0A00F046FE029880EDF0
:107300000E0A14E00298807901280FD1FFE7019856
:107310000299486302990869D1ED060A91ED0D0AB8
:1073200000F032FE029880ED0E0AFFE7FFE7012031
:107330008DF80F00FFE79DF80F0004B080BD00003E
:1073400080B58EB00D900D9808B9FFE7EFE00D986D
:10735000D0F839000C900C98B0F91C0020B1FFE770
:107360000C99888BC883FFE70D9890F82C1090F843
:107370002D0040EA01200C9988830D9890F82E107A
:1073800090F82F0040EA012000B200EE100AB8EE9B
:10739000C00A0C9880ED080A0D9890F8301090F80B
:1073A000310040EA01200C99C8840D9890F8320011
:1073B00000EE100AB8EE400A0C9880ED0A0A0C980C
:1073C00090ED080A90F82C1001EE101AB8EEC11AD0
:1073D00080EE010A80ED060A00200B900A900C99BD
:1073E000B1F91C00B1F91E10884211DAFFE70C99BF
:1073F000B1F91C00B1F91E10401A00F500500B90B5
:107400000C99B1F91C00B1F91E10401A0A9010E055
:107410000C99B1F91C00B1F91E10401A0B900C998F
:10742000B1F91C00B1F91E10401AA0F500500A90E5
:10743000FFE70B9808900028099002D50898404271
:107440000990099805900A9806900028079002D59F
:1074500006984042079005980799884206DAFFE7A8
:107460000B9A0C99888C1044888405E00A9A0C9930
:10747000888C10448884FFE70C98B0F92400B0F1A0
:10748000FF3F08DCFFE70C9991F82C20888C00EB7B
:107490004230888411E00C99B1F9240091F82C1045
:1074A000B0EB413F08DDFFE70C9991F82C20888C68
:1074B000A0EB42308884FFE7FFE70C980490B0F916
:1074C000240005F032FF41EC100B9FED1B1B53EC29
:1074D000112B51EC100B05F0CBFF024604980192E2
:1074E0000A46019942EC101B8DED020B90F82C001E
:1074F00005F01BFF9DED021B41EC100B51EC110B35
:1075000053EC102B05F04AFD41EC100B51EC100B25
:107510009FED0B0B53EC102B05F08CFC41EC100B8A
:1075200051EC100B05F054FC04994861FFE70EB0D4
:1075300080BD00BF00BF00BF2CA7B17BFA21493F2F
:10754000182D4454FB2109C084B00390029101928C
:1075500000200090FFE7009841F2D551C2F20001EF
:107560000978884273DAFFE7009941F2D850C2F2F5
:10757000000050F82100806840680299884261D17B
:10758000FFE7009941F2D850C2F2000050F8210004
:107590008068008C0399884254D1FFE7009941F23A
:1075A000D850C2F2000050F821004079042824DCB1
:1075B000FFE7009941F2D850C2F2000050F82130A4
:1075C00093ED0E0ABDEEC00A10EE101A090A019AD8
:1075D0005B7902EB430202F8021C009950F821206B
:1075E00092ED0E0ABDEEC00A10EE100A0199527912
:1075F00001EB420101F8010C23E0009941F2D8505F
:10760000C2F2000050F8213093ED0E0ABDEEC00A20
:1076100010EE101A090A019A5B7902EB430202F894
:107620000A1C009950F8212092ED0E0ABDEEC00A06
:1076300010EE100A0199527901EB420101F8090C90
:10764000FFE7FFE7FFE700980130009083E70120A4
:1076500004B0704780B584B00290029840B1FFE753
:1076600041F2D550C2F2000000780C2803DBFFE79E
:107670000020039062E03C20009003F0B3FF0099EB
:1076800001900198F8F705FF0298006801990860D9
:1076900002980079019908710298407901998871DE
:1076A0000298007E019981F82C000298007930B987
:1076B000FFE70298C08904380199487104E00298F4
:1076C000C08901994871FFE702981C3000F016FE4E
:1076D0000199C8600298483000F010FE01990861D5
:1076E00002990868C1F80700029947F24130C0F6D4
:1076F0000000086101980299486102980730F9F783
:1077000081F9019988600198806830B9FFE7019894
:1077100004F0C2F90020039010E0019841F2D55323
:10772000C2F200031A78511C197041F2D851C2F20A
:10773000000141F8220001980390FFE7039804B08C
:1077400080BD000080B582B00090009820B1FFE7B6
:107750000098806820B9FFE700208DF8070014E04A
:1077600000988268108C51682232FFF7EDFE009875
:107770008068F9F72FFC20B1FFE701208DF80700A2
:1077800003E000208DF80700FFE79DF8070002B036
:1077900080BD000083B001908DF80310019848B1BE
:1077A000FFE70198406A28B1FFE79DF8030004282D
:1077B00004DBFFE700208DF80B0014E00198416A1C
:1077C0009DF8032040F20240C2F2000000EBC20329
:1077D0005B68C1F8263050F83200C1F82200012061
:1077E0008DF80B00FFE79DF80B0003B07047000019
:1077F00080B584B002908DED010A029850B1FFE788
:107800000298406A30B1FFE7029890F834000128EE
:1078100004D0FFE700208DF80F0043E00298416A92
:107820000020C1F82600C1F82200029890F8280034
:10783000D0B9FFE70198029948660299C86AD1ED6C
:10784000140A91ED190A00F09FFB029880ED1A0AC4
:107850000299086BD1ED150A91ED1A0A00F094FB1C
:10786000029880ED1B0A19E0029890F82800012880
:107870000FD1FFE70198029988660299086BD1ED54
:10788000150A91ED1A0A00F07FFB029880ED1B0AA1
:1078900003E000208DF80F0004E0FFE701208DF8E1
:1078A0000F00FFE79DF80F0004B080BD80B584B0E5
:1078B0000390039808B9FFE769E003982C30029021
:1078C0000398D0F8390001900298007800090199D6
:1078D00081F834000298B0F8010040BA0199886339
:1078E0000299C8780979000140EA11100199C8632A
:1078F00002980179407901F00F0140EA01200199D5
:1079000008640199C86C48640199086D88640199FC
:10791000886BD1ED020AB1EE600A102103F088FFF6
:10792000019880ED130A019890ED130AF8F7F6FE1E
:10793000019880ED140A0199C86BD1ED030AB1EEEC
:10794000600A0C21009103F073FF0099019880ED0B
:10795000150A019A106CD2ED040AB1EE600A03F028
:1079600067FF019880ED160A0298807900EE100AF0
:10797000B8EE400A019880ED170A0298C07900EE2F
:10798000100AB8EE400A019880ED180AFFE704B02B
:1079900080BD000080B58CB007A903910146039813
:1079A0000A9180ED020AC0ED010A80ED001A0A98E2
:1079B00050B1FFE70A98406A30B1FFE70A9890F8A3
:1079C0003400012804D0FFE700208DF82F0083E069
:1079D000039890ED020A0A9890ED021AF1EE410A1E
:1079E000102003F0B5F901460398ADF81A1090ED98
:1079F000010A0A9890ED031AF1EE410A0C20029058
:107A000003F0A6F901460298ADF818100A9991ED15
:107A1000051A91ED070ADFED320ACDED010A03F0F8
:107A200097F9DDED010A01460298ADF816100A99A2
:107A300091ED061A91ED080A03F08AF903990246BE
:107A40000298ADF8142091ED000A0A9991ED041AFC
:107A5000F1EE410A03F07CF9ADF812009DF81B002D
:107A60000A99496A81F822009DF81A000A99496A20
:107A700081F82300BDF8180000090A99496A81F8C5
:107A80002400BDF818109DF8170040EA01100A996B
:107A9000496A81F825009DF816000A99496A81F81B
:107AA0002600BDF8140000090A99496A81F82700E8
:107AB000BDF814109DF8130040EA01100A99496AB4
:107AC00081F828009DF812000A99496A81F8290076
:107AD00001208DF82F00FFE79DF82F000CB080BD2E
:107AE0000000000080B582B00090009820B1FFE750
:107AF0000098406A20B9FFE700208DF8070006E0F3
:107B00000098406AF9F766FA8DF80700FFE79DF8DC
:107B1000070002B080BD0000FFE7FEE788B00790D5
:107B200006910592079800F0070004900498C0F1B0
:107B30000700052803D3FFE70420019004E0049820
:107B4000C0F107000190FFE701980390049804300A
:107B5000062803D8FFE70020009003E004980338CC
:107B60000090FFE70098029006980399012202FA1C
:107B700001F101390840029B984005999A40013A69
:107B80001140084308B0704780B540F65860C2F213
:107B90000000FCF735F880BD80B586B005900491F3
:107BA000059800680390039802900398006C019078
:107BB0000298049900EB4110D0F8080B009001984E
:107BC00043F20B01C4F6547188420FD3FFE79DF8CE
:107BD00001000006002809D5FFE70298049900EB90
:107BE00041114FF40040C1F8080BFFE70598FCF77E
:107BF000B7FD019843F20B01C4F6547188420DD3CE
:107C0000FFE705988079012808D1FFE70599086802
:107C100001F29C42012101F0AFFEFFE7002006B017
:107C200080BD000080B588B0079006910798006875
:107C30000490049803900498006C029003980699AD
:107C400000EB4110D0F8080B0190079880790128CB
:107C500040F08180FFE79DF804000007002818D558
:107C6000FFE7029843F20B01C4F6547188420FD328
:107C7000FFE79DF805000006002809D5FFE70398F7
:107C8000069900EB41114FF40040C1F8080BFFE7E3
:107C900060E09DF804008006002808D5FFE70398FF
:107CA000069900EB41112020C1F8080B51E09DF826
:107CB000040010F0280F4AD1FFE7029843F20B01AD
:107CC000C4F6547188420FD3FFE79DF80500000603
:107CD000002809D5FFE70398069900EB41114FF4FE
:107CE0000040C1F8080B31E00798069901EBC1018B
:107CF00000EB810000F5157005900598006A039966
:107D0000069A01EB4211D1F8101B6FF3DF41401AC4
:107D100005994861069898B9FFE70598006940B948
:107D2000FFE70799086801F29C42012101F024FE57
:107D300005E00599C8684A691044C860FFE7FFE795
:107D400007989DF81810FBF721FFFFE700E0FFE719
:107D5000FFE7FFE747E0029843F20A11C4F65471C7
:107D6000884224D1FFE79DF805000006002809D5C8
:107D7000FFE70398069900EB41114FF40040C1F86A
:107D8000080B13E09DF804008006002808D5FFE7E3
:107D90000398069900EB41112020C1F8080BFFE77A
:107DA00007989DF81810FBF7F1FEFFE71AE0069818
:107DB00090B9FFE70798069901EBC10100EB81003C
:107DC000D0F8640240B9FFE70799086801F29C42C5
:107DD000002101F0D1FDFFE707989DF81810FBF78F
:107DE000D5FEFFE7FFE7002008B080BD80B58CB06E
:107DF0000A9009910A9800680890089807900A98D4
:107E0000099901EBC10100EB81001430069006983E
:107E100001694069884204D9FFE701208DF82F00ED
:107E200079E0069908694969401A0590059806990C
:107E30008968884204D9FFE7069880680590FFE7C3
:107E40000598033080080490FFE70798099900EB34
:107E50004110D0F8180981B2049A00209142029092
:107E60000FD3FFE706980269416900209142029012
:107E700007D2FFE706980069002818BF012002908A
:107E8000FFE70298C00770B3FFE7069908694969E0
:107E9000401A0590059806998968884204D9FFE739
:107EA000069880680590FFE70598033080080490E5
:107EB00008980699C9689DF82420BDF81430DDF8AB
:107EC00028C09CF806C0EE46CEF800C002F004F9C7
:107ED000059A0699C8681044C860059A06994869C9
:107EE00010444861B1E706990869496988420ED88B
:107EF000FFE7099800F00F01012088400390039AE2
:107F00000799D1F834089043C1F83408FFE70020FE
:107F10008DF82F00FFE79DF82F000CB080BD00000A
:107F2000EFF30980BFF36F8F154B1A681EF0100F27
:107F300008BF20ED108A20E9F04F10602DE90900FC
:107F40004FF0500080F31188BFF34F8FBFF36F8F56
:107F500003F0D4FE4FF0000080F31188BDE8090063
:107F600019680868B0E8F04F1EF0100F08BFB0ECB9
:107F7000108A80F30988BFF36F8F704700BF00BF7E
:107F8000081600200000000080B58CB00B908DED2D
:107F90000A0ACDED090A0A980B99C86209980B994B
:107FA00048630B9890ED070AB5EE400AF1EE10FA1F
:107FB00004D0FFE70B9800F05FF9FFE70B9890ED16
:107FC0000B0A90ED0D1A30EE410A80ED0F0A0B9866
:107FD00090ED061A90ED0F0AB0EEC00AB4EE410A19
:107FE000F1EE10FA04DAFFE70B990020C863FFE70F
:107FF0000B9890ED000A90ED0F1A20EE010A80ED2B
:10800000110A002008900B9890ED081A90ED0F0AC5
:10801000B0EEC00AB4EE410AF1EE10FA09DBFFE758
:108020000B9890ED080AB5EE400AF1EE10FA04D173
:10803000FFE74FF07E5008907AE00B9890ED081A19
:1080400090ED0F0AB0EEC00AB4EE410AF1EE10FA5C
:108050005CDDFFE70B9890ED091A90ED0F0AB0EE8A
:10806000C00AB4EE410AF1EE10FA4FDAFFE70B98BE
:10807000009090ED080A8DED040A90ED090A8DED4F
:10808000050A10EE100A05F0EBFB0246009801927B
:108090000A46019942EC101B8DED020BC06B05F0F6
:1080A000DFFB9DED020B41EC110B9FED5D2B50ECC6
:1080B000121BC20F51EC110B62F3DF7141EC110B7B
:1080C00053EC112B51EC100B05F0DCFA9DED041A6A
:1080D0009DED050A41EC120B8DED062B30EE410AA9
:1080E00010EE100A05F0BCFB9DED061B41EC100BD9
:1080F00051EC110B53EC102B04F050FF41EC100B22
:1081000051EC100B04F064FE089010E00B9890ED19
:10811000091A90ED0F0AB0EEC00AB4EE410AF1EE72
:1081200010FA03DBFFE700200890FFE7FFE7FFE717
:108130000B9890ED010A90ED0F2A90ED121A20EEA7
:10814000020A9DED082A20EE020A30EE010A80EDB7
:10815000120A0B9890ED041A90ED120AF1EE410A02
:1081600000F062F80B9880ED120A0B9890F8280046
:1081700070B9FFE70B9890ED020A90ED0F1A90EDA1
:10818000102A31EE421A20EE010A80ED130A0DE0AA
:108190000B9890ED020A90ED0D2A90ED0E1A31EE3B
:1081A000421A20EE010A80ED130AFFE70B9890EDCA
:1081B000030A90ED0B1A90ED0C2A31EE421A20EED4
:1081C000010A80ED140A0B9890ED110A90ED123A15
:1081D00090ED132A90ED141A30EE030A30EE020AE5
:1081E00030EE010A80ED150A0B9890ED051A90ED1E
:1081F000150AF1EE410A00F017F80B9880ED150A08
:108200000B99C86B08640B99C86A08630B99486B93
:1082100088630B9890ED150A0CB080BD00BF00BFBD
:10822000000000000000000084B08DED020ACDEDDA
:10823000010A8DED001A9DED020A9DED011AB4EEC2
:10824000410AF1EE10FA03DAFFE7019803900FE01C
:108250009DED020A9DED001AB4EE410AF1EE10FA0E
:1082600003DDFFE70098039002E002980390FFE728
:108270009DED030A04B0704782B00190019890ED23
:10828000070AB0EE001A80EE010A8DED000A01988F
:1082900090ED0B0A90ED0D1A30EE410A9DED001A9B
:1082A000B4EE410AF1EE10FA0ADDFFE7019890ED15
:1082B000071A90ED0D0A30EE010A80ED0D0A1BE061
:1082C000019890ED0B0A90ED0D1A30EE410A9DEDEC
:1082D000001AB1EE411AB4EE410AF1EE10FA0ADAD0
:1082E000FFE7019890ED071A90ED0D0A30EE410A74
:1082F00080ED0D0AFFE7FFE702B0704780B584B05C
:108300000290029818B9FFE70020039071E058200E
:10831000009003F067F9009901900198F8F7B9F817
:10832000019830B9FFE7019803F0B6FB00200390F5
:108330005FE002980068019908600298406801991E
:10834000486002988068019988600298C068019925
:10835000C860029800690199C861029890ED050A09
:1083600090ED061AB4EE410AF1EE10FA05DDFFE7D2
:10837000029880690199086104E0029840690199B6
:108380000861FFE702988069019948610298C06915
:1083900001998861029890ED090AB5EE400AF1EE64
:1083A00010FA0BD0FFE7029890ED080A90ED091A39
:1083B000B4EE410AF1EE10FA09DDFFE70298006A17
:1083C000019908620298006A0199486208E00298DF
:1083D000006A019908620298406A01994862FFE7C1
:1083E000029890F82800019981F8280001980390DC
:1083F000FFE7039804B080BD80B586B00590049176
:108400000392FFE740F20860C2F200000190019879
:108410000078532803D0FFE701F0FEFFFFE7FFE7F6
:10842000EFF311804FF0200181F31188009005983F
:108430000499039A00F008F80290009880F31188DC
:10844000029806B080BD000080B58AB009900891FE
:10845000079208980490099800EB400140F20860E8
:10846000C2F2000000EBC10018300390039840698D
:10847000029040B1FFE70298012819D0FFE7029867
:1084800002282CD032E0039802F018F805900598E5
:108490000799884203D2FFE70020069007E007987B
:1084A000069003980499079A02F092FAFFE720E0F9
:1084B000039802F003F8059005980799884203D2C3
:1084C000FFE70598019002E007980190FFE7019807
:1084D000069003980499069A02F07AFA09E0039844
:1084E0000499079A02F002FA069002E00020069032
:1084F000FFE706980AB080BD82B080B584B00793CC
:1085000006920390029106A80090039802996A4689
:1085100000F008F80190019804B0BDE8804002B076
:108520007047000080B5A4B023902291219206A844
:108530001B9040201C9000201D9023991F911E909D
:10854000FFE7229800788DF883002298013022906E
:108550009DF8830008B9FFE79DE19DF88300252879
:1085600040F08C81FFE70020179001201A90FFE770
:10857000229800788DF883009DF883002338014607
:1085800003910D2829D80399DFE801F01F27272739
:108590002727272717270727270F179840F00100BD
:1085A00017902298013022901AE0179840F00200AC
:1085B000179022980130229012E0179840F00400A2
:1085C00017902298013022900AE0179840F0080096
:1085D000179022980130229002E000201A90FFE7C5
:1085E000FFE71A980028C3D1FFE700201690FFE7A5
:1085F000229800788DF883009DF88300302805DBF1
:10860000FFE79DF883003A2801DBFFE710E022989E
:1086100001302290169800EB80019DF8830000EB5A
:10862000410030381690FFE701200028E0D1FFE735
:1086300000208DF867001890229800788DF883004C
:108640009DF883002E283BD1FFE72298013022902D
:10865000229800782A280DD1FFE722980130229035
:1086600001208DF86700219A1068011D11600068D3
:10867000189024E0FFE7229800788DF883009DF899
:108680008300302805DBFFE79DF883003A2801DBF3
:10869000FFE713E001208DF8670022980130229057
:1086A000189800EB80019DF8830000EB4100303802
:1086B0001890FFE701200028DDD1FFE7FFE7FFE783
:1086C000229800788DF88300FFE79DF883006C28DE
:1086D00005D0FFE79DF88300682808D1FFE72298BE
:1086E00001302290229800788DF8830000E004E0A9
:1086F000FFE701200028E8D1FFE79DF8830001464D
:108700000291252800F0B080FFE70298582850D049
:10871000FFE70298632815D0FFE70298642820D06D
:10872000FFE70298702800F08E80FFE70298732818
:1087300053D0FFE70298752827D0FFE702987828E2
:1087400037D096E0219A1068011D116000681A90D8
:108750001A988DF817009DF817101BA802F08AF8D8
:1087600088E0219A1068011D116000681A901A991A
:10877000189B1698DDF85CC06A46C2F804C0106009
:108780001BA80A2201F0BAFE74E0219A1068011DAC
:10879000116000681A901A99189B1698DDF85CC051
:1087A0006A46C2F804C010601BA80A2201F08CFFC0
:1087B00060E0219A1068011D116000681A901A99F2
:1087C000189B1698DDF85CC06A46C2F804C01060B9
:1087D0001BA8102201F078FF4CE0219A1068011DBF
:1087E000116000680490049848B9FFE74DF6A8307E
:1087F000C0F60000049000208DF86700FFE7FFE757
:10880000049800788DF883000498013004909DF856
:10881000830008B9FFE715E09DF8670020B1FFE786
:10882000189808B9FFE70DE09DF883101BA802F027
:1088300021F8189801381890FFE71E98B0F1FF3F13
:10884000DEDCFFE716E0219A1068011D1160006868
:108850001A901A99684600224260082303601BA8F8
:10886000102201F031FF05E01BA8252102F002F8DB
:1088700000E0FFE722980130229005E09DF8831088
:108880001BA801F0F7FFFFE7FFE71E98B0F1FF3FDD
:108890003FF757AEFFE71E9801280EDBFFE71D9854
:1088A00030B1FFE723981D9A06A9FFF7A5FDFFE762
:1088B0001D991E9808441E90FFE71E9824B080BDA5
:1088C000074B19680868B0E8F04F80F30988BFF3D8
:1088D0006F8F4FF0000080F31188704700BF00BF1A
:1088E0000816002080B582B00190FFE7012002F059
:1088F0009BFAFBE780B582B04FF0500080F31188FF
:10890000BFF36F8FBFF34F8F009003F0BBFB40B1FD
:10891000FFE74EF60451CEF200014FF080500860A0
:10892000FFE700200190019880F3118802B080BD1C
:1089300080B594B008A83021F7F7ABFD0020079070
:108940000690059004900390FFE70020029043F604
:108950004000C4F20200016841F0805101600068EB
:1089600000F0805002900298FFE7FFE7002001909E
:1089700047F20000C4F20000016841F48041016048
:10898000006800F4804001900198FFE70120089002
:108990004FF48030099002200E904FF480010F9127
:1089A00006211091A821119112900720139008A878
:1089B000FCF7D8F818B1FFE7F9F780F8FFE70F20C8
:1089C000039002200490002005904FF4A0500690E0
:1089D0004FF48050079003A80521FBF7C9FE18B19A
:1089E000FFE7F9F76BF8FFE714B080BD4EF688514A
:1089F000CEF20001086840F4700008607047000083
:108A000080B541F29430C2F20000FDF7B3F841F2B4
:108A1000DC30C2F20000FDF7ADF880BD80B541F258
:108A20006C40C2F20000FDF7A5F880BD80B541F2B0
:108A3000B440C2F20000FDF79DF880BD80B541F260
:108A40002440C2F20000FDF795F880BD83B002908B
:108A5000019102980068009002980021C4F201017F
:108A6000884225D0FFE70298B0F1804F20D0FFE781
:108A7000029840F20041C4F20001884218D0FFE79A
:108A8000029840F60001C4F20001884210D0FFE7CE
:108A9000029840F60041C4F20001884208D0FFE786
:108AA000029840F20041C4F2010188420AD1FFE776
:108AB000009820F0700000900198416800980843E9
:108AC0000090FFE702980021C4F20101884255D0CE
:108AD000FFE70298B0F1804F50D0FFE7029840F2D4
:108AE0000041C4F20001884248D0FFE7029840F6F6
:108AF0000001C4F20001884240D0FFE7029840F62E
:108B00000041C4F20001884238D0FFE7029840F2E9
:108B10000041C4F20101884230D0FFE7029844F2DC
:108B20000001C4F20101884228D0FFE7029844F214
:108B30000041C4F20101884220D0FFE7029844F6C8
:108B40000001C4F20101884218D0FFE7029841F603
:108B50000001C4F20001884210D0FFE7029841F6FC
:108B60000041C4F20001884208D0FFE7029842F2B7
:108B70000001C4F2000188420AD1FFE7009820F406
:108B8000407000900198C168009808430090FFE78A
:108B9000009820F0800001994969084300900198ED
:108BA00080680299C86201980068029988620298F8
:108BB0000021C4F20101884208D0FFE7029840F288
:108BC0000041C4F20101884205D1FFE70198006924
:108BD00002990863FFE70299086840F00400086002
:108BE00002990120486100980299086003B070471B
:108BF00085B00490039102920193049880680090DC
:108C0000009820F47F40009003980299019A41EA6D
:108C1000022101430098084300900098049988605D
:108C200005B0704783B0029001910298806800906F
:108C3000009820F07000009001980099084340F0DF
:108C40000700009000980299886003B07047000008
:108C500085B0049003910498006A01900499086A11
:108C600020F0010008620498406800900498806930
:108C70000290029820F070000290029820F0030009
:108C8000029003980168029808430290019820F02E
:108C900002000190039881680198084301900498AC
:108CA0000021C4F20101884208D0FFE7049840F295
:108CB0000041C4F2010188420ED1FFE7019820F083
:108CC000080001900398C168019808430190019839
:108CD00020F004000190FFE704980021C4F2010194
:108CE000884208D0FFE7049840F20041C4F2010135
:108CF000884213D1FFE7009820F48070009000981C
:108D000020F4007000900398416900980843009097
:108D100003988169009808430090FFE70098049940
:108D200048600298049988610398406804994863F0
:108D300001980499086205B07047000085B004905E
:108D400003910498006A01900499086A20F01000C9
:108D50000862049840680090049880690290029824
:108D600020F4E0400290029820F4407002900398B2
:108D70000168029840EA01200290019820F020004A
:108D8000019003988168019840EA011001900498CD
:108D90000021C4F20101884208D0FFE7049840F2A4
:108DA0000041C4F2010188420FD1FFE7019820F091
:108DB000800001900398C168019840EA0110019079
:108DC000019820F040000190FFE704980021C4F2D0
:108DD0000101884208D0FFE7049840F20041C4F244
:108DE0000101884215D1FFE7009820F480600090CF
:108DF000009820F40060009003984169009840EAD0
:108E00008100009003988169009840EA81000090F9
:108E1000FFE70098049948600298049988610398D4
:108E200040680499886301980499086205B0704706
:108E300085B0049003910498006A01900499086A2F
:108E400020F4807008620498406800900498C0691B
:108E50000290029820F070000290029820F0030027
:108E6000029003980168029808430290019820F448
:108E70000070019003988168019840EA01200190F8
:108E800004980021C4F20101884208D0FFE7049849
:108E900040F20041C4F2010188420FD1FFE701987E
:108EA00020F4006001900398C168019840EA012015
:108EB0000190019820F480600190FFE70498002160
:108EC000C4F20101884208D0FFE7049840F2004153
:108ED000C4F20101884215D1FFE7009820F48050C8
:108EE0000090009820F40050009003984169009889
:108EF00040EA0110009003988169009840EA01104F
:108F00000090FFE700980499486002980499C861AE
:108F1000039840680499C86301980499086205B0F1
:108F20007047000085B0049003910498006A019096
:108F30000499086A20F48050086204984068009000
:108F40000498C0690290029820F4E04002900298D0
:108F500020F44070029003980168029840EA0120D2
:108F60000290019820F400500190039881680198C4
:108F700040EA0130019004980021C4F201018842C6
:108F800008D0FFE7049840F20041C4F20101884292
:108F90000BD1FFE7009820F48040009003984169CE
:108FA000009840EA81100090FFE70098049948601B
:108FB00002980499C861039840680499086401986C
:108FC0000499086205B0704785B00490039102923D
:108FD0000498006A00900499086A20F00100086271
:108FE000049880690190019820F0F00001900299A6
:108FF000019840EA01100190009820F00A000090CA
:10900000039900980843009001980499886100989A
:109010000499086205B0704785B0049003910292EC
:109020000498006A00900499086A20F01000086211
:10903000049880690190019820F470400190029991
:10904000019840EA01300190009820F0A0000090C3
:109050000399009840EA01100090019804998861F2
:1090600000980499086205B07047000080B582B08E
:1090700001900198806B009000990020C8850098AD
:10908000FCF7D4FF02B080BD84B00390FFE7FFE798
:109090000398006850E8030F20F490700290FFE7F7
:1090A00002990398026842E803100028F0D1FFE714
:1090B000FFE7FFE7FFE70398006850E8050F20F09F
:1090C00001000190FFE701990398026842E805104A
:1090D0000028F0D1FFE7FFE70398006B012814D1C7
:1090E000FFE7FFE7FFE70398006850E8030F20F071
:1090F00010000090FFE700990398026842E803100F
:109100000028F0D1FFE7FFE7FFE70399202081F86F
:10911000420003990020086304B0704780B582B014
:10912000019001980168C86820F04000C86001996A
:10913000202081F841000198FDF716FC002002B0C4
:1091400080BD000080B586B004900020039002909E
:10915000049890F84200222840F0A080FFE704988D
:109160008068B0F5805F13D1FFE70498006978B993
:10917000FFE70498806A02900498006840686FF3E3
:109180005F20029908800499886A0230886223E08F
:109190000498806A039004988068B0F5805F08D0D6
:1091A000FFE70498806850B9FFE70498006930B978
:1091B000FFE70498006840680399087007E0049886
:1091C0000068406800F07F0003990870FFE7049989
:1091D000886A01308862FFE70499C88D0138C88524
:1091E0000004002856D1FFE704980168C86820F001
:1091F0002000C86004980168C86820F48070C860C6
:1092000004980168486920F0010048610499202011
:1092100081F842000499002048630498006B0128FB
:1092200030D1FFE7049900200863FFE7FFE70498C7
:10923000006850E8030F20F010000190FFE701994B
:109240000498026842E803100028F0D1FFE7FFE726
:10925000049800680068C00600280ED5FFE7FFE705
:10926000002000900498006800680090049800684E
:10927000406800900098FFE7FFE70498818DFCF7B5
:10928000CFFE03E00498FDF767FBFFE700208DF8B1
:10929000170007E000208DF8170003E002208DF88A
:1092A0001700FFE79DF8170006B080BD80B586B0B7
:1092B000059005980068006920F44050059A1168EF
:1092C000D26810430861059988680B694A69C969C1
:1092D000184310430843049005980068C06849F299
:1092E0000C6188430499084305990968C86005988A
:1092F0000068406920F44070059A11689269104333
:1093000048610598006841F20001C4F201018842F9
:1093100009D0FFE70598006841F20041C4F201015D
:10932000884204D1FFE7FBF797FB039003E0FBF7CC
:1093300081FB0390FFE70598C069B0F5004F29D184
:10934000FFE703981921A0FB0101059A1368029316
:1093500053685A00DB0FF6F7BDFF0299864648F2C4
:109360001F53C5F2EB13AEFB0320420910014FF06F
:10937000640C02FB1CEC322202EBCC02A2FB033297
:10938000F82303EA521300EB4300C2F342121044E5
:10939000886026E003981921A0FB0101059A136853
:1093A000019353689A009B0FF6F794FF0199844646
:1093B00048F21F52C5F2EB12ACFB023043096420A5
:1093C00003FB10CC322000EB0C10A0FB0202F020BB
:1093D00000EA521000EB0310C2F3431210448860FD
:1093E000FFE706B080BD000083B002900191ADF8A8
:1093F0000220019802998862BDF8020002998885CE
:10940000BDF802000299C8850299002048640299BB
:10941000222081F842000298006938B1FFE70298E3
:109420000168C86840F48070C860FFE7029801686E
:10943000486940F00100486102980168C86840F03E
:109440002000C860002003B07047000083B0019086
:10945000019890F8410021283AD1FFE701988068EF
:10946000B0F5805F13D1FFE70198006978B9FFE795
:109470000198006A0090009800886FF35F200199BE
:10948000096848600199086A0230086208E0019A98
:10949000106A411C11620078019909684860FFE771
:1094A0000199C88C0138C884000468B9FFE70198A5
:1094B0000168C86820F08000C86001980168C86829
:1094C00040F04000C860FFE700208DF80B0003E08B
:1094D00002208DF80B00FFE79DF80B0003B07047EA
:1094E00080B541F2FC40C2F20000FCF7A3FD80BD54
:1094F00080B541F24450C2F20000FCF79BFD80BDF4
:1095000080B541F28C50C2F20000FCF793FD80BDA3
:1095100082B00190019800900099D1F8000940F2C2
:10952000FF729043C1F800090099D1F8040840F493
:109530008070C1F80408002002B0704780B58AB07E
:10954000DDF830C0CDF814C00493039202919DF869
:1095500014108DF824100299039A049B0893079223
:10956000069101909DF81D00012823D1FFE7019984
:10957000886B20F4803088630199C8684FF6BF7209
:10958000CFF6BD721040C8600199C86820F4401041
:10959000C8609DF82400012806D1FFE70199C8683A
:1095A00040F48010C860FFE7019800F033F88DF8B0
:1095B00003001AE00199C86840F04000C8600198B3
:1095C00000F028F88DF803009DF8210030B9FFE77E
:1095D0000199886B40F48030886305E00199886BBD
:1095E00020F480308863FFE7FFE79DF81A00012828
:1095F0000BD1FFE70199886840F006008860019967
:10960000886840F020008860FFE79DF803000AB0FA
:1096100080BD000083B0019000200090FFE700981B
:10962000013000900098B0F1706F04D9FFE703207B
:109630008DF80B002EE0FFE701980069C00F0028AD
:10964000EDD0FFE70A200090FFE7009820B1FFE788
:10965000009801380090F8E70199086940F001008E
:109660000861FFE70098013000900098B0F1706F3A
:1096700004D9FFE703208DF80B000BE0FFE701980A
:10968000006900F001000128ECD0FFE700208DF810
:109690000B00FFE79DF80B0003B0704782B001900C
:1096A000019800900099D1F8000E20F00300C1F855
:1096B000000E0099D1F8040840F00200C1F8040837
:1096C000002002B07047000080B58CB0DDF838C0D3
:1096D000CDF81CC00693059204919DF81C108DF8DE
:1096E0002C100499059A069B0A93099208910390FD
:1096F00000208DF80B00039901910090FFE700987E
:109700000E280CD8FFE70398009900EB8101002098
:10971000C1F80401FFE7009801300090EFE79DF8E1
:109720002A00B8B9FFE70199D1F8040840F0020017
:10973000C1F804080399886B40F40010886303990A
:10974000886B20F4002088630399886B20F48020C4
:1097500088630AE00399886B20F4001088630399FA
:10976000886B40F400208863FFE701990020C1F86E
:10977000000E9DF8250001280FD1FFE79DF823007A
:1097800028B9FFE70398002100F0B6FB04E0039836
:10979000012100F0B1FBFFE704E00398032100F092
:1097A000ABFBFFE70398102100F0FEF920B1FFE7C3
:1097B00001208DF80B00FFE7039800F0BBF920B102
:1097C000FFE701208DF80B00FFE701990020C1F8A9
:1097D00010080199C1F814080199C1F81C080090FB
:1097E000FFE700989DF8201088423BD2FFE70198E0
:1097F000009900EB4110D0F80009C00FB0B1FFE7AD
:10980000009848B9FFE70198009900EB41114FF02B
:109810000060C1F8000908E00198009900EB4111CF
:109820004FF09040C1F80009FFE707E00198009968
:1098300000EB41110020C1F80009FFE701980099F1
:1098400000EB41110020C1F810090198009900EBCC
:1098500041114FF67F30C1F80809FFE70098013049
:109860000090BEE700200090FFE700989DF82010D0
:1098700088423BD2FFE70198009900EB4110D0F8F5
:10988000000BC00FB0B1FFE7009848B9FFE701989F
:10989000009900EB41114FF00060C1F8000B08E0A7
:1098A0000198009900EB41114FF09040C1F8000B76
:1098B000FFE707E00198009900EB41110020C1F893
:1098C000000BFFE70198009900EB41110020C1F85F
:1098D000100B0198009900EB41114FF67F30C1F851
:1098E000080BFFE7009801300090BEE70199D1F81E
:1098F000100820F48070C1F81008039900208861D6
:1099000003996FF0804048619DF8220030B9FFE76D
:109910000399886940F010008861FFE7039988691E
:1099200043F60002C8F23C02104388619DF826000D
:1099300030B1FFE70399886940F008008861FFE7CC
:109940009DF82A00012808D1FFE7039988690422BD
:10995000C4F2000210438861FFE79DF80B000CB0D1
:1099600080BD000081B000900099886820F001005F
:109970008860002001B0704786B004908DF80F1009
:109980000292049801900498006C0090009843F2B1
:109990000B01C4F6547188420BD3FFE70198D0F84D
:1099A000000BC00F20B1FFE700208DF817002EE05C
:1099B000FFE701990020C1F8100B0199D1F8100BB5
:1099C00040F40020C1F8100B0199D1F8100B40F0C1
:1099D0001800C1F8100B0199D1F8100B40F0C040ED
:1099E000C1F8100B9DF80F0001280CD1FFE7029879
:1099F0000199C1F8140B0199D1F8000B40F08020B7
:109A0000C1F8000BFFE700208DF81700FFE79DF875
:109A1000170006B07047000085B004900391002045
:109A200002908DF807000498009003984078012870
:109A30003ED1FFE700980399097800EB4110D0F878
:109A40000009C00F98B3FFE700980399097800EB6D
:109A50004111D1F8000940F00060C1F800090098F8
:109A60000399097800EB4111D1F8000940F08040DA
:109A7000C1F80009FFE7029801300290029842F213
:109A80001171884204D3FFE701208DF807000DE033
:109A9000FFE700980399097800EB4110D0F800091E
:109AA00000F00040B0F1004FE5D0FFE7FFE73DE0F8
:109AB00000980399097800EB4110D0F8000BC00F13
:109AC00098B3FFE700980399097800EB4111D1F8AA
:109AD000000B40F00060C1F8000B00980399097872
:109AE00000EB4111D1F8000B40F08040C1F8000BB1
:109AF000FFE7029801300290029842F21171884209
:109B000004D3FFE701208DF807000DE0FFE7009880
:109B10000399097800EB4110D0F8000B00F00040E9
:109B2000B0F1004FE5D0FFE7FFE7FFE79DF8070042
:109B300005B0704783B0019000200090FFE70098C7
:109B4000013000900098B0F1706F04D9FFE7032056
:109B50008DF80B0024E0FFE701980069C00F002892
:109B6000EDD0FFE700200090019910200861FFE789
:109B70000098013000900098B0F1706F04D9FFE7B1
:109B800003208DF80B000BE0FFE70198006900F05F
:109B900010001028ECD0FFE700208DF80B00FFE745
:109BA0009DF80B0003B0704784B002900191002033
:109BB0000090FFE70098013000900098B0F1706FBE
:109BC00004D9FFE703208DF80F0026E0FFE7029895
:109BD0000069C00F0028EDD0FFE700200090019839
:109BE0008001203002990861FFE700980130009061
:109BF0000098B0F1706F04D9FFE703208DF80F00D3
:109C00000BE0FFE70298006900F020002028ECD06C
:109C1000FFE700208DF80F00FFE79DF80F0004B06C
:109C20007047000084B00390039802900298D0F827
:109C3000080800F006000090009820B9FFE7002017
:109C40008DF8070010E00098022804D0FFE7009884
:109C5000062804D1FFE702208DF8070003E00F205B
:109C60008DF80700FFE7FFE79DF8070004B0704795
:109C700081B000900098406900F0010001B0704789
:109C800083B00290029801900198D0F818080090D3
:109C90000198D0F81C18009808400090BDF800000A
:109CA00003B0704783B00290029801900198D0F8F9
:109CB000180800900198D0F81C18009808400090EF
:109CC000BDF8020003B0704786B005908DF8131000
:109CD000059803900398D0F8100801900398D0F8E5
:109CE0003408009000989DF8131001F00F01C8404F
:109CF00000F00101019840EAC110019003989DF81D
:109D0000131000EB4110D0F80809019908400290A7
:109D1000029806B07047000084B003908DF80B10D5
:109D20000398019001989DF80B1000EB4110D0F8BA
:109D3000080B00900198D0F8141800980840009083
:109D4000009804B07047000082B00190019840690B
:109D5000009001988169009808400090009802B036
:109D60007047000089B008900791ADF81A20089854
:109D7000059007980490BDF81A0080080190BDF87E
:109D80001A0000F00300ADF8020000200290FFE787
:109D900002980199884217D2FFE705984FF4805145
:109DA00040580499086004980130049004980130E8
:109DB0000490049801300490049801300490FFE767
:109DC000029801300290E3E7BDF8020008B3FFE714
:109DD0000020029005984FF4805140580390FFE70F
:109DE00003989DF80810C900C840049908700298AB
:109DF00001300290049801300490BDF8020001384F
:109E0000ADF80200FFE7BDF802000028E8D1FFE747
:109E1000FFE7049809B0704780B586B004908DF8CC
:109E20000F10002002900499C86820F0C040C8605C
:109E30009DF80F00012823D1FFE70499C86840F07E
:109E40000050C860FFE70A20F9F792F902980A303B
:109E50000290FFE70498FFF70BFF0146002001295D
:109E6000019007D0FFE702990020C82938BF0120E0
:109E70000190FFE70198C0070028E4D1FFE72AE03E
:109E80009DF80F0010BBFFE70499C86840F08040C0
:109E9000C860FFE70A20F9F76BF902980A300290D0
:109EA000FFE70498FFF7E4FE01460020009039B177
:109EB000FFE702990020C82938BF01200090FFE782
:109EC0000098C0070028E5D1FFE703E001208DF8E6
:109ED00017000CE0FFE70298C82804D1FFE7012033
:109EE0008DF8170003E000208DF81700FFE79DF8BC
:109EF000170006B080BD000083B002908DF80710F7
:109F0000029800909DF807200099D1F800081043AE
:109F1000C1F80008002003B07047000084B003902F
:109F200002918DF807209DF80700022840F0B880C4
:109F3000FFE702984AF6C041C0F2D80188420BD32D
:109F4000FFE702984EF2BF11C0F2E401884203D845
:109F5000FFE70F200090A2E002984EF2C011C0F27D
:109F6000E40188420BD3FFE7029842F2FF31C0F2CE
:109F7000F401884203D8FFE70E2000908EE002989B
:109F800042F20041C0F2F40188420BD3FFE702988D
:109F900047F27F31C0F20611884203D8FFE70D2057
:109FA00000907AE0029847F28031C0F206118842B0
:109FB0000BD3FFE7029844F69F11C0F21A118842B2
:109FC00003D8FFE70C20009066E0029844F6A01149
:109FD000C0F21A1188420BD3FFE7029842F6FF4104
:109FE000C0F23111884203D8FFE70B20009052E005
:109FF000029842F60051C0F2311188420BD3FFE7BC
:10A0000002984AF23F41C0F24C11884203D8FFE760
:10A010000A2000903EE002984AF24041C0F24C1102
:10A0200088420BD3FFE7029843F2FF51C0F26E1152
:10A03000884203D8FFE7092000902AE0029843F203
:10A040000061C0F26E1188420BD3FFE702984AF616
:10A050001F31C0F2A611884203D8FFE70820009004
:10A0600016E002984AF62031C0F2A61188420BD3BE
:10A07000FFE7029844F2FF71C0F2E811884203D86A
:10A08000FFE70720009002E006200090FFE7FFE7CF
:10A09000FFE7FFE7FFE7FFE7FFE7FFE7FFE70AE08C
:10A0A0009DF8070018B9FFE70920009002E0092099
:10A0B0000090FFE7FFE70399C86820F47050C8607C
:10A0C000009800F00F020399C86840EA8220C86037
:10A0D000002004B07047000080B588B084460A981C
:10A0E000CDF81CC006918DF81720ADF814308DF80E
:10A0F000130007980390069802909DF8130048BB40
:10A10000FFE7BDF8140003308008019000200090A4
:10A11000FFE70098019988421BD2FFE70298006888
:10A1200003999DF8172001EB02314FF480528850BB
:10A13000029801300290029801300290029801309A
:10A140000290029801300290FFE7009801300090E1
:10A15000DFE7FFE7002008B080BD000080B584B0D5
:10A1600003908DF80B1001929DF80B0008B9FFE7E2
:10A1700045E000208DF80300FFE79DF803009DF8FF
:10A180000B1088423BDAFFE70398006801999DF8BD
:10A19000032051F82210498D884229D1FFE7019808
:10A1A0009DF8031050F82100D0F83500F8B1FFE712
:10A1B0000398006901999DF8032051F8221081F855
:10A1C000340001989DF8031050F8212002F12C0072
:10A1D00003991C3192F83420F6F7F4F801989DF8B1
:10A1E000031050F82100D0F835108847FFE706E04B
:10A1F000FFE79DF8030001308DF80300BDE704B0D0
:10A2000080BD000080B582B00190019808B9FFE7D9
:10A21000FDE041F2BC60C2F20000006850B1FFE70F
:10A22000019841F2BC61C2F200010968884201D183
:10A23000FFE7A2E041F2C460C2F20000006850B142
:10A24000FFE7019841F2C461C2F200010968884247
:10A2500001D1FFE790E041F2D060C2F20000006857
:10A2600050B1FFE7019841F2D061C2F200010968E4
:10A27000884201D1FFE77EE041F2C060C2F20000F7
:10A28000006850B1FFE7019841F2C061C2F20001DD
:10A290000968884201D1FFE76CE041F2C860C2F270
:10A2A0000000006850B1FFE7019841F2C861C2F2B6
:10A2B00000010968884201D1FFE75AE041F2CC6011
:10A2C000C2F20000006850B1FFE7019841F2CC6192
:10A2D000C2F200010968884201D1FFE748E041F27B
:10A2E000D460C2F20000006850B1FFE7019841F26B
:10A2F000D461C2F200010968884201D1FFE736E06B
:10A3000041F2D860C2F20000006850B1FFE7019846
:10A3100041F2D861C2F200010968884201D1FFE729
:10A3200024E041F2DC60C2F20000006850B1FFE7B7
:10A33000019841F2DC61C2F200010968884201D152
:10A34000FFE712E041F2B860C2F20000006850B1CD
:10A35000FFE7019841F2B861C2F200010968884242
:10A3600001D1FFE700E052E0FFE7FFE7FFE7FFE78B
:10A37000FFE7FFE7FFE7FFE7FFE700208DF80300B7
:10A38000FFE79DF8030041F2D451C2F200010978C1
:10A3900088423CDAFFE79DF8031041F2E060C2F228
:10A3A000000050F8210000680199884228D1FFE799
:10A3B0009DF8031041F2E060C2F2000050F8210065
:10A3C000D0F86D0060B1FFE79DF8031041F2E06046
:10A3D000C2F2000050F82100D0F86D108847FFE766
:10A3E00001989DF8032041F2E061C2F2000151F8AA
:10A3F000222002F13601B2F86820FCF781FA06E06B
:10A40000FFE79DF8030001308DF80300B9E702B0C3
:10A4100080BD0000FFE7FEE780B582B040F2086033
:10A42000C2F2000001900198A821F6F732F80199D4
:10A43000032008610199486101984DF69F31C0F6EB
:10A4400000018161019A40F2C060C2F20000D06157
:10A45000019A4FF480601062019A00209062019A84
:10A460005062019AD062019A1166019A40F2B0617D
:10A47000C2F200015166019A1021916601990867A4
:10A480000199C86601994867BFF35F8F0090FFE7A5
:10A4900000980F280ED8FFE7009A4DF64030C0F61E
:10A4A0000000801AC07B01998854FFE700980130B2
:10A4B0000090EDE7BFF35F8F02B080BD84B00390E2
:10A4C0000398006902900398C0680190029801996E
:10A4D000884209D8FFE7039881680198C04308447F
:10A4E00002990844009005E002990198C04308448D
:10A4F0000090FFE7009804B07047000010B58CB0E2
:10A50000DDF83CC0DDF838C00B900A910992089341
:10A510000A98B0F1FF3F04DCFFE70A98404205903B
:10A5200002E00A980590FFE7059806900120079041
:10A53000FFE706980999884209DBFFE70698099921
:10A5400090FBF1F00690079801300790F1E708982A
:10A550000799884203D9FFE708980790FFE70E980C
:10A5600070B1FFE70A98002806D4FFE79DF83C0089
:10A570004007002804D5FFE70E9801380E90FFE74A
:10A580009DF83C008007002803D5FFE7089858B3E2
:10A59000FFE79DF83C00C00730BBFFE70E9810B303
:10A5A000FFE7FFE70E990020049041B1FFE707990C
:10A5B0000E9A0020914238BF01200490FFE70498D2
:10A5C000C00778B1FFE70E9801380E900B98202154
:10A5D00000F050F90B98C068B0F1FF3F01DCFFE7D5
:10A5E00000E0DFE7FFE7FFE70B98C068002869D4C9
:10A5F000FFE70A98B0F1FF3F08DCFFE70A98404206
:10A600000A900B982D2100F035F90CE09DF83C00E4
:10A610004007002805D5FFE70B982B2100F02AF909
:10A6200000E0FFE7FFE70B98C068002849D4FFE788
:10A630009DF83C00800700282ED5FFE79DF83C00E0
:10A64000C00748BBFFE7089830BBFFE70E9810B380
:10A65000FFE7FFE70E990020039041B1FFE707995C
:10A660000E9A0020914238BF01200390FFE7039823
:10A67000C00778B1FFE70E9801380E900B98302193
:10A6800000F0F8F80B98C068B0F1FF3F01DCFFE77D
:10A6900000E0DFE7FFE7FFE70B98C06800280FD472
:10A6A000FFE70B980A99099A089BDDF838C00F9CC0
:10A6B000EE46CEF80440CEF800C000F005F8FFE703
:10A6C000FFE7FFE70CB010BD80B58CB0DDF83CC0F3
:10A6D000DDF838C00B900A91099208930A9805900A
:10A6E000012006900490FFE705980999884209D354
:10A6F000FFE705980999B0FBF1F005900498013047
:10A700000490F1E708980499884203D9FFE7089874
:10A710000490FFE79DF83C00C007C0BBFFE70E9820
:10A72000A0B3FFE79DF83C008007002807D5FFE7AE
:10A73000089820B9FFE730208DF80F0003E02020B3
:10A740008DF80F00FFE7FFE70E990020029041B15E
:10A75000FFE704990E9A0020914238BF0120029031
:10A76000FFE70298C00780B1FFE70E9801380E900E
:10A770000B989DF80F1000F07DF80B98C068B0F1B1
:10A78000FF3F01DCFFE700E0DEE7FFE7FFE70B98B4
:10A79000C06800286CD4FFE7FFE70898022804D3BC
:10A7A000FFE70898013808900BE00A980699B0FB7B
:10A7B000F1F0079007980999884201D2FFE705E078
:10A7C000FFE70999069848430690E6E7FFE70A98ED
:10A7D0000699B0FBF1F00790079806990A9A00FBDA
:10A7E00011200A900B98079A4DF65131C0F60001DE
:10A7F000895C00F03FF80B98C068B0F1FF3F01DCC6
:10A80000FFE709E009990698B0FBF1F00690FFE731
:10A8100006980028DBD1FFE79DF83C00C00730B365
:10A82000FFE70E9810B3FFE7FFE70E9900200190B5
:10A8300041B1FFE704990E9A0020914238BF0120F0
:10A840000190FFE70198C00778B1FFE70E98013843
:10A850000E900B98202100F00DF80B98C068B0F115
:10A86000FF3F01DCFFE700E0DFE7FFE7FFE7FFE78F
:10A870000CB080BD80B584B003908DF80B100398A8
:10A8800080680190019801300399496888420FD887
:10A89000FFE79DF80B0003990968019A8854019815
:10A8A0000130039988600399C8680130C860FFE7E8
:10A8B000039841688068884215D1FFE703980168D2
:10A8C00082680069FDF798FD03998968884205D080
:10A8D000FFE703994FF0FF30C86003E003990020C1
:10A8E0008860FFE7FFE704B080BD000080B58AB054
:10A8F000099008910792002005900998C06803907C
:10A90000FFE709980069049004980399884206D9E2
:10A91000FFE704990398C0430844069008E00998AB
:10A9200081680398049A801AC04308440690FFE7A0
:10A93000069809998968039A891A884203D2FFE721
:10A940000698019005E0099880680399401A0190E3
:10A95000FFE70198069006980799884203D2FFE71F
:10A960000698009002E007980090FFE70098069094
:10A970000998406803990844029002980899069A39
:10A98000F5F720FD06990598084405900699089862
:10A990000844089006990798401A0790069903986A
:10A9A00008440390039809998968884203D1FFE716
:10A9B00000200390FFE7BFF35F8F03980999C860F9
:10A9C000FFE7079800289CD1FFE705980AB080BDF3
:10A9D00080B588B00790069105920798C0680390EB
:10A9E000079880680399401A029002980599884256
:10A9F00012D9FFE70798406803990844019001982D
:10AA00000699059AF5F7DEFCBFF35F8F0398059969
:10AA100008440799C8601FE00298049007984068AE
:10AA200003990844019001980699049AF5F7CAFC25
:10AA300005980299401A049007984068019001987F
:10AA40000699029A1144049AF5F7BCFCBFF35F8F94
:10AA500004980799C860FFE708B080BD81B08DF801
:10AA600003009DF9030000280ED4FFE79DF90310B1
:10AA700001F01F02012090404A094EF20011CEF26F
:10AA8000000141F82200FFE701B070474EF60C507C
:10AA9000CEF200000068C0F30220704782B08DF84B
:10AAA000070000919DF9070000280AD4FFE70098ED
:10AAB00000019DF907104EF20042CEF200028854C8
:10AAC0000BE0009800019DF8071001F00F014EF611
:10AAD0001452CEF200028854FFE702B07047000023
:10AAE00083B00290029800F0070000904EF60C51DF
:10AAF000CEF200010868019001984FF6FF02104065
:10AB000001900198009A40EA02200022C0F2FA5215
:10AB1000104301900198086003B0704700000000E6
:10AB200080B586B00590059868B9FFE741F2A86145
:10AB3000C2F200010020088048808880C880087226
:10AB40004872C860F7E0059991F82C0091F82D1033
:10AB500001F0070140EA0120ADF81200059991F8D3
:10AB60002D0091F82E10C00801F03F0140EA41107D
:10AB7000ADF81000059991F82E0091F82F2091F86A
:10AB80003010800940EA820001F0010140EA812092
:10AB9000ADF80E00059991F8300091F83110400899
:10ABA00001F00F0140EAC110ADF80C00059890F8D3
:10ABB000310000F03001012000EB11118DF80B1075
:10ABC000059991F8311000EB91108DF80A00BDF84D
:10ABD0001200A0F5257041F2A861C2F200010191B6
:10ABE0000880BDF81000A0F525704880BDF80E0063
:10ABF000A0F525708880BDF80C00A0F52570C880F0
:10AC00009DF80B0008729DF80A004872059890F8AC
:10AC100032008DF809009DF8090000EE100AB8EE28
:10AC2000400A10EE100A02F01BFE41EC100B9FEDE3
:10AC3000441B53EC112B51EC100B02F019FC41ECAE
:10AC4000100B51EC100B9FED400B53EC102B02F04E
:10AC5000F1F841EC100B51EC100B02F0B9F8014681
:10AC60000198C160B0F90000B0F5257F0ADCFFE76C
:10AC700041F2A860C2F20000B0F9000010F5257F93
:10AC800007DAFFE741F2A861C2F200010020088064
:10AC9000FFE741F2A860C2F20000B0F90200B0F58F
:10ACA000257F0ADCFFE741F2A860C2F20000B0F99C
:10ACB000020010F5257F07DAFFE741F2A861C2F232
:10ACC000000100204880FFE741F2A860C2F20000C6
:10ACD000B0F90400B0F5257F0ADCFFE741F2A86077
:10ACE000C2F20000B0F9040010F5257F07DAFFE793
:10ACF00041F2A861C2F2000100208880FFE741F222
:10AD0000A860C2F20000B0F90600B0F5257F0ADCA9
:10AD1000FFE741F2A860C2F20000B0F9060010F5AA
:10AD2000257F07DAFFE741F2A861C2F200010020A7
:10AD3000C880FFE7FFE706B080BD00BF00BF00BFCF
:10AD400014FCCE8A363BA93F182D4454FB2119C070
:10AD500086B08DED050ACDED040A8DED031A029043
:10AD60009DED030A9DED041A30EE410A8DED010AB6
:10AD7000049800909DED050A9DED001A30EE410A01
:10AD8000029901208840013801EE100AB8EEC11A7C
:10AD900020EE010A9DED011A80EE010ABDEEC00A07
:10ADA00010EE100A06B0704780B582B00020019006
:10ADB000F8F7F0FDFDF7BCFDFBF7EAFEFBF73CFE04
:10ADC000FBF7D8FDFCF7B2F9FCF75CF8FCF784F868
:10ADD000FCF734F8FBF7F6FDFCF788F9FCF7B2F85E
:10ADE000FBF718FEFCF792F8FCF7E4F9FCF73AF9E8
:10ADF000FCF7C0F9FBF788FE00F02AF8FFE7FEE752
:10AE000082B0ADF8060000200090BDF9060084284D
:10AE100007D0FFE7BDF90600009908440330009011
:10AE2000FFE7009802B0704780B584B003900398A4
:10AE30000290029818B1FFE70298019002E0012009
:10AE40000190FFE7019800F0B1FE002004B080BD42
:10AE500080B500F0E3FE002080BD0000B0B590B0EA
:10AE60000E900D910E98406938B3FFE70E988069F7
:10AE700018B3FFE70E980168089141680B910169CA
:10AE800009910D990A91B0F90800FFF7B9FF0899E7
:10AE9000099A0A9B84460B98DDF838E0DEF81440E6
:10AEA000DEF81850EE46CEF80850CEF80440CEF842
:10AEB00000C001F07FF80C9020E00E98016804912A
:10AEC00041680791018A05910D990691B0F9080032
:10AED000FFF796FF0499059A069B84460798EE466D
:10AEE0000CACCEF80440CEF800C001F013F80128F5
:10AEF00003D0FFE700200F9003E0FFE70C980F90CE
:10AF0000FFE70F9810B0B0BD80B584B003900291F8
:10AF100045F2FC50C2F200000068009041F2086067
:10AF2000C2F200000068043000F0ACFC88B9FFE712
:10AF300041F20860C2F200000068C16A012000FA14
:10AF400001F245F21031C2F2000108689043086036
:10AF500000E0FFE70398013080B9FFE7029868B18D
:10AF6000FFE741F20860C2F200000068011D45F2EF
:10AF7000D450C2F2000000F015FD3DE000980399A6
:10AF800008440190019841F20861C2F20001096889
:10AF900048600198009988420ED2FFE741F21460A0
:10AFA000C2F20000006841F20861C2F200010968C3
:10AFB000043100F0C1FC1EE041F20C60C2F200005E
:10AFC000006841F20861C2F200010968043100F032
:10AFD000B3FC019845F2A051C2F200010968884211
:10AFE00007D2FFE7019845F2A051C2F200010860C4
:10AFF00000E0FFE7FFE7FFE704B080BD80B582B067
:10B00000019000F0F7FC45F20031C2F2000108683F
:10B010000130086041F20860C2F20000006898B98F
:10B02000FFE7019841F20861C2F20001086045F2B1
:10B030000030C2F200000068012803D1FFE700F0F1
:10B04000C7F900E0FFE71CE045F2C850C2F200007B
:10B050000068A0B9FFE741F20860C2F20000006892
:10B06000C06A0199C96A884207D8FFE7019841F28E
:10B070000861C2F20001086000E0FFE700E0FFE7BE
:10B08000FFE745F20C31C2F20001086801300860A8
:10B090000198C16A012000FA01F245F21031C2F2B2
:10B0A00000010868104308600199C86A00EB80023B
:10B0B00041F21860C2F2000000EB8200043100F09F
:10B0C00071FC00F0C3FC45F2C850C2F200000068F9
:10B0D000C8B1FFE741F20860C2F200000068C06A30
:10B0E0000199C96A88420CD2FFE74EF60451CEF2AC
:10B0F00000014FF080500860BFF34F8FBFF36F8F98
:10B1000000E0FFE700E0FFE702B080BD80B582B05D
:10B11000FFE745F20430C2F20000006808B3FFE721
:10B1200000F068FC45F2E850C2F20000C068C06858
:10B1300001900198043000F0A5FB45F20031C2F205
:10B14000000108680138086045F20431C2F20001CC
:10B1500008680138086000F079FC019800F004F8F4
:10B16000D7E702B080BD000080B582B000900098A3
:10B1700090F8510040B9FFE70098006B00F08CFC9C
:10B18000009800F089FC1CE0009890F8510001281C
:10B1900004D1FFE7009800F07FFC11E0009890F8E0
:10B1A000510002280BD0FFE74FF0500080F31188C8
:10B1B000BFF36F8FBFF34F8F0190FFE7FEE7FFE70D
:10B1C000FFE702B080BD000084B04FF470500090E3
:10B1D00041F2F460C2F2000001909DF804004007C3
:10B1E00088B1FFE7019807300190019820F007002F
:10B1F0000190019A41F2F461C2F200010098891AAB
:10B2000008440090FFE701980290029945F2CC5063
:10B21000C2F200000160002141600298009A1044CF
:10B220000190019808380190019820F007000190E2
:10B23000019A41F21060C2F200000260026851609F
:10B2400002681160029903910199039A891A516069
:10B250000068039908600398406845F29C51C2F267
:10B26000000108600398406845F24031C2F20001D5
:10B27000086045F21431C2F200014FF0004008604E
:10B2800004B0704780B582B00190FFE7FFF73EFF42
:10B2900041F21860C2F20000006802280CD3FFE7F8
:10B2A0004EF60451CEF200014FF080500860BFF31B
:10B2B0004F8FBFF36F8F00E0FFE7E7E780B588B0FF
:10B2C000DDF834C0DDF830C0DDF82CC0DDF828C072
:10B2D00006900591049203930C98006B049900EB7F
:10B2E000810004380290029820F0070002909DF837
:10B2F0000800400758B1FFE74FF0500080F3118875
:10B30000BFF36F8FBFF34F8F0790FFE7FEE70598FE
:10B31000F8B1FFE700200190FFE701980F2813D84C
:10B32000FFE70598019A805C0C99114481F834007C
:10B3300005980199405C08B9FFE705E0FFE7FFE7E2
:10B34000019801300190E8E70C99002081F8430052
:10B3500004E00C99002081F83400FFE70A980728E0
:10B3600003D3FFE706200A9000E0FFE70A980C9954
:10B37000C8620A980C9948640C990020009088646F
:10B380000C98043000F0D0FA0C98183000F0CCFA89
:10B3900000980C9909610A99C1F107010C9A916111
:10B3A0000C9949620C99C8640C9981F85000029874
:10B3B0000699039A00F00CFA0C9908600B9820B1DA
:10B3C000FFE70C980B99086000E0FFE708B080BD2C
:10B3D00080B584B000200390FFE70398062810D8BA
:10B3E000FFE7039800EB800141F21860C2F2000011
:10B3F00000EB810000F080FAFFE703980130039032
:10B40000EBE745F21830C2F20000019000F074FA48
:10B4100045F22C30C2F20000029000F06DFA45F2C5
:10B42000B450C2F2000000F067FA45F2E850C2F2F0
:10B43000000000F061FA45F2D450C2F2000000F0C2
:10B440005BFA0199029841F20C62C2F200021160AB
:10B4500041F21461C2F20001086004B080BD000036
:10B4600083B0029045F2CC50C2F200000190FFE799
:10B47000019800680299884205D2FFE7FFE701982A
:10B4800000680190F4E701980090009801994968DC
:10B4900008440299884209D1FFE70298426801995D
:10B4A0004868104448600198029000E0FFE7029865
:10B4B00000900098029949680844019909688842F7
:10B4C00020D1FFE70198006841F21061C2F200014B
:10B4D000096888420DD0FFE7019800684268029928
:10B4E0004868104448600198006800680299086044
:10B4F00007E041F21060C2F20000006802990860A3
:10B50000FFE704E00198006802990860FFE70198EE
:10B510000299884204D0FFE702980199086000E090
:10B52000FFE703B07047000008480068006880F338
:10B5300008884FF0000080F3148862B661B6BFF34C
:10B540004F8FBFF36F8F00DF00BF000008ED00E0FA
:10B5500081B041F20C60C2F200000068006840B99E
:10B56000FFE745F2A051C2F200014FF0FF30086042
:10B570000FE041F20C60C2F200000068C068C068D1
:10B5800000900098406845F2A051C2F200010860A6
:10B59000FFE701B07047000083B00020009040F248
:10B5A000BC40C2F200000068013058B1FFE74FF024
:10B5B000500080F31188BFF36F8FBFF34F8F02905D
:10B5C000FFE7FEE74FF0500080F31188BFF36F8F65
:10B5D000BFF34F8F0190FFE7009808B9FFE7FBE743
:10B5E00003B0704780B58AB006900020029000F04A
:10B5F0007DFB41F21060C2F20000006818B9FFE75D
:10B60000FFF7E2FD00E0FFE7069845F21431C2F2D1
:10B6100000010968084240F0C580FFE7069800B3C2
:10B62000FFE70698083006909DF818004007B0B173
:10B63000FFE7069820F00700083006909DF81800F4
:10B64000400758B1FFE74FF0500080F31188BFF377
:10B650006F8FBFF34F8F0990FFE7FEE700E0FFE732
:10B6600000E0FFE70698002800F09A80FFE70698C0
:10B6700045F24031C2F200010968884200F2908030
:10B68000FFE745F2CC50C2F200000490006805903C
:10B69000FFE705984168069A00209142019007D281
:10B6A000FFE705980068002818BF01200190FFE718
:10B6B0000198C00730B1FFE705980490059800682D
:10B6C0000590E6E7059841F21061C2F200010968B1
:10B6D000884263D0FFE7049800680830029005981C
:10B6E000006804990860059840680699401A112876
:10B6F00021D3FFE705980699084403909DF80C00B4
:10B70000400758B1FFE74FF0500080F31188BFF3B6
:10B710006F8FBFF34F8F0890FFE7FEE705984068F3
:10B720000699401A0399486006980599486003985D
:10B73000FFF796FE00E0FFE70598426845F24030CB
:10B74000C2F200000168891A0160006845F29C514C
:10B75000C2F20001096888420BD2FFE745F240308F
:10B76000C2F20000006845F29C51C2F2000108607C
:10B7700000E0FFE745F21430C2F2000002680599CC
:10B7800048681043486005990020086045F2A851B8
:10B79000C2F2000108680130086000E0FFE700E045
:10B7A000FFE700E0FFE700F049FD9DF808004007D3
:10B7B00058B1FFE74FF0500080F31188BFF36F8F4F
:10B7C000BFF34F8F0790FFE7FEE702980AB080BDF6
:10B7D00083B002900191009202980438029002997D
:10B7E0004FF080700860029804380290019820F0B1
:10B7F00001000299086002980438029002994BF205
:10B800009950C0F600000860029814380290009821
:10B810000299086002980438029002996FF00200C1
:10B820000860029820380290029803B07047000028
:10B8300086B005908DED040ACDED030A02919DEDD1
:10B84000030A9DED041A30EE410A8DED010A0498B9
:10B8500000909DED050AB8EEC00A9DED011A20EE9C
:10B86000010A029901208840013801EE100AB8EE61
:10B87000C11A80EE010A9DED001A30EE010A06B0F1
:10B880007047000082B00190019800690090019813
:10B8900041688068886001994868896848600098B4
:10B8A00040680199884205D1FFE7019880680099B6
:10B8B000486000E0FFE701990020086100990868EE
:10B8C000013808600098006802B0704783B00290A9
:10B8D00001910092029945F24850C2F200000860BE
:10B8E000019945F24430C2F20000086000998020BE
:10B8F000086003B07047000081B00090009901F12A
:10B900000800486000994FF0FF308860009901F10D
:10B910000800C860009901F1080008610099002042
:10B92000086001B07047000081B0009000990020CD
:10B93000086101B07047000084B003900291029842
:10B94000006800900098013020B9FFE70398006973
:10B95000019010E0039808300190FFE701984068DB
:10B9600000680099884205D8FFE7FFE70198406822
:10B970000190F3E7FFE70198406802994860029858
:10B98000416888600198029988600298019948602E
:10B99000039802990861039908680130086004B0AF
:10B9A0007047000083B002900191029840680090B7
:10B9B0000098019948600098806801998860019812
:10B9C00000998968486001980099886002980199F7
:10B9D0000861029908680130086003B070470000F0
:10B9E000DFF80C00016841F470010160704700004D
:10B9F00088ED00E082B04FF0500080F31188BFF373
:10BA00006F8FBFF34F8F019040F2BC40C2F2000035
:10BA10000168013101600068012814D1FFE74EF68A
:10BA20000450CEF200000068000658B1FFE74FF066
:10BA3000500080F31188BFF36F8FBFF34F8F0090DA
:10BA4000FFE7FEE7FFE702B07047000082B040F278
:10BA5000BC40C2F20000006858B9FFE74FF0500048
:10BA600080F31188BFF36F8FBFF34F8F0090FFE714
:10BA7000FEE740F2BC40C2F20000016801390160FB
:10BA8000006830B9FFE700200190019880F3118829
:10BA9000FFE702B07047000080B586B003900398BE
:10BAA0000290039800285CD0FFE7029808380290C3
:10BAB000029801900198406845F21431C2F20001E9
:10BAC000096808420BD1FFE74FF0500080F311885E
:10BAD000BFF36F8FBFF34F8F0590FFE7FEE701982D
:10BAE000006858B1FFE74FF0500080F31188BFF3B2
:10BAF0006F8FBFF34F8F0490FFE7FEE70198406818
:10BB000045F21431C2F200010968084227D0FFE76C
:10BB10000198006808BBFFE745F21430C2F200004C
:10BB20000268019948689043486000F0DFF8019886
:10BB3000426845F24031C2F20001086810440860D2
:10BB40000198FFF78DFC45F2AC51C2F20001086884
:10BB50000130086000F072FB00E0FFE700E0FFE763
:10BB6000FFE706B080BD00004EF21001CEF20001EA
:10BB7000002008604EF21802CEF20002106040F27F
:10BB8000EC30C2F20000006844F6D352C1F2620207
:10BB9000A0FB02024FF0FF3000EB92104EF21402B5
:10BBA000CEF20002106007200860704780B584B0B4
:10BBB0000290002001900298E0B1FFE745F20830C2
:10BBC000C2F20000006858B1FFE74FF0500080F368
:10BBD0001188BFF36F8FBFF34F8F0390FFE7FEE72E
:10BBE00000F084F802980021FFF78EF900F026FBA0
:10BBF000019000E0FFE7019860B9FFE74EF60451BD
:10BC0000CEF200014FF080500860BFF34F8FBFF3BA
:10BC10006F8F00E0FFE704B080BD000080B58AB000
:10BC2000002003900690059006A805A904AAFFF736
:10BC30004DFE039B049A0599DDF818C06846C0F8CC
:10BC400008C0416003604BF28520C0F600004DF64D
:10BC50007A31C0F6000100F0ADF9014645F24450DA
:10BC6000C2F200000160006818B1FFE701200790F0
:10BC700002E000200790FFE70798012823D1FFE7A3
:10BC80004FF0500080F31188BFF36F8FBFF34F8FD9
:10BC9000099045F2A051C2F200014FF0FF30086058
:10BCA00045F2C851C2F200010120086045F2FC5182
:10BCB000C2F200010020086000F080F808B1FFE740
:10BCC00000E0FFE70FE00798013058B9FFE74FF0B9
:10BCD000500080F31188BFF36F8FBFF34F8F089030
:10BCE000FFE7FEE7FFE70AB080BD000045F208313C
:10BCF000C2F20001086801300860704785B045F263
:10BD00000830C2F20000006838B1FFE745F2006178
:10BD1000C2F20001012008604DE045F20061C2F26C
:10BD200000010020086045F21030C2F200000068F7
:10BD300004900498B0FA80F08DF80F009DF80F0081
:10BD4000C0F11F000190019800EB800141F21860E2
:10BD5000C2F2000050F8210058B9FFE74FF0500040
:10BD600080F31188BFF36F8FBFF34F8F0290FFE70F
:10BD7000FEE7019800EB800141F21860C2F200007A
:10BD800000EB810000900099486840684860009985
:10BD900048680831884205D1FFE700994868406843
:10BDA0004860FFE700984068C06841F20861C2F24D
:10BDB00000010860FFE705B07047000080B588B05B
:10BDC0004EF60050CEF2000000684CF27121C4F231
:10BDD0000F1188420BD1FFE74FF0500080F311881C
:10BDE000BFF36F8FBFF34F8F0790FFE7FEE74EF66D
:10BDF0000050CEF2000000684CF27021C4F20F1126
:10BE000088420BD1FFE74FF0500080F31188BFF359
:10BE10006F8FBFF34F8F0690FFE7FEE74EF20040B3
:10BE2000CEF20000039001780491FF2101700078A8
:10BE30008DF80B009DF80B0000F0500045F2F42146
:10BE4000C2F20001087045F2F821C2F20001072099
:10BE50000860FFE79DF80B00000600280DD5FFE7FE
:10BE600045F2F821C2F200010868013808609DF827
:10BE70000B0040008DF80B00ECE745F2F820C2F211
:10BE80000000006803280BD0FFE74FF0500080F35C
:10BE90001188BFF36F8FBFF34F8F0590FFE7FEE769
:10BEA00045F2F821C2F20001086800020860086843
:10BEB00000F4E060086004984EF20041CEF2000108
:10BEC00008704EF62051CEF20001086840F4700070
:10BED0000860086840F070400860FFF745FE40F2D7
:10BEE000BC41C2F20001002001900860FFF778FD1C
:10BEF0004EF63471CEF20001086840F04040086010
:10BF0000FFF712FBFFF7FAFEFFF746FB019808B0B8
:10BF100080BD000070B58CB0DDF844C0DDF840C0D5
:10BF20000B900A91ADF826200893BDF826008000FA
:10BF3000FFF758FB0590059880B1FFE75420FFF705
:10BF400051FB0790079820B1FFE705980799086310
:10BF500003E00598FFF7A0FDFFE702E0002007904F
:10BF6000FFE70798F0B1FFE70798002680F85160D7
:10BF70000B980A99BDF82620089BDDF840C0119C5B
:10BF8000079DEE46CEF80C60CEF80850CEF804407F
:10BF9000CEF800C0FFF792F90798FFF72FF80120BD
:10BFA000069003E04FF0FF300690FFE706980CB0D4
:10BFB00070BD0000B0B58EB0DDF850C0DDF84CC0EB
:10BFC000DDF848C00A90099108920793139858B970
:10BFD000FFE74FF0500080F31188BFF36F8FBFF37E
:10BFE0004F8F0D90FFE7FEE7149858B9FFE74FF029
:10BFF000500080F31188BFF36F8FBFF34F8F0C9009
:10C00000FFE7FEE754200490049854280BD0FFE784
:10C010004FF0500080F31188BFF36F8FBFF34F8F45
:10C020000B90FFE7FEE70498149820B3FFE71398FE
:10C0300008B3FFE7149806901398069908630699C9
:10C04000022081F851000A980999089A079BDDF8A7
:10C0500048C0069CEE460025CEF80C50CEF80840AD
:10C0600005ACCEF80440CEF800C0FFF727F90698DB
:10C07000FEF7C4FF02E000200590FFE705980EB030
:10C08000B0BD000080B586B00020029045F20830B7
:10C09000C2F200000068002840F0C580FFE745F2CA
:10C0A000FC51C2F20001086801300190019808605B
:10C0B000019858BBFFE741F20C60C2F20000006833
:10C0C000006858B1FFE74FF0500080F31188BFF3CC
:10C0D0006F8FBFF34F8F0590FFE7FEE741F20C62D1
:10C0E000C2F200021068009041F21461C2F2000135
:10C0F000086810600098086045F2A451C2F200017F
:10C10000086801300860FFF723FA00E0FFE70198B4
:10C1100045F2A051C2F200010968884262D3FFE7EC
:10C12000FFE741F20C60C2F200000068006840B90D
:10C13000FFE745F2A051C2F200014FF0FF30086066
:10C140004FE041F20C60C2F200000068C068C068B5
:10C15000049004984068039001980399884207D29C
:10C16000FFE7039845F2A051C2F20001086038E0F1
:10C17000FFE704980430FFF785FB0498806A28B134
:10C18000FFE704981830FFF77DFB00E0FFE7049815
:10C19000C16A012000FA01F245F21031C2F2000139
:10C1A0000868104308600499C86A00EB800241F2F5
:10C1B0001860C2F2000000EB82000431FFF7F2FBCE
:10C1C0000498C06A41F20861C2F200010968C96AB4
:10C1D000884203D3FFE70120029000E0FFE7FFE77A
:10C1E0009FE7FFE741F20860C2F200000068C06A02
:10C1F00000EB800141F21860C2F2000050F821000B
:10C20000022803D3FFE70120029000E0FFE745F298
:10C210000060C2F20000006818B1FFE70120029040
:10C2200000E0FFE707E045F2B051C2F20001086804
:10C2300001300860FFE7029806B080BD80B584B089
:10C2400000200290019045F20830C2F20000006820
:10C2500058B9FFE74FF0500080F31188BFF36F8F9C
:10C26000BFF34F8F0390FFE7FEE7FFF7C3FB45F2F5
:10C270000830C2F20000016801390160006800283E
:10C2800040F09280FFE745F20030C2F20000006803
:10C29000002800F08880FFE7FFE745F2B450C2F2C3
:10C2A00000000068E0B3FFE745F2B450C2F20000BE
:10C2B000C068C068029002981830FFF7E3FA02984D
:10C2C0000430FFF7DFFA0298C16A012000FA01F298
:10C2D00045F21031C2F2000108681043086002996B
:10C2E000C86A00EB800241F21860C2F2000000EB65
:10C2F00082000431FFF756FB0298C06A41F20861E0
:10C30000C2F200010968C96A884207D3FFE745F213
:10C310000061C2F200010120086000E0FFE7BCE715
:10C32000029818B1FFE7FFF713F9FFE745F2B050A5
:10C33000C2F20000006800900098E0B1FFE7FFE75C
:10C34000FFF7A0FE38B1FFE745F20061C2F200013D
:10C350000120086000E0FFE7009801380090FFE747
:10C3600000980028ECD1FFE745F2B051C2F200017D
:10C370000020086000E0FFE745F20060C2F2000024
:10C38000006870B1FFE7012001904EF60451CEF233
:10C3900000014FF080500860BFF34F8FBFF36F8FE5
:10C3A00000E0FFE7FFE700E0FFE7FFF74FFB019842
:10C3B00004B080BD03B401984100009850EAC12048
:10C3C00018BF04204A0D18BF40F0010040F2FF7270
:10C3D000B2EB515F08BF40F00200012808BF052002
:10C3E00002B070470000000010B52F499FED2C1BD4
:10C3F0002DED020B84B0059820F000408842D8BF94
:10C400009DED040B2DDD2949884209D1049840B9DE
:10C410004FF00100F4F76CF800F0A2FC06B010BD7C
:10C4200005DB9DED040B00F08FFC06B010BD6846E7
:10C430009DED040B00F0A0F810F0030004BF9DED8B
:10C44000021B9DED000B0CD001280ED09DED021BB0
:10C450009DED000B022817D0012000F0DDFB06B097
:10C4600010BD00F0A5FA06B010BD9DED021B9DEDBC
:10C47000000B012000F0D0FB51EC100B00F09CFCF5
:10C4800006B041EC100B10BD00F092FA51EC100B0D
:10C4900000F092FC06B041EC100B10BD0000000053
:10C4A0000000000000000000FB21E93F0000F07FD9
:10C4B00010B52F499FED2C1B2DED020B84B0059874
:10C4C00020F000408842DCBF00209DED040B32DDEF
:10C4D0002849884209D1049840B94FF00100F4F787
:10C4E00007F800F03DFC06B010BD05DB9DED040B28
:10C4F00000F02AFC06B010BD68469DED040B00F06C
:10C500003BF810F0030011D0012818D09DED021B5C
:10C510009DED000B02281AD000F04AFA51EC100BE6
:10C5200000F04AFC06B041EC100B10BD9DED021B63
:10C530009DED000B012000F06FFB06B010BD9DEDDE
:10C54000021B9DED000B00F033FA06B010BD012078
:10C5500000F062FB51EC100B00F02EFC06B041EC39
:10C56000100B10BD000000000000000000000000E3
:10C57000FB21E93F0000F07F2DE9F14F04462DED4E
:10C58000020B2DED088B8AB09FEDE70B80ED020BBF
:10C59000139EE74826F0004585420ADC9DED120B0C
:10C5A000002084ED000B0AB0BDEC088B03B0BDE8A1
:10C5B000F08FE0489FEDE0AB9FEDE1BBA84247DD87
:10C5C000E14F9FEDE39B9FEDE48B9DED120B53EC50
:10C5D0001A2B51EC100B002E1CDD01F053F841EC2E
:10C5E000100BBD4208D053EC1B2B51EC100B01F08B
:10C5F00049F8C4E900010BE053EC192B51EC100B86
:10C6000001F040F853EC182B01F03CF8C4E90001AC
:10C610000120C8E700F00EFC41EC100BBD4208D031
:10C6200053EC1B2B51EC100B00F004FCC4E900018F
:10C630000BE053EC192B51EC100B00F0FBFB53EC0F
:10C64000182B00F0F7FBC4E900014FF0FF30AAE718
:10C65000C348A84279DB9DED120B51EC100B00F0A2
:10C660009FFB41EC180B9FEDC00B53EC102B00F01F
:10C67000FFFE9FEDBF1B53EC112B00F0DBFB00F026
:10C6800025FE074600F051FE41EC190B53EC1A2B26
:10C6900000F0EEFE53EC182B00F0E8FF41EC180B15
:10C6A00053EC1B2B51EC190B00F0E2FEDFF8C8A293
:10C6B00041EC100B4FEA15580125FA4453EC102BAE
:10C6C00051EC180B00F0DEFF032DC4E900013DD052
:10C6D000C1F30A5005EB4511A8EB00001139814266
:10C6E00034DA0AEB051BB0EE48AA9BED000BF0EE26
:10C6F00068AA53EC102B51EC190B00F0B9FE41EC79
:10C700001B0B51EC1A0B53EC1B2B00F0BBFF41EC45
:10C71000180B51EC1A0B53EC182B00F0B3FF53EC31
:10C720001B2B00F0AFFF9BED020B41EC1A0B53ECFF
:10C73000102B51EC190B00F09BFE53EC1A2B00F060
:10C74000A1FF41EC100B6D1CB8E70EE0002EA8BF56
:10C750003846BFF628AF94ED000B51EC100B00F0FB
:10C760002BFBC4E9000178421DE7C6F3130040F437
:10C77000801EC6F30A50A0F2F530471100F01F05E5
:10C78000C5F12000DDF848B0089000200690079021
:10C790000520EC467949002D07EB0002794408BFDB
:10C7A00051F8221009D051F8223001EB8201AB4040
:10C7B0004A68089922FA01F11943A1FB0E26A1FB50
:10C7C0000B131A449A4234BF0123002303EB0608DB
:10C7D0000CEB8003D3E901A60E448E4234BF012145
:10C7E000002192448A4411B1924502D903E0924556
:10C7F00001D2012100E00021C3E901A641444CF827
:10C800002010011EA0F10100C4DC029800F10050CC
:10C81000850F0298DDE903678000DDF8148000F0E1
:10C8200084FD41EC1A0B304600F096FD9FED541B41
:10C8300053EC112B00F01CFE41EC1B0B384600F0B2
:10C840008BFD9FED511B53EC112B00F011FE41ECC1
:10C85000180B404600F080FD9FED4D1B53EC112B53
:10C8600000F006FE41EC190B51EC180B53EC192BA0
:10C8700000F0E0FA53EC1B2B00F0DCFA53EC1A2B1F
:10C8800000F0D8FACDE90801002008909DED080BD2
:10C8900053EC1A2B51EC100B00F0F4FE53EC1B2B55
:10C8A00000F0F0FE53EC182B00F0ECFE53EC192BCB
:10C8B00000F0DCFE9FED381B53EC112B00F0D8FD8F
:10C8C0009FED370B41EC180B53EC102B9DED080B33
:10C8D00051EC100B00F0CCFD53EC182B00F0AAFA31
:10C8E0009FED310B41EC180B53EC102B9DED080B19
:10C8F00051EC100B00F0BCFD53EC182B00F09AFA31
:10C9000041EC100B139810F0004F06D06D4251EC23
:10C91000100B00F051FA41EC100B284684ED000B8F
:10C9200041E60000000000000000000000000000E0
:10C93000FB21E93F7CD9024000004054FB21F93F34
:10C940003163621A61B4D03DFB21F93F0000000061
:10C950000000601A61B4D03D7370032E8A19A33BA6
:10C96000FB2139410000000083C8C96D305FE43FFE
:10C97000000000000000E03F3213000080120000C1
:10C98000000000000000103E000000000000103C0D
:10C99000000000000000103A182D4454FB21F93D1E
:10C9A0003326A611460B113C00000054FB21F93D33
:10C9B00010B52DED040B2DED088B82B0B0EE419A31
:10C9C000F0EE619A0B9820F000449FED4BABB4F170
:10C9D000795F11DA9DED0A0B51EC100B00F076FC3B
:10C9E000002801BFB0EE4A0AF0EE6A0A02B0BDECC0
:10C9F000088B04BF04B010BD9DED0A0B53EC102B47
:10CA000051EC100B00F034FD41EC180B3C480621B2
:10CA1000B0EE480AF0EE680A784400F081F853EC72
:10CA2000182B51EC100B00F023FD9DED0A0B41EC8F
:10CA30001B0B53EC192B51EC100B00F019FD41ECC2
:10CA4000190B53EC1B2B51EC180B00F011FD53ECA0
:10CA5000192B00F017FE9FED2C0B41EC190B53EC3A
:10CA6000102B51EC180B00F003FD41EC100B284883
:10CA7000844210DA53EC192B51EC100B00F002FE3B
:10CA800053EC1A2B00F0F2FD41EC100B02B0BDECA0
:10CA9000088B04B010BD1F48A042BCBF9FED1E1BF9
:10CAA0008DED001B06DBA4F5001001900020009026
:10CAB0009DED001B51EC100B53EC112B00F0E2FD2F
:10CAC0009DED000B41EC180B53EC102B51EC1A0BA5
:10CAD00000F0D8FD41EC1A0B53EC192B51EC180B5C
:10CAE00000F0D0FD53EC1A2B00F0C0FD41EC100B10
:10CAF000CCE7000000000000000000000000F03F54
:10CB0000A40F000000000000000000000000E03F53
:10CB10003333D33F0000E93F000000000000D23F64
:10CB200070B504462DED028B4D1E00EBC500B0EE36
:10CB3000408AF0EE608A90ED000B35F0060017D0C9
:10CB400053EC182B51EC100B00F092FC41EC100B45
:10CB50006D1E04EBC50090ED001B51EC100B53EC67
:10CB6000112B00F067F941EC100B35F00600E7D10E
:10CB7000022D36D0042D1CD0062D1CBFBDEC028B1F
:10CB800070BD53EC182B51EC100B00F071FC94EDC0
:10CB90000A1B53EC112B00F04DF953EC182B00F04D
:10CBA00067FC94ED081B53EC112B00F043F941ECAA
:10CBB000100B53EC182B51EC100B00F059FC94EDBA
:10CBC000061B53EC112B00F035F953EC182B00F039
:10CBD0004FFC94ED040B53EC102B00F02BF941ECBF
:10CBE000100B53EC182B51EC100B00F041FC94EDA2
:10CBF000021B53EC112B00F01DF953EC182B00F025
:10CC000037FC94ED001B53EC112B00F013F9BDEC35
:10CC1000028B41EC100B70BD31B504462DED040BB9
:10CC20002DED0A8BB0EE41BAF0EE61BA0B989DED96
:10CC30000A0B20F00040B0F1795F0DDA51EC100BD7
:10CC4000FFF7B8FB042808BF00F09AF89DED0A0B27
:10CC5000BDEC0A8B05B030BD53EC102B51EC100B22
:10CC600000F006FC41EC180B9DED0A0B53EC182B61
:10CC700051EC100B00F0FCFB41EC190B2C48B0EE12
:10CC8000480AF0EE680A05217844FFF749FF9FED56
:10CC90002ACBB0EE40AAF0EE60AA9CB353EC1C2B5A
:10CCA00051EC190B00F0E4FB41EC1C0B53EC1A2B7C
:10CCB00051EC190B00F0DCFB9FED210B41EC190B43
:10CCC00053EC102B51EC1B0B00F0D2FB53EC192B47
:10CCD00000F0D8FC53EC182B00F0CAFB53EC1B2BD4
:10CCE00000F0D0FC53EC1C2B00F0CCFC9DED0A1B9B
:10CCF00053EC112B00F0BAFCBDEC0A8B05B041ECF3
:10CD0000100B30BDFFE753EC1A2B51EC180B00F061
:10CD1000AFFB53EC1C2B00F08DF853EC192B00F0FB
:10CD2000A7FB9DED0A1B53EC112B00F083F8E3E702
:10CD3000340E000000000000495555555555C5BF3B
:10CD4000000000000000E03F10B553EC102B51EC48
:10CD5000100B00F06FF841EC100B10BD000000004C
:10CD60009FED050B10B553EC102B51EC100B00F0A0
:10CD700015F941EC100B10BD000000000000000090
:10CD80009FED050B10B553EC102B51EC100B00F080
:10CD90006FFB41EC100B10BD000000000000001004
:10CDA00082B0CDE9000121F0004001909DED000B23
:10CDB00002B051EC100B704781F00041704780F0D9
:10CDC0000040704721F00041704720F0004070475C
:10CDD00021F0004201F00043A2F16052B2F5801F41
:10CDE00028BFD2F17F6C0BD95FEA001C43EAC20274
:10CDF00042EB507018BF704728BF20F00100704709
:10CE0000B2F5801FBCBF184670474FEA410C1CF5B5
:10CE1000001F02D2084600F0CBBD70B500F0D2FB77
:10CE200000000089FFF7F6BF4FF00040A0F580003A
:10CE30007047000010B591EA030F48BF83F000432C
:10CE400000F12884841A71EB030C05D2121943EB0C
:10CE50000C03001B61EB0C014FEA1154A4EB135CB3
:10CE6000DFF81CE11EEA430F18BF9EEA445F00F0A2
:10CE7000748021EA045123EA0E0343F48013DCF1A9
:10CE8000200E32D322FA0CFE10EB0E0023FA0CFE19
:10CE900041EB0E01CCF1200E03FA0EFE10EB0E005A
:10CEA000CCF1200E51F10001B1F5801F32D201EB1F
:10CEB000045112FA0EF2BDE8104058BF7047401CF2
:10CEC00038BF5FEA420218BF7047002814BF20F045
:10CED000010041F100014FEA410313F5001F38BF83
:10CEE0007047A1F1C04100F0BBBB012A43EB030234
:10CEF000ACF1200CDCF11F0E32BF4FF0000E23FA14
:10CF00000CF310EB030041EB0451B4EB115FD0D0F4
:10CF1000A1EB045101F58011490801EB04515FEACE
:10CF200030000ED350F1000038BF12FA0EFE08D1C7
:10CF3000BDE81040C9E7401C38BF5FEA4202CAD1D1
:10CF4000C3E7BDE810404FEA410313F5001F38BFA7
:10CF50007047A1F1C04100F083BB9EEA445F08D056
:10CF600011EA5E0FBDE8104004BF01F0004100204F
:10CF70007047BDE8104070B500F024FB64FBBE3E76
:10CF80000000E0FF491058BFC1F140415B1058BF9D
:10CF9000C3F140438B42EFF3008070472DE9C0415D
:10CFA00030B4DFF8A8C23CEA111418BF3CEA1314ED
:10CFB00000F0F0801CEA111481EA030544EAD574FC
:10CFC00018BF1CEA131500F0CB80A4EB050404F194
:10CFD0007F7404F500344FF0004545EAC12145EA6D
:10CFE000C32341EA505143EA52534FEAC0204FEA6B
:10CFF000C222994208BF904200F0A0804FEA136518
:10D000000FF24816765D4FEA134506FB05F7C7F1A8
:10D01000807706FB07F74FEAD737A7FB036876420E
:10D02000A7FB06CEC8F5803838BFA8F1010807FB7A
:10D0300008E6A6FB028C4FF0000EE6FB03CED8F10B
:10D0400000086FEA0C0C5CF1000C6FEA0E0E4EF15A
:10D05000004EA6FB0C584FF00007E6FB0E87A1FB25
:10D0600008C6A0FB07CE16EB0E064FF0000545F1F3
:10D070000005E1FB076515F1E04E7EBFA4F58034A5
:10D080005FEA46066D4116F1800745F100054FEA5B
:10D09000172747EA05674FEA15254FEA0666A6F106
:10D0A000DE46B6F1805F20D9384605EBC47124F026
:10D0B000010C01EB0C11BCF1FE6F02D8F0BCBDE815
:10D0C000008124425CBF01F5801E9EEAC47F02D429
:10D0D000F0BCBDE80081244200F13980A1F1C041DB
:10D0E000F0BCBDE8004100F0BBBA4FEAD02040EAF6
:10D0F00041504FEAD1214FEAD22242EA43524FEA4D
:10D10000D323A7FB028607FB036605FB02661EEA24
:10D110000E0F58BFA6EB0056B6EB00564FEA520E64
:10D120004EEAC37E18EB0E0E56EB530EBCD518EB31
:10D1300002085E417F1C55F10005B5E74FF48015EC
:10D140004FF000074FF000064FF00008ACE701F188
:10D15000C04101F000414FF00000F0BCBDE800818B
:10D160000CEA131511EA0C1F00D00CE013EA0C1F97
:10D1700000F025804FF0000081EA030101F000413A
:10D18000F0BCBDE80081F0BCBDE8004181EA0301CC
:10D1900000F066BAF0BCBDE8004170B500F012FACC
:10D1A000097EFC3E00F007B84FF0000081EA030161
:10D1B00001F00041704781EA030100F051BAF0BC70
:10D1C000BDE8004122494FF000007047FFFDFBF928
:10D1D000F7F5F4F2F0EEEDEBE9E8E6E4E3E1E0DEAA
:10D1E000DDDBDAD8D7D5D4D3D1D0CFCDCCCBCAC81C
:10D1F000C7C6C5C4C2C1C0BFBEBDBCBBBAB9B8B743
:10D20000B6B5B4B3B2B1B0AFAEADACABAAA9A8A835
:10D21000A7A6A5A4A3A3A2A1A09F9F9E9D9C9C9B03
:10D220009A999998979796959594939392919190AE
:10D230008F8F8E8E8D8C8C8B8B8A8989888887873F
:10D240008685858484838382828181800000FF07B4
:10D250000000F87F51EA030C17D41CF5801F58BF5B
:10D26000BCF5801F00F10680994218BF704708BFC7
:10D270009042704707D711F5801F58BF13F5801FE4
:10D2800019D499427047894270471CF5801F08D510
:10D29000BCF5801FF7D58B4218BF704708BF82428C
:10D2A00070474FF4001C1CEB410F38BF1CEB430FC1
:10D2B00001D28B42704770B500F084F99224490086
:10D2C0004FF000514FF08053FFF75CBE4FEA41032F
:10D2D0004FEA5353A3F58063D3F11E03C8BFD3F1C4
:10D2E000210C0CDD4FF0004242EAC12242EA5052CA
:10D2F00032FA03FC8CEAE17CACEBE1707047102B56
:10D30000C4BF0020704703F5787CBCF1FF3F04D018
:10D310006FF0004282EA2100704770B500F052F9C8
:10D320004992248000207047F2E710F0004248BF85
:10D330004042B0FA80F310FA03F10AD0C3F11D03A2
:10D3400003F5806302EB03524FEA415002EBD12117
:10D3500070474FF000007047B0FA80F310FA03F105
:10D360000AD0C3F11D0303F580634FEA03524FEA6D
:10D37000415002EBD12170474FF000007047000090
:10D3800051EA030C17D41CF5801F58BFBCF5801F51
:10D3900000F10680994218BF704708BF904270475D
:10D3A00007D711F5801F58BF13F5801F19D4994274
:10D3B0007047894270471CF5801F08D5BCF5801F57
:10D3C000F7D58B4218BF704708BF824270474FF4B1
:10D3D000001C1CEB410F38BF1CEB430F01D28B42EA
:10D3E000704770B500F0EEF8922449004FF080517C
:10D3F0004FF00053FFF7C6BD51EA030C17D41CF5DC
:10D40000801F58BFBCF5801F00F10680994218BFED
:10D41000704708BF9042704707D711F5801F58BF6B
:10D4200013F5801F19D499427047894270471CF543
:10D43000801F08D5BCF5801FF7D58B4218BF7047F9
:10D4400008BF824270474FF4001C1CEB410F38BFED
:10D450001CEB430F01D28B42704770B500F0B2F85D
:10D46000922449004FF000514FF08053FFF78ABDDE
:10D4700070B5DFF848C11CEA111E1EBF1CEA131567
:10D480009EEA0C0F95EA0C0F00F06F8081EA03040E
:10D490004EEAD47EAE4421EA4C1123EA4C1341F407
:10D4A000801143F48013AEF17F7EA1FB024CA0FB00
:10D4B0000365361955EB0C05A1FB034C4CF1000339
:10D4C000A0FB021C16EB0C06654153F10003094258
:10D4D00018BF46F0010613F4007F0BD14FEA033169
:10D4E0004FEA053041EA155140EA165034036FF017
:10D4F00003020AE04FEAC3214FEAC52041EA555131
:10D5000040EA5650F4026FF0020202EB2E4201EBA9
:10D51000025585EACE710AD05FEA440C18BF24F0A8
:10D52000004450F1000041F1000120EAD47040F2C3
:10D53000FE7C624500D270BDA84214BF4FF080440B
:10D540004FF04044002E08BF0024BEF1806FA8BFFA
:10D55000A1F1C041BDE8704080F2828001F1C0417C
:10D5600001F000414FF0000070470CEA13159EEAED
:10D570000C0F18BF95EA0C0F06D081EA030E4FF08E
:10D5800000000EF0004170BD00F01CF88900013E63
:10D5900000F007B800F009B84FEA430C5FEA5C5CA2
:10D5A00008D081EA030100F05BB84FEA410C5FEA62
:10D5B0005C5CF6D102494FF0000070470000FF07A5
:10D5C0000000F87F0EF1020E2EF0030E5EF8046BE1
:10D5D000364205D4012A43EB030515F5001F12D886
:10D5E000012841EB010C1CF5001F0CD80ED14FEAAD
:10D5F000D17C0CEB4C0C0CF1020C15F5001F08BF94
:10D600004CEBD37C04E04FF0080C01E04FEAD37CF4
:10D610000CEB4C0526FA05F606F00706B6F1040CED
:10D6200006D20EEB860CBDE870404CF0010C604752
:10D63000DFE80CF0090B02024FF00041A1F50021D8
:10D640004FF0000070BD19461046012851EB01044F
:10D6500018BFD4F5001484BF002001F0004170BD54
:10D660000808A0F500114FEA3101704710B591EAA2
:10D67000030F81F000413FF5E5AB83F0004300F07C
:10D6800009B8000010B591EA030F48BF83F00043CA
:10D690003FF5D8AB841A71EB030C07D28CF0004C29
:10D6A000121943EB0C03001B61EB0C014FEA115400
:10D6B000A4EB135CDFF8A4E11EEA430F18BF9EEA57
:10D6C000445F00F0B48021EA045123EA6E03524221
:10D6D000C3EB6E0338BF5B1EDCF1200E25D322FAAC
:10D6E0000CFE10EB0E0043FA0CFE41EB0E01CCF1E8
:10D6F000200E03FA0EFE10EB0E00CCF1200E51F1BD
:10D70000000129D401EB045112FA0EF2BDE81040D9
:10D7100058BF7047401C1CBFB2F1004F7047002833
:10D720000CBF491C20F00100704712EB020E43EBC6
:10D73000030218BF4FF0010E4EEA4202ACF1200C7A
:10D74000DCF11E0E56D943FA0CFE10EB0E00CCF1A4
:10D750001E0E51F1FF31D5D50EF1010E12FA0EFE5B
:10D76000404141EB010101EB445C5FEA5C5C10D994
:10D7700001EB045110EBDE7038BFBEF1004FBDE885
:10D78000104018BF704700280CBF491C20F0010052
:10D79000704734D24FEAD42C24F4006411F5001100
:10D7A0001BD0B1FA81F20B3AA41AA41ED2F12003C5
:10D7B000914030FA03F31943904001EBCC7101EB37
:10D7C0000451002CBDE81040A8BF704701F1C041D2
:10D7D00001F000414FF000007047B0FA80F310FAFA
:10D7E00003F102D1BDE810407047E41A173C480528
:10D7F000C90AE2E701EB0451BDE810407047491047
:10D800004FEA300001EB0451BDE8104002E04FF058
:10D81000000170474A0008BF0042F8D0B2F5001F6F
:10D8200028BF704701F000414FF0000070479EEAAA
:10D83000445F07D011EA5E0FBDE8104004BF00212D
:10D8400000207047BDE8104070B5FFF7BBFE00BF79
:10D8500040DFF63E104683F0004170470000E0FFD5
:10D8600043004FEAD30C4FEA3C0C43401FBF400734
:10D870000CF1605113F0FE4F70471CF0006F03D1A4
:10D880000CF00041002070470CF0004343EA507058
:10D8900040EACC0010B500F038F800BF000000925C
:10D8A0004FEA0001FFF7DCBE4FF00041A1F5002177
:10D8B0004FF00000704710B5FFF7CCFC0CBF012003
:10D8C000002010BD10B5FFF7C5FC14BF01200020DB
:10D8D00010BD10B5FFF754FD8CBF0120002010BD16
:10D8E00010B5FFF74DFD2CBF0120002010BD10B575
:10D8F000FFF782FD94BF0120002010BD10B5FFF797
:10D900007BFD34BF0120002010BD0EF1020E2EF071
:10D91000030E5EF8044B244204D44FEA4102B2F1F4
:10D920007F4F11D84FEA4003B3F17F4F0CD80ED18F
:10D930004FEAD07C0CEB4C0C0CF1020CB2F17F4F97
:10D9400008BF4CEBD17C04E04FF0080C01E04FEA3B
:10D95000D17C0CEB4C0324FA03F404F00704B4F17B
:10D96000040C06D20EEB840CBDE810404CF0010C08
:10D970006047DFE80CF0070802024FF00040A0F516
:10D98000800010BD0846420018BFD2F1807288BFE7
:10D9900000F0004010BDF1EE100A4FF6FF71C0F22A
:10D9A000C03120EA010040F04070E1EE100A7047FB
:10D9B000FF2141EAD050C005704700000000000080
:10D9C0004C5555555555A53F7751C1166CC156BF9D
:10D9D0009015CB19A001FA3EAD529C804F7E92BEAD
:10D9E000C4B1B4BD9EEE213ED43888BEE9FAA8BDCC
:10D9F00000004054FB21F93F3163621A61B4D03D0D
:10DA00000000601A61B4D03D7370032E8A19A33BE5
:10DA10000000002E8A19A33BC14920259A837B3937
:10DA200000000000000000006E83F9A22915444E9A
:10DA3000D15727FCC0DD34F5999562DB4190433C1A
:10DA4000AB6351FE61C5BBDE3A6E24B7E0D24D42F6
:10DA5000EA2E49061C92D1091CEB1DFE3EA729B1F6
:10DA6000F53582E88444BB2E26709CE9417E5FB484
:10DA700039D69139F43953838B5F849C3B28F9BDA7
:10DA8000FF97F81F0F9805DE8B112FEF1F6D0A5AB5
:10DA9000CF7E366DB709CB27663F464F2DEA5F9E96
:10DAA000C7BA27757BF1E5EBF739073DEA92528A51
:10DAB000B15FFB6B085D8D1F463003560000000010
:10DAC000A6F810111111813FD561C119A0012ABF1B
:10DAD0007DFEB157E31DC73EEB9C2B8AE6E55ABE9F
:10DAE0007CD5CF5A3AD9E53D61DB000841150008E5
:10DAF0000200000000000000000100000000000023
:10DB0000000000006EDB0008E5880008000000004F
:10DB10000000000080000000000000000000000085
:10DB200000000000000000000102030406070809CD
:10DB30000000000001020304000610160006101683
:10DB400000000000000054545220524547474553FE
:10DB50000030313233343536373839414243444569
:10DB600046434841535349535F5441534B00646506
:10DB70006661756C745461736B0049444C450031A7
:10DB800000320033003400646174615F657863685B
:10DB9000616E6765007961775F6D6F746F720054B5
:10DBA00065726D696E616C00284E554C4C290045BC
:10DBB0003A00503A00573A001B5B306D001B5B3156
:10DBC0003B33316D001B5B313B33326D001B5B31EE
:10DBD0003B33336D0020202573257343616E205441
:10DBE00072616E736D6974204661696C65642C2086
:10DBF000496E7374616E6365206F722054782042A1
:10DC0000756666206973204E554C4C0D0A257300CD
:10DC100020202573257343616E203A205265676981
:10DC200073746572204661696C65642C20436F6E65
:10DC3000666967206973204E554C4C0D0A257300A8
:10DC40002020257325732573203A2043616E3120EF
:10DC50005265676973746572205375636365737386
:10DC600066756C6C792C2054782049443A307825BC
:10DC70003033582C2052782049443A3078253033BC
:10DC8000580D0A2573002020257325732573203A2B
:10DC90002043616E32205265676973746572205348
:10DCA00075636365737366756C6C792C205478208A
:10DCB00049443A3078253033582C20527820494452
:10DCC0003A3078253033580D0A257300202025730B
:10DCD00025735258204649464F30204D6573736175
:10DCE000676520436F756E742069732025640D0A83
:10DCF0002573002020257325735258204649464F2E
:10DD000031204D65737361676520436F756E7420B4
:10DD100069732025640D0A2573002020257325735F
:10DD20002573203A2043616E312052656769737410
:10DD30006572204661696C65642C204D61782052C3
:10DD40006567697374657220436F756E74205265E0
:10DD500061636865640D0A257300202025732573AF
:10DD60002573203A2043616E3220526567697374CF
:10DD70006572204661696C65642C204D6178205283
:10DD80006567697374657220436F756E74205265A0
:10DD900061636865640D0A2573002020257325736F
:10DDA00043414E3120537461727473204661696C33
:10DDB00065640D0A25730020202573257343414EA9
:10DDC0003220537461727473204661696C65640D0E
:10DDD0000A25730020202573257343616E203A20A5
:10DDE0005265676973746572204661696C65642C5D
:10DDF00020436F6E66696720697320496E636F6D9B
:10DE0000706C6574650D0A257300202025732573D9
:10DE100043414E31204649464F3020496E74657269
:10DE200072757074696F6E20436F6E666967204506
:10DE300072726F720D0A25730020202573257343BB
:10DE4000414E32204649464F3020496E7465727209
:10DE5000757074696F6E20436F6E666967204572D6
:10DE6000726F720D0A2573002020257325734341BC
:10DE70004E31204649464F3120496E7465727275A5
:10DE80007074696F6E20436F6E66696720457272A9
:10DE90006F720D0A25730020202573257343414EB0
:10DEA00032204649464F3120496E74657272757052
:10DEB00074696F6E20436F6E666967204572726F7A
:10DEC000720D0A25730020202573257343414E31BE
:10DED000204649464F302046696C74657220436F76
:10DEE0006E666967204572726F720D0A2573002095
:10DEF000202573257343414E32204649464F30203A
:10DF000046696C74657220436F6E6669672045725E
:10DF1000726F720D0A2573002020257325732573F7
:10DF2000203A2043414E2046696C74657220436F4D
:10DF30006E666967204572726F720D0A2573002044
:10DF400020257325732573203A2043616E312052BA
:10DF500065676973746572204661696C65642C201D
:10DF600052782049442030782530335820416C7253
:10DF700065616479204578697374730D0A257300AF
:10DF80002020257325732573203A2043616E3220AB
:10DF90005265676973746572204661696C65642CAB
:10DFA0002052782049442030782530335820416C65
:10DFB0007265616479204578697374730D0A2573FD
:10DFC0000020202573257343616E205365727669A6
:10DFD000636520496E697420737563636573736646
:10DFE000756C6C790D0A2573002020257325734309
:10DFF000616E20496E69742073756363657373661F
:10E00000756C6C790D0A25730020202573257343E8
:10E01000616E204D41534B2046696C7465722049F6
:10E020006E6974207375636365737366756C6C7960
:10E030000D0A2573002020257325732573203A20AF
:10E0400043616E2052656769737465722046616929
:10E050006C65642C204E6F204D656D6F72790D0AD2
:10E060002573000088E00008000000205005000033
:10E07000EC01000860E1000850050020C0560000D7
:10E080004C02000800000000320E32011381DB2B2D
:10E09000080109290F8402020202311303122041F0
:10E0A00033E144021046BA7F740A630174BA85747E
:10E0B0000A630474BA83740A63037401FF01D3030F
:10E0C00012A04033E14402184610118FC2F53D1FE3
:10E0D000856B3EC3F5A83E3333F3BF1324F4138797
:10E0E000DB1508020103140321AB42084B01FF01B9
:10E0F0005AFC085AFD085AFE080226FB3A0105128E
:10E1000005D2156F90410AD7A33BBC1CDB0FC90891
:10E110000B122041CC20093333B33E0AD7233CA352
:10E12000C03F292CFA402C296C32101AAA011A95EA
:10E13000D0411CDC0F49281AA0301A900409129C07
:10E140001203D214BA7028499C396CF940E009CD09
:10E15000CC4C3F6F1283390A13802C000000000062
:040000050800018965
:00000001FF
