:020000040800F2
:10000000C878002095020008E96B0008A953000891
:10001000DD6500085109000819A60008000000006D
:10002000000000000000000000000000A1830008A4
:10003000A912000800000000C16C0008C583000878
:10004000AF020008AF020008AF020008AF020008CC
:10005000AF020008AF020008AD120008B512000898
:10006000AF020008BD120008C5120008AF02000868
:10007000A90F0008AF020008AF020008AF02000895
:10008000AF020008AF020008AF020008AF0200088C
:1000900055090008AF020008AF020008CD120008A1
:1000A000AF020008AF020008AF020008AF0200086C
:1000B000AF020008AF020008B5840008AF020008D4
:1000C000AF020008AF020008AF020008AF0200084C
:1000D000AF020008E9880008AF020008F5880008B0
:1000E000AF020008AF020008AF020008C184000898
:1000F000AF020008AF020008AF020008AF0200081C
:10010000AF020008AF020008AF020008AF0200080B
:10011000AF020008AF020008AF020008AF020008FB
:10012000AF020008B50F0008C10F000879120008DF
:10013000AF020008AF020008AF020008AF020008DB
:10014000AF02000861090008AF020008ED6B00086B
:1001500085120008911200089D120008018900080C
:10016000AF020008AF020008AF020008AF020008AB
:10017000AF020008AF020008AF0200080000000054
:10018000AF020008AF02000800F002F800F072F8B9
:1001900014A696E8000CB244B344DA4501D100F04D
:1001A00069F8BAE80F000FA696E83000A5EB040541
:1001B00004EB0607AAEB0704A7F101074FEA1515A0
:1001C0004FEA3414A4F10104AC4201D300F052F818
:1001D00013F0010F18BFFB1A43F0010300F001F800
:1001E000DBE7184724E3000044E300000A444FF033
:1001F000000C10F8013B13F0070408BF10F8014B86
:100200001D1108BF10F8015B641E05D010F8016BCA
:10021000641E01F8016BF9D113F0080F1EBF10F82E
:10022000014BAD1C0C1B09D16D1E58BF01F801CB51
:10023000FAD505E014F8016B01F8016B6D1EF9D5D4
:100240009142D6D37047000070470000002300247D
:1002500000250026103A28BF78C1FBD8520728BFD6
:1002600030C148BF0B6070471FB50DF040FF1FBD88
:1002700010B510BD00F0A4F91146FFF7F5FF0AF024
:100280004DFE00F0C2F903B4FFF7F2FF03BC00F02B
:10029000C5F900000948804709480047FEE7FEE726
:1002A000FEE7FEE7FEE7FEE7FEE7FEE7FEE7FEE726
:1002B00004480549054A064B70470000A184000820
:1002C00089010008C8720020C8780020C874002086
:1002D000C874002053EA020C00F069802DE9F04B4D
:1002E0004FF00006002B1FBFB3FA83F503FA05F4A5
:1002F00024FA05F65E4012BF1643B2FA82F502FAFE
:1003000005F4C5F120051EBF22FA05FC44EA0C04E1
:10031000203556EA044C4FEA144418BF641C4FF0D1
:1003200000084FF00009904271EB030C39D300290B
:1003300019BFB1FA81F701FA07F6B0FA80F700FAAF
:1003400007F6C7F120071EBF20FA07FC46EA0C0695
:100350002037B6FBF4FCA7EB0507103F07F01F0B97
:10036000CBF120062CFA06F60CFA0BFB44BFB34681
:100370000026202FA4BF5E464FF0000B5BEA060C60
:1003800008BF4FF0010B19EB0B0948EB0608ABFB5C
:10039000027C06FB02CC0BFB03CCC01B71EB0C01F7
:1003A000C1E70B46024641464846BDE8F08B13B50F
:1003B000084318BF4FF0FF300146AFF30080BDE89F
:1003C0001C40704710B5431C02E010F8011B71B1CE
:1003D0008107FAD14FF0013202C88C1A8C4314EA1B
:1003E000C211F9D0C01A0A0603D0C01E10BDC01A2F
:1003F00010BD0A0401D0801E10BD0902FCD0401EB1
:1004000010BD032A40F2308010F0030C00F015807C
:1004100011F8013BBCF1020F624498BF11F801CB07
:1004200000F8013B38BF11F8013BA2F1040298BF6C
:1004300000F801CB38BF00F8013B11F0030300F0D6
:100440008480083AC0F0088051F8043B083A51F81B
:1004500004CBA0E80810F5E7121D5CBF51F8043B7F
:1004600040F8043BAFF30080D20724BF11F8013BF2
:1004700011F801CB48BF11F8012B24BF00F8013B54
:1004800000F801CB48BF00F8012B704702F0FF03D2
:1004900043EA032242EA024200F024B84FF000028D
:1004A0000429C0F0128010F0030C00F01B80CCF186
:1004B000040CBCF1020F18BF00F8012BA8BF20F8F4
:1004C000022BA1EB0C0100F00DB85FEAC17C24BF48
:1004D00000F8012B00F8012B48BF00F8012B7047F2
:1004E0004FF0000200B5134694469646203922BFCD
:1004F000A0E80C50A0E80C50B1F12001BFF4F7AF18
:10050000090728BFA0E80C5048BF0CC05DF804EBF9
:10051000890028BF40F8042B08BF704748BF20F867
:10052000022B11F0804F18BF00F8012B7047704765
:100530007047704710B500F03BF8006810BD10B56B
:10054000044600F035F8046010BD10B5203AC0F044
:100550000B80B1E81850A0E81850B1E81850A0E896
:100560001850203ABFF4F5AF5FEA027C24BFB1E82F
:100570001850A0E8185044BF18C918C0BDE8104072
:100580005FEA827C24BF51F8043B40F8043B08BF7B
:100590007047D20728BF31F8023B48BF11F8012B42
:1005A00028BF20F8023B48BF00F8012B704700002D
:1005B0000048704758040020004870475804002045
:1005C0007546FFF7F9FFAE4605006946534620F031
:1005D0000700854618B020B5FFF76AFEBDE8204049
:1005E0004FF000064FF000074FF000084FF0000BEF
:1005F000AC46ACE8C009ACE8C009ACE8C009ACE85E
:10060000C00921F007018D46704710B50446AFF3CD
:1006100000802046BDE81040FFF735BE0149182094
:10062000ABBEFEE726000200704700000020C4F2C7
:1006300002001021012202F0E9B800000020C4F2FB
:1006400002001021002202F0E1B800007047000013
:1006500040F20040C4F202000121012202F0D6B8AB
:1006600040F20040C4F202000121002202F0CEB8A4
:10067000B0F9003040F2000CC2F2000C00EE103A6B
:100680009CED001AB8EEC00A21EE000A81ED000AC6
:10069000B0F902309CED001A00EE103AB8EEC00A34
:1006A00021EE000A81ED010AB0F9043000EE103AA3
:1006B000B8EEC00A21EE000A81ED020AC379817901
:1006C000007A1B0243EA0040084400EE100A9FED46
:1006D000041AB8EE400A20EE010A82ED000A7047C3
:1006E00000401C42704700000AF03CBC01200AF0A8
:1006F00039BC0000B0F9002000EE102A40F20402DC
:10070000C2F2000292ED001AB8EEC00A21EE000A11
:1007100081ED000AB0F9023092ED001A00EE103AB5
:10072000B8EEC00A21EE000A81ED010AB0F904001A
:1007300000EE100AB8EEC00A21EE000A81ED020AAE
:100740007047000010B5FFF781FFFFF7CBFF0AF0FD
:10075000CBF808B1802402E00AF024F804460AF03D
:10076000B1FA00281CBF44F0400010BD0AF02AFA7C
:10077000204310BD2DE9F04383B081460020904610
:100780000E46CDE90000FFF759FF922000F0AAF8CD
:10079000922000F0A7F86846451E06242F4600BFA9
:1007A000552000F09FF8013C210607F8010FF7D112
:1007B000FFF73CFFBDF90000BDF9021000EE100A82
:1007C00040F20000C2F2000090ED001AB8EEC00A3C
:1007D000BDF9042021EE000A86ED000A00EE101A91
:1007E00090ED001A02EE102AB8EEC00AB8EEC22A46
:1007F00021EE000A21EE021A86ED010A86ED021AA8
:10080000FFF72EFF802000F06DF808242E4600BF71
:10081000552000F067F8013C210606F8010FF7D1DA
:10082000FFF716FF9DF800000F2825D1BDF9020043
:10083000BDF9041000EE100A40F20400C2F20000FC
:1008400090ED001AB8EEC00ABDF9062021EE000AAC
:1008500089ED000A00EE101A90ED001A02EE102A3F
:10086000B8EEC00AB8EEC22A21EE000A21EE021A42
:1008700089ED010A89ED021AFFF7E0FEA22000F0DF
:1008800031F8A22000F02EF8022400BF552000F01D
:1008900029F8013C210605F8010FF7D1FFF7C6FE44
:1008A0009DF800009DF80110C00040EA51114FF67C
:1008B00000020023CFF6FF72B3EB902F18BF114355
:1008C00000EE101AB8EEC00AB4EE001A20EE010ACB
:1008D000B3EE071A30EE010A88ED000A03B0BDE856
:1008E000F083000080B582B08DF8070042F6142036
:1008F0004FF47A7CC2F200000DF107010DF10602FF
:100900000123CDF800C003F079FB9DF8060002B08A
:1009100080BD000002784078D20042EA50104FF6C5
:10092000000C0023CFF6FF7CB3EB922F18BF40EAF8
:100930000C0000EE100AB8EEC00AB4EE001A20EE69
:10094000010AB3EE071A30EE010A81ED000A704782
:10095000FEE7000042F2EC10C2F2000001F014B811
:1009600042F21420C2F2000001F00EB800207047DD
:100970000020704710B541F61074C2F2000441F235
:100980008011C2F200012046002208F083F940F6EF
:100990008011C2F20001204608F06EF9002010BD5F
:1009A00010B541F61074C2F200040146204608F06A
:1009B00063F9204608F03AF9002010BD0020704786
:1009C0002DE9F04F99B048B30168E9B1B0F80720BC
:1009D000D2B1B0F80530BBB103795F1E022F13D23C
:1009E000012B6DD141F6FC63C2F200031B78082B8A
:1009F0002DD14EF27010C0F60000CDE900104EF27D
:100A00004921C0F6000112E04EF27010C0F600005D
:100A10004EF2C3210090C0F6000108E04EF27010C3
:100A2000C0F600004EF28D110090C0F600014EF2AB
:100A300075124EF26713C0F60002C0F600030020E4
:100A4000002406F0CDFB204619B0BDE8F08F002B46
:100A50001D4618BF012533D041F6BC6CC2F2000C14
:100A6000DCF80060768D964210D05E1EF6B200254E
:100A7000AE4225D00CEB85046468678D6C1C9742F0
:100A80002546F5D100259C4238BF01254EF2701352
:100A9000C0F600038DE80E004EF280314EF2751262
:100AA0004EF26713C0F60001C0F60002C0F6000364
:100AB00006460020002406F093FB3046002DC2D1EC
:100AC0000179022956D141F6FD61C2F200010D788B
:100AD000002D4FD0082D09D100684EF27011C0F6DC
:100AE0000001CDE900010FF22841A0E741F6DC62E8
:100AF000C2F200021368B0F807105B8D8B420BD175
:100B000000684EF27012C0F600028DE807004EF247
:100B1000C131C0F600018AE72B46012D98BF0123A1
:100B2000013BDBB20026B34224D002EB86077F688C
:100B30007C8D771C8C423E46F5D102684EF27013D4
:100B4000C0F60003CDE9002102934EF2C1314EF20E
:100B500075124EF26713C0F60001C0F60002C0F62F
:100B6000000306460020002406F03AFB3046AF4260
:100B7000FFF469AF049041F6FE60C2F20000007815
:100B8000002840F0358142F2EC104FF001094FF09F
:100B9000000AC2F200000FA9CDF85C90CDE915A9BA
:100BA000CDE90FAACDE911AACDE913AA00F0C8FD3D
:100BB0004EF2701BC0F6000BE0B14EF275154EF20E
:100BC000671642F2EC170FF28838C0F60005C0F63F
:100BD0000006C2F200070FAC002041462A46334609
:100BE000CDF800B006F0FCFA3846214600F0A8FD2A
:100BF0000028F1D10E200A900E9042F21420C2F289
:100C0000000005A9CDF83490CDE90BA9CDF82490CA
:100C1000CDE905AACDE907AA00F092FDF0B14EF2A8
:100C200057384EF275154EF2671642F21427C0F689
:100C30000008C0F60005C0F60006C2F2000705ACC9
:100C4000002041462A463346CDF800B006F0C8FAE7
:100C50003846214600F074FD0028F1D14EF24A4199
:100C60004EF27D124EF26A13C0F60001C0F6000289
:100C7000C0F600030020CDF800B006F0B1FA42F251
:100C8000EC10C2F2000001F013FAE0B14EF2892438
:100C90004EF275154EF2671642F2EC17C0F60004DC
:100CA000C0F60005C0F60006C2F20007002021468B
:100CB0002A463346CDF800B006F092FA384601F0E5
:100CC000F7F90028F2D142F21420C2F2000001F03C
:100CD000EFF9E0B14EF2A6244EF275154EF267160A
:100CE00042F21427C0F60004C0F60005C0F6000664
:100CF000C2F20007002021462A463346CDF800B054
:100D000006F06EFA384601F0D3F90028F2D142F22B
:100D1000EC10C2F20000022100F0B4FCF0B14EF27F
:100D2000F9244EF275154EF2671642F2EC17C0F632
:100D30000004C0F60005C0F60006C2F2000700BFBE
:100D4000002021462A463346CDF800B006F048FA86
:100D50003846022100F096FC0028F1D142F214201E
:100D6000C2F20000102100F08DFCE8B14EF22834F0
:100D70004EF275154EF2671642F21427C0F60004C3
:100D8000C0F60005C0F60006C2F2000700202146AA
:100D90002A463346CDF800B006F022FA3846102134
:100DA00000F070FC0028F1D14EF27D144EF26A156D
:100DB0004EF20241C0F60004C0F60005C0F6000184
:100DC000002022462B46CDF800B006F009FA41F685
:100DD000FE610120C2F2000108704EF22A41C0F605
:100DE0000001002022462B46CDF800B006F0F8F9AD
:100DF0003F200AF0ADFC00287DD042F2142542F2DB
:100E0000EC163F210446C2F20005C2F20006FFF7CD
:100E100045FB049A0027106813792060022B08BF55
:100E20002F46012B08BF3746B2F805000021676046
:100E30000827A060E16021616161A7612177B2F8B4
:100E40000710D2F80970D2F80D20012B208461859B
:100E5000C4F83770C4F83B2024D141F6FC62C2F2DA
:100E60000002137841F6BC67C2F2000747F823403E
:100E70000133276813704EF2701602914EF2BD11C5
:100E80004EF27D124EF26A13C0F60006CDE90070F4
:100E9000C0F60001C0F60002C0F600030020039671
:100EA00006F09EF96068A8427FF4CDAD41F6FD6082
:100EB000C2F20000017841F6DC62C2F2000242F8A0
:100EC000214022680131238C4EF27016678D01702B
:100ED000C0F600068DE88C004EF203214EF27D1222
:100EE0004EF26A13C0F60001C0F60002C0F600031D
:100EF00000200396A5E504984EF270110068C0F634
:100F00000001CDE900014EF27641C0F600018EE508
:100F10002020257325732573203A2043616E3220EB
:100F20005265676973746572204661696C65642CEB
:100F3000204D617820526567697374657220436F34
:100F4000756E7420526561636865640D0A257300CF
:100F500020202573257343414E31204649464F30AA
:100F60002046696C74657220436F6E666967204520
:100F700072726F720D0A257300000000B0B504464E
:100F8000606800F0EDFC18B90135E8B26528F7D3C8
:100F9000606804F1080104F12202012300F086FBDD
:100FA000B0FA80F04009B0BD42F2BC30C2F200009D
:100FB00001F00CB942F21C40C2F2000001F006B987
:100FC000B0B542F61420C2F20000C16C46F2A04057
:100FD000C4F202000968A0F1480246F29F0591425E
:100FE000C4F2020502D950F89C3C11E046F25803C5
:100FF000C4F2020303F16004A14202D9D3F8A8337A
:1010000006E0994202D953F8543C01E053F8583CA9
:10101000A9424FF0200414DD46F23F45C4F2020518
:10102000A94223DC46F2A005C4F20205A9422CD055
:1010300046F21045C4F20205A94237D046F22845CF
:101040002EE046F23F05C4F20205A94220DD46F239
:101050004005C4F20205A94217D046F27005C4F259
:101060000205A94222D046F2880519E046F2404521
:10107000C4F20205A94208D046F27045C4F2020546
:10108000A94213D046F288450AE04FF400140DE05F
:1010900046F21005C4F20205A94207D046F228051F
:1010A000C4F20205A94261D14FF400642340002B31
:1010B00000F0E080914210D946F27042C4F2020280
:1010C000914246D046F28842C4F20202914244D193
:1010D0004FF4006240F8942C7EE046F25802C4F2CD
:1010E000020202F16003994218D946F21042C4F29A
:1010F000020291425DD046F22842C4F202029142BD
:1011000052D046F24042C4F2020291420CBF4FF468
:1011100000114FF0006140F8981C5DE091422CD91D
:1011200046F27000C4F2020081424ED046F28800BE
:10113000C4F20200814240D046F2A000C4F2020094
:1011400081420CBF4FF400104FF0006042F84C0C8D
:1011500042E0202240F8942C3EE04FF000628142B1
:1011600008BF4FF4001240F8942C35E04FF00064B3
:10117000814208BF4FF4001498E746F21000C4F211
:101180000200814225D046F22800C4F202008142CA
:1011900018D046F24000C4F2020081420CBF4FF466
:1011A00000104FF0006015E04FF4006140F8981C0B
:1011B00012E0202140F8981C0EE04FF4006042F845
:1011C0004C0C09E04FF4006004E0202042F84C0C85
:1011D00002E0202042F8500C41F60D75C2F20005E5
:1011E000287800248007C4F202040DD52878012154
:1011F00000F0FD0028702878012240F004002870DB
:1012000004F5806001F002FB41F66D60C2F200005F
:10121000017889070CD50178012201F0FD010170E8
:10122000017841F0040101702046102101F0EEFA2E
:1012300041F66C60C2F20000017889070CD5017894
:10124000012201F0FD010170017841F004010170FB
:101250002046102101F0DAFA09F0A4FD28784007B1
:1012600058BFB0BD43F61040C4F20100016841F020
:1012700001010160B0BD000042F29C20C2F20000FA
:1012800000F0A4BF42F2FC20C2F2000000F09EBFBA
:1012900042F27C40C2F2000000F098BF42F25C30A3
:1012A000C2F2000000F092BF70470000012001F080
:1012B000D7B90000022001F0D3B90000082001F0E6
:1012C000CFB90000102001F0CBB90000202001F0C0
:1012D000C7B9000072B600BFFEE7000010B505F008
:1012E00057FE42F6BC61C2F20001086040F22810CD
:1012F000C2F20000FFF764FB41F6B861C2F20001E0
:10130000086040F2CC20C2F2000005F021FA42F65B
:10131000C064C2F20004206040F24030C2F200001B
:1013200005F016FA606040F2C830C2F2000005F025
:1013300057F947F2BC24C2F200040021206005F0F6
:10134000A1FA206805F048FC40F25C10C2F20000EF
:1013500005F046F941F60074C2F200040021206055
:1013600005F090FA206805F037FC40F23C20C2F20C
:10137000000005F035F942F6B864C2F2000400211D
:10138000206005F07FFA2068BDE8104005F024BC1D
:101390008CB0FFF7A3FF40F22058C2F20008D8F843
:1013A000000047F2B82A9FEDA40BC2F2000A9FED9D
:1013B000A41BCAF8000051EC100B9FEDA30BCDE964
:1013C000081051EC110B9FEDA21BCDE906109FED0B
:1013D000A22B51EC100B9FEDA23BCDE9041051EC78
:1013E000110B41F6B86642F6BC679FED9FAA9FEDD0
:1013F0009FBA9FEDA38ACDE9021051EC120BC2F205
:101400000006C2F20007CDE90A1051EC130BCDE93A
:1014100000106DE0DBF804104FF4405242F6C06457
:1014200032EA0101C2F2000491A1206808BF043130
:1014300091ED000A90A108BF043191ED009A05F0EA
:101440000DF9206805F0D2F96068B0EE490A05F0A0
:1014500005F9606805F0CAF941F6007442F64C518E
:10146000C2F20004C2F20001206891ED000A05F00A
:1014700025FA2068B0EE480A90ED1C1AF0EE480AF2
:1014800005F030FB206805F0A7FB47F2BC25C2F24F
:1014900000052C689AED000AE06AD8ED000A05F014
:1014A00041FC204605F00AFA2868B0EE480A90EDA3
:1014B0001C1AF0EE480A05F015FB286805F08CFBB5
:1014C00042F6B864C2F200042068B0EE480A05F0A3
:1014D000F5F92068B0EE480A90ED1C1AF0EE480AC3
:1014E00005F000FB206805F077FB012009F03AFDCC
:1014F00009F056FC3068FFF741FDD7F800B05BF803
:10150000059FDBF8040000F44050B0F5805F81D106
:1015100049F38F1040110CF0D3FA42F64C58C2F246
:1015200000080446D8F800000D460CF045FDDDE942
:10153000083206460F46204629460CF051FB32463B
:101540003B460CF071F80CF03DF809EE100A0CF077
:1015500033FDDDE906320CF068FD002818BFB0EE5F
:101560004A9A19EE100A0CF027FDDDE904320CF05E
:1015700071FD002849F30A0018BFB0EE4B9A88EDC0
:10158000009A0CF09DFA0446DAF800000D46D146A8
:101590000CF012FDDDE9023206460F4620462946D0
:1015A0000CF01EFB02460B46304639460CF03CF868
:1015B0000CF008F804460CF0FFFCDDE90A320546A1
:1015C0000E460CF040FD68B93146019F009E28464A
:1015D0003A4633460CF028F80BF0F4FF044600EED0
:1015E000100A03E0DDE9006700EE104A2046CA4613
:1015F00089ED000A0CF0E0FC3A46334604460D46FD
:101600000CF01AFD40F2205841F6B86642F6BC676D
:101610000028C2F20008C2F20006C2F200077FF4FE
:10162000F9AEDDE90A32204629460BF0FDFF0BF04A
:10163000C9FFCAF80000EDE68DEDB5A0F7C6B03ED3
:10164000333333333333E33F9A9999999999C9BF27
:10165000F168E388B5F8D4BE182D4454FB21194035
:10166000182D4454FB2119C09A99193FCDCC4CBE7A
:10167000000000000000C842000000000000C8C2D6
:101680000000000090F82020013A012A04D80068E8
:1016900000F11402002004E000F1240201204FF4C4
:1016A00080211368194311607047000010B590F84D
:1016B00020E0D0F800C0AEF1010EBEF1010FDCF861
:1016C00008E011D81EF0E05F14D0CEF301640120D1
:1016D000A04018608B689BB1D1F804E0C86840EA6C
:1016E000CE0040EA030E0FE000F1240301204FF486
:1016F000802121E000F1240301204FF400111BE0C0
:101700000868CB6843EA405E0CF5C07000EB041338
:10171000240140F804E00C69184640F8044F097DA4
:10172000012903D1016841F48071016050680121F1
:10173000D8601068986000201A681143196010BDC5
:1017400090F82020013A012A30D8B0B546F2006066
:10175000C4F20000026842F001020260026822F452
:101760007C520260D1F814E0CC694A6A0368012C0B
:1017700043EA022202600EF01F024FF0010303FA57
:1017800002F2C3696FEA020C23EA0203C36113D0B9
:101790002CBBC36803EA0C03C360CB688C8844EAA3
:1017A000034300EBCE0423640B4611E0416A41F48D
:1017B0008021416201207047C3681343C3600B68F6
:1017C0008C8844EA034300EBCE04236401F10C034C
:1017D0008C681B8843EA044300EBCE0463644368CF
:1017E0008D6943EA0204D1F810E0096A002D08BFB0
:1017F00003EA0C0444604369BEF1000F43EA0204AB
:1018000008BF03EA0C040129446102D1C1691143F4
:10181000C161016821F0010101600020B0BD00003C
:101820007047000090F82020013A012A84BF002070
:10183000704700681022002908BF0C22805800F071
:1018400003007047B0B590F82040013C012C78D8D7
:10185000046800290CBFE4682469A40777D00468F1
:101860004FEA011C04F5D87555F80C4014F0040437
:10187000946055F80CE005EB011C19BF4FEADE053A
:1018800055604FEA5E551560DCF80050E64605F0FD
:101890000205D5605EF8044F24075ABFDEF8004009
:1018A00004F00F0408241461DEF800400029C4F39A
:1018B00007249461DEF800504FEA15455561DCF8C5
:1018C00008201A70026802EB0112D2F8B8214FEA20
:1018D00012225A70026802EB0112D2F8B8214FEAC4
:1018E00012429A70026802EB0112D2F8B8214FEA54
:1018F0001262DA70026802EB0112D2F8BC211A718E
:10190000026802EB0112D2F8BC214FEA12225A718E
:10191000026802EB0112D2F8BC214FEA12429A711E
:10192000026802EB0112D2F8BC214FEA1262DA71AE
:1019300000680CBF00F10C0100F110010020202212
:101940000AE000F1240101204FF4802204E000F1BC
:10195000240101204FF400120B681A430A60B0BD45
:1019600090F820100139012984BF002070470068D9
:10197000816882688068C1F38061C2F3C0621144EB
:10198000C0F30070084470472DE9F04F81B0044661
:1019900000684669D0F804908768D0F80CB0D0F899
:1019A00010A0D0F81880F10703D1002530071CD40F
:1019B00023E0F90710D00121BA07816009D4780724
:1019C00000F1AA80380700F1B080204600F09EFBAD
:1019D00002E0204600F09CFB0025F80500F1848021
:1019E000F80300F1AA80300707D51BF0100004D0DF
:1019F000206845F400751021C160700708D51BF000
:101A0000080005D020680821C160204600F0E6F9F2
:101A1000B00706D52068C068800702D0204600F0D5
:101A2000DFF9700607D51AF0100004D0206845F4DD
:101A3000806510210161B00608D51AF0080005D0B4
:101A4000206808210161204600F07CFAF00606D5E6
:101A500020680069800702D0204600F075FAB003C4
:101A600008D519F0100005D02068102141602046EB
:101A700000F01CFBF00308D519F0080005D0206821
:101A800008214160204600F04DFB300440F18F807A
:101A90005FEA497040F1888006F4807008EA1020FF
:101AA00028435FEA8871014648BF41F00201B20550
:101AB00058BF01465FEA48700D4648BF45F004052F
:101AC000700558BF0D4630056ED518F070006BD00C
:101AD00010380009052862D8DFE800F0035C565989
:101AE000535F45F008055AE020684FF48071BA054D
:101AF00081600AD4780512D4380519D4204600F044
:101B000009FBF8037FF56FAF17E0204600F004FBF8
:101B1000F8037FF568AF10E04FF400655DE705F569
:101B20000055F8037FF55FAF07E04FF4805554E7A9
:101B300005F58045F8037FF556AF20684FF48031F6
:101B4000BA0381600AD478030FD4380313D4204633
:101B500000F0E4FA30073FF548AF4EE7204600F0CA
:101B6000DFFA30073FF541AF47E705F5004530079D
:101B70003FF53BAF41E705F5803530073FF535AF21
:101B80003BE745F080050AE045F0200507E045F019
:101B9000400504E045F0100501E045F4807520683B
:101BA000816921F0700181612068042141604DB19B
:101BB000606A40EA05012046616201B0BDE8F04F6D
:101BC000FFF72EBE01B0BDE8F08F0000002804BF73
:101BD00001207047B0B5044690F8200010B92046A7
:101BE00000F06EF82068016841F00101016000F02A
:101BF00013FE054620684168C90705D100F00CFEB8
:101C0000401B0B28F6D310E0016821F002010160AF
:101C100000F002FE054600BF2068416889070DD527
:101C200000F0FAFD401B0B28F6D3606A052140F452
:101C300000306062012084F82010B0BD217E02686F
:101C4000012922F0800208BF80320260617E0268B2
:101C5000012922F0400208BF40320260A17E0268E2
:101C6000012922F0200208BF20320260E17E0268D2
:101C7000012922F0100218BF10320260217F026891
:101C8000012922F0080208BF08320260617F026861
:101C9000012922F0040208BF04320260D4E901C223
:101CA000D4E9033561691A432A431143ACF10102B7
:101CB0001143C16100200121606284F82010B0BD91
:101CC00010B586B0006846F60002C4F2000200219A
:101CD0009042CDE90411CDE90211019133D046F2D1
:101CE0000041C4F20001884276D140F20451C2F2B0
:101CF00000010A6843F64000C4F20200531C0B6066
:101D000052B900210091016841F000710160016841
:101D100001F00071009100990021009150F8101C11
:101D2000142441F0080140F8101C50F8100C032155
:101D300000F008000090009840F20040C4F2020059
:101D400000F5006034E043F64000C4F20200009168
:101D5000016841F080610160016801F080610091DB
:101D6000009940F20451C2F200010A68531C0B6052
:101D700052B900210091016841F0007101600168D1
:101D800001F00071009100990021009150F8101CA1
:101D9000412441F0020140F8101C50F8100C602161
:101DA00000F002000090009840F20040C4F20200EF
:101DB0000191022102910021039103210491092143
:101DC000059101A900F058FC20460521002200F0F1
:101DD000F3FE204600F0DEFE06B010BD70470000A6
:101DE000F0B583B000210646FFF71CFDC7B2072FF0
:101DF00011D34EF270154EF285124EF26D13C0F6ED
:101E0000000546A1C0F60002C0F600030020CDE99F
:101E1000007505F0E5F940F2B845C2F2000505F19C
:101E20001C04304600212A462346FFF70BFD42F2F0
:101E3000EC10C2F20000864207D042F21420C2F237
:101E40000000864217D003B0F0BD41F6FC60C2F23C
:101E5000000000780028F0D0296841F6BC67C2F283
:101E6000000700BF3B685A8D91421AD0013807F134
:101E70000407F7D1E1E741F6FD60C2F20000007807
:101E80000028E0D0296841F6DC66C2F2000600BFF7
:101E900033685A8D914221D0013806F10406F7D1FA
:101EA000D1E7D3F837000028C7D028692146C2B24D
:101EB00083F8340003F12C00FEF7A3FA38684FF6DC
:101EC000FF73B0F8351001318AB2D21A18BF0A4632
:101ED000D0F83710A0F835208847AEE7D3F83700A0
:101EE0000028B0D028692146C2B283F8340003F13B
:101EF0002C00FEF786FA30684FF6FF73B0F8351005
:101F000001318AB2D21A18BF0A46D0F83710A0F8A9
:101F1000352003B0BDE8F040084700BF20202573FE
:101F200025735258204649464F30204D65737361E2
:101F3000676520436F756E742069732025640D0AF0
:101F40002573000070470000F0B583B001210646FC
:101F5000FFF768FCC7B2072F11D34EF270154EF28F
:101F600085124EF26D13C0F6000546A1C0F60002C0
:101F7000C0F600030020CDE9007505F031F940F20C
:101F8000DC45C2F2000505F11C04304601212A4659
:101F90002346FFF757FC42F2EC10C2F200008642E3
:101FA00007D042F21420C2F20000864217D003B0DC
:101FB000F0BD41F6FC60C2F2000000780028F0D0CD
:101FC000296841F6BC67C2F2000700BF3B685A8D22
:101FD00091421AD0013807F10407F7D1E1E741F641
:101FE000FD60C2F2000000780028E0D0296841F6C8
:101FF000DC66C2F2000600BF33685A8D914221D0E0
:10200000013806F10406F7D1D1E7D3F837000028EC
:10201000C7D028692146C2B283F8340003F12C00EE
:10202000FEF7EFF938684FF6FF73B0F8351001315D
:102030008AB2D21A18BF0A46D0F83710A0F8352055
:102040008847AEE7D3F837000028B0D0286921468A
:10205000C2B283F8340003F12C00FEF7D2F93068E5
:102060004FF6FF73B0F8351001318AB2D21A18BF9B
:102070000A46D0F83710A0F8352003B0BDE8F0408C
:10208000084700BF20202573257352582046494633
:102090004F31204D65737361676520436F756E74B2
:1020A0002069732025640D0A257300007047000025
:1020B000B0B5044690F8200001281DD1022084F814
:1020C00020002068016821F00101016000F0A4FBFC
:1020D000054600BF20684068C00713D000F09CFB95
:1020E000401B0B28F6D3606A40F400306062052084
:1020F00084F820000120B0BD606A40F400206062D6
:102100000120B0BD00206062B0BD0000704700003B
:1021100070470000704700007047000070470000E3
:10212000704700007047000070B5866D044600F0EF
:1021300073FB94F83510022925D105462068216CDF
:10214000026822F016020260426922F080024261B7
:1021500009B9A16C19B1016821F008010160016899
:1021600021F00101016000BF20680068C0070ED0A7
:1021700000F052FB401B0628F6D3202060650320A8
:1021800084F835000CE080206065012008E0E06DF7
:102190003F2101FA00F0B060012084F835000020F2
:1021A000002184F8341070BD90F83510022909D14F
:1021B000052180F835100068016821F001010160F7
:1021C000002070478021416501207047F0B581B043
:1021D0000021009140F22401C2F200010B68D0E915
:1021E000166148F2B51537680822C1F64E358A40A7
:1021F0003A42A3FB05350CD003681C68640708D578
:102200001C6824F004041C60B260426D42F00102BC
:10221000426501228A403A4208D003685B691B0686
:1022200004D5B260426D42F00202426504228A4047
:102230003A4208D003681B689B0704D5B260426D20
:1022400042F00402426510228A403A4216D00168E8
:102250000B681B0712D5B2600B680A685B0306D4D3
:10226000D20506D40A6822F008020A6001E01103D0
:102270003FD4016C11B1044688472046C26D20212D
:1022800001FA02F33B4241D001680F68FF063DD5D9
:10229000B36090F835700B68052F1AD123F0160340
:1022A0000B604B6923F080034B61036C0BB9836CAB
:1022B0001BB10B6823F008030B603F219140B16014
:1022C000012180F83510016D002280F83420D9BB3F
:1022D0003EE00A685B0310D4D20512D40A6822F0EB
:1022E00010020A60012180F83510002180F83410B6
:1022F00007E0816C0029BED1C0E7110301D4416C15
:1023000000E0C16B11B1044688472046416DF9B128
:10231000416DC90716D0052180F835100168AA0A59
:102320000B6823F001030B60009B01339342009381
:1023300002D80B68DB07F7D1012180F835100021A6
:1023400080F83410C16C19B101B0BDE8F040084705
:1023500001B0F0BD2DE9F041044600F05DFAC4B1D2
:102360000546022084F835000020216884F83400F6
:10237000086820F00100086020680168C9070BD0D8
:1023800000F04AFA401B0528F6D903212022032039
:102390007AE00120BDE8F081016848F23F02CFF207
:1023A0001002D4E9013501EA020ED4E9032143EA1F
:1023B0000E032B43D4E9056C1A43D4E90778114383
:1023C000314341EA0702616A42EA0802042942EA0B
:1023D0000C0303D1D4E90B273A431343036042694A
:1023E000042922F0070241EA02012DD1D4E90A535F
:1023F00041EA050143B3BCF5005F08D0BCF1000F12
:1024000012D1022D16D0012D07D09DB119E0032D58
:1024100017D8DFE805F00B0F0B02A3F1C072B2FA78
:1024200082F252094AB90FE0032D02D2012222B9E9
:102430000AE006D1C3F3006232B10121402201203B
:1024400022E00022002AF8D100F0F8024AF6AB237D
:10245000103ACAF6AA23A2FB03374EF24D1341618C
:102460003909C0F60003595C40F2FF3398435F2AF4
:102470004FF03F0288BF0430C4E9160102FA01F1AF
:102480008160002201210020626584F83510BDE8DA
:10249000F081000090F834C0BCF1010F04BF0220AD
:1024A000704770B54FF0010C80F834C0D0F858E098
:1024B00090F835C0BCF1010F37D14FF0020C80F815
:1024C00035C04FF0000CC0F854C0D0F800C084688C
:1024D000056CC06DDCF80060402C26F48026CCF83A
:1024E0000060CCF804300B4604BF13460A463F2177
:1024F00001FA00F0CCF80830CCF80C20CEF8080037
:10250000DCF8000040F01600CCF800002DB1DCF83B
:10251000000040F00800CCF80000DCF8000040F0BB
:102520000100CCF80000002070BD002180F83410BC
:10253000022070BDB0B5044600F06EF9054640F2C9
:10254000B830C2F200000078611C18BF044400BF1C
:1025500000F062F9401BA042FAD3B0BD10B50138BB
:102560001F2800F24D80DFE800F010454B4B4B4B2D
:102570004B304B4B4B4B4B4B4B4C4B4B4B4B4B4BC5
:102580004B4B4B4B4B4B4B4B4B670AF08DFB012896
:1025900036D040F25850C2F2000040F200540068B9
:1025A000C2F20004214609F0C5FC2068002808BFDB
:1025B00010BD4EF60450CEF200004FF08051016085
:1025C000BFF34F8FBFF36F8F10BD42F61450C2F2AE
:1025D0000000017841F001010170017811F0010162
:1025E00001700DD0017801F0FE010170017841F019
:1025F000020104E041F60470C2F200000121017002
:1026000010BD41F66D60C2F20000017841F0010199
:10261000017041F66C60C2F20000017841F00101E6
:10262000017042F6AF40C2F2000000780028E7D007
:10263000BDE8104008F0B6BB41F60D70C2F20000D4
:10264000017841F00101017042F6AF40C2F2000092
:1026500000780028D4D0BDE8104008F0A3BB0000EB
:1026600043F61441C4F201010A68024214BF086033
:102670007047FFF773BF00002DE9F04F83B000F102
:10268000200200F13E4741F60045009207F1FF7736
:10269000C4F2020508224FEAB726A84208BF072263
:1026A000072E38BF4FEAB72200274FF0000A4FF03D
:1026B000000801920AE000BF08F101080AF1020ACD
:1026C000B8F1100F07F1040700F09D800D6801229A
:1026D00002FA08FC15EA0C09EED04D68032205F059
:1026E000030BABF10106012E02FA0AFE10D8866830
:1026F000CC6826EA0E0604FA0AF43443846044687F
:10270000C5F3001524EA0C0605FA08F52E434660C9
:10271000BBF1030F1BD0C6688D6826EA0E0605FACA
:102720000AF52E43BBF1020FC66010D16FF0030211
:10273000009D02EA580655F806C007F01C040F2257
:102740000B69A2402CEA0202A3401A43AA51026874
:102750004B6822EA0E0203F0030606FA0AF6324339
:1027600013F4403F0260A7D0002243F644030292D4
:10277000C4F202031A6843F6004442F480421A602D
:102780001A68C4F2010402F480420292029A28F00C
:1027900003024FF6084C2244CFF6FF7C52F80C306F
:1027A00007F00C060F25B540AB43019D05FA06F670
:1027B000334342F80C30A2684B6842EA090643F6FC
:1027C0000C4CDD0258BF22EA0906A660C4F2010CD7
:1027D000DCF800209D0242EA090658BF22EA0906F9
:1027E000CCF8006062689D0342EA090658BF22EAFD
:1027F000090666602268DB0342EA090658BF22EA3E
:102800000906266058E703B0BDE8F08F002A08BF2C
:10281000090481617047000046F6EC20C2F2000016
:1028200000687047002804BF01207047F0B581B0F0
:10283000044690F83D0028B9002084F83C0020466A
:1028400000F0A8F8242084F83D002068016821F0F9
:1028500001010160016841F400410160016821F457
:102860000041016001F0D4F8636848F2A16CC0F245
:10287000010C40F60011C0F23D0163453CBF48F237
:102880008041C0F21E01884202D2012001B0F0BD99
:102890004DF68361C4F21B31A0FB01122168970C35
:1028A000D1F804E04FF496762EF03F0545EA9245C4
:1028B0004D60774348F638160D6AC0F24106A7FB13
:1028C000067625F03F07634538BF960C721C3A43E5
:1028D0000A62CA6948F2A0664CF6FF77C0F20106A8
:1028E000B34222EA070C0AD801385A00B0FBF2F0D2
:1028F00001306FF31F30042898BF042020E0A26845
:102900001927002A08BF032701385F43B0FBF7F7F8
:1029100001373F0509D052B119225A43B0FBF2F0FA
:102920000422013062F31F3008E0012008E003EBCD
:102930004302B0FBF2F001306FF31F3040F400406F
:1029400040EA0C00C8610868D4E9072320F0C00001
:10295000104318430860886848F2FF3204F10C07FE
:1029600090438CCF18431043A6698860C86820F054
:10297000FF0038433043C860086840F00100086039
:1029800000202021206484F83D10206384F83E005C
:1029900001B0F0BD2DE9F04786B045F6004600686D
:1029A000C4F200060025B0420595CDE90355029515
:1029B000019502D006B0BDE8F08743F630070095D8
:1029C000C4F20207386801AC40F00400386038688F
:1029D0004FF0120800F0040000900098009538684D
:1029E0004FF0030940F00100386038684FF0040AE6
:1029F00000F00100009000984FF40070019006F57F
:102A0000D6302146CDE90285CDF81090CDF814A03E
:102A1000FFF732FE4FF48070CDE9010803A880E88B
:102A2000200606F5D2302146FFF726FE00953869CC
:102A300040F400003861386900F40000009000980C
:102A400006B0BDE8F087000040F2B83046F6EC2151
:102A5000C2F20000C2F2000100780A681044086067
:102A60007047000080B543F60040C4F202000168E0
:102A700041F400710160016841F480610160016806
:102A800041F480710160032000F0C2F80F2000F0D3
:102A900005F800F05DF8002080BD000070B586B03C
:102AA000002543F640010195C4F202010A6804467C
:102AB00042F040020A60096801A801F0400101915A
:102AC0000199694600F07EFF049E002E18BF012682
:102AD00000F09EFF4DF68361B040C4F21B31A0FBB5
:102AE00001014FF0FF3000EB914142F6FC2041F62E
:102AF0000002C2F20000C4F2000240F2E733C0E973
:102B00000021C0E902530561856101F02BFC08B189
:102B100006B070BD42F6FC20C2F2000001F0B8FC25
:102B20000028F5D105462B2000F034F80F2C0CD8E6
:102B30002B202146002200F03FF840F2BC30C2F2C8
:102B400000000460284606B070BD012006B070BDCC
:102B500082B0002043F640010190C4F202014A68AD
:102B600042F480424A604A6802F480420192019A2B
:102B700000900868002240F08050086008680F212B
:102B800000F08050009000986FF0010002B000F05B
:102B900013B80000002848BF704700F01F01012251
:102BA00002FA01F11C2202EAD0004EF20012CEF22B
:102BB000000281507047000010B54EF60C5CCEF25A
:102BC000000CDCF80030C3F3022E8EF00704042C56
:102BD00028BF0424BEF103034FF0FF3E0EFA04F4B5
:102BE00038BF0023A14399400EFA03F39A431143DF
:102BF00000F1604200F00F03090102F56442043B5A
:102C00006344002848BF03F10C02117010BD00009E
:102C10004EF60C51CEF200010A684FF6FF031A403F
:102C200060F30A2242F0806040F0FD700860704757
:102C3000704700000268002051627047B0B5D0F8BC
:102C400000E0DEF82400D1B1DEF82830B1F1010C4B
:102C500000EB13430BD05FFA8CF10EF5807000246B
:102C600050F8045F01348C4203EB1543F8D343EA78
:102C700002400EEB8C01C1F804010020B0BD40EA17
:102C80000240CEF828000020B0BD0000D0F8E004DB
:102C900006F0A8BA01EBC102D0F8E03400EB8200E4
:102CA000026A184606F00ABA01EBC102D0F8E03415
:102CB00000EB8200D0F86022184606F059BA0000F6
:102CC000D0F8E00406F090BA10B501F00F0E0A46F5
:102CD0004FFA81FC0EEBCE0100EB810303F5157179
:102CE000BCF1000F48BF03F1140190F89434D209ED
:102CF000012B4A7081F800E004BF022010BD026879
:102D0000012380F894340446104606F09BFF00200F
:102D100084F8940410BD0000037901F00F029A4278
:102D200084BF0120704710B502EBC20300EB8303A0
:102D30004FFA81FC8E4603F51571BCF1000F48BFB8
:102D400003F114014FEADE134B7090F894344FF006
:102D5000000C012B81F802C00A7004BF022010BDD4
:102D60000268012380F894340446104607F0F6F810
:102D7000002084F8940410BD01F00F0101EBC101A3
:102D800000EB8100D0F8680270470000B0B501F098
:102D90000F0E8C464CB20EEBCE0100EB810505F513
:102DA0001571002C48BF05F114015FEADC156FF3C3
:102DB000DF224D7081F800E08A600B7118BFA1F826
:102DC0001AE0022B04BF00224A7190F89424012AD1
:102DD00004BF0220B0BD0268012380F89434044689
:102DE000104606F05BFE002084F89404B0BD00009D
:102DF00010B501F00F0E0EEBCE0100EB81044FF089
:102E0000000CC4F868C284F855C290F806C004F5F6
:102E10001571C4F86022C4F86432BCF1010F84F863
:102E200054E208BFCA610068624607F0DDF800207E
:102E300010BD0000B0B5027901F00F0494424FF0CC
:102E400001022CD801EBC10300EB83034FFA81FC94
:102E500003F5157304EBC405C90900EB8505BCF146
:102E6000000F48BF05F11403597090F894149A703C
:102E700001291C7004BF0220B0BD0168054680F81E
:102E800094240846194607F091F82CB92868A979C6
:102E900005F29C4207F034F8002285F8942410468D
:102EA000B0BD000001F00F0C0CEBCC0100EB810178
:102EB00001F814CF4FF0000C0B618379C1F814C0F6
:102EC0004FF0010CCA60012B81F801C008BFCA6134
:102ED00080B500681A4607F087F8002080BD000022
:102EE0002DE9F04F87B005688246284607F0F4F9CF
:102EF00010B107B0BDE8F08FDAF8000007F01AFA59
:102F00000028F6D0D5F80808C0F30D21DAF8000043
:102F1000CAF8D41407F00EFA800705D5DAF80000D5
:102F2000416901F002014161DAF8000005F5006134
:102F3000049107F0FFF9C006059536D5DAF80000D0
:102F4000816921F0100181612C6A04F00F0000EB0F
:102F5000C0000AEB8001C4F34340062801F5157553
:102F600011D002281AD147F6F07014EA000615D0E5
:102F7000E96834090598224607F0E0F9E86800EBB3
:102F80001610E86007E005980AF29C41082207F055
:102F9000D5F9C4F30A14686920446861DAF80000BE
:102FA000816941F010018161059DDAF8000007F0A8
:102FB000C1F9000340F1EC80DAF8000007F098F95D
:102FC000002800F0E58006460AF29C404FF4306885
:102FD00000244FF0000B06901AE000BF05EB08003C
:102FE00002218160B80642BF05EB08002021816004
:102FF000B80442BF05EB08004FF4005181600BF1AB
:10300000010B760808F1200804F1240400F0C080C8
:10301000F007F4D0DAF800005FFA8BF9494607F0C0
:1030200081F90746C0075FD005EB080001218160E8
:10303000DAF8000008EB0001036C8A689AF8065081
:10304000012D25D1150732D4950600F1998043F260
:103050000B05C4F65475AB42059D02D312F4004231
:103060002FD10AEB0402D2F8743209696FF3DF4101
:10307000A3EB0101C2F8681294BBD2F86432002BB2
:1030800000F08480D2F860020844C2F8600227E0B1
:1030900043F20B05C4F65475FF35AB4217D1059DBD
:1030A00010040ED4900644BF2020886018E043F23C
:1030B0000B00C4F65470059D834215D312F40040F2
:1030C00012D04FF40040886038070FD438E0059DD7
:1030D00034B9DAF8641219B90021069A06F010FF23
:1030E00050464946FFF7E0FD380729D505EB0800B3
:1030F00008218160DAF8000043F20B02056C4044BD
:103100008168C4F65472954205D311F400411CBF86
:103110004FF400418160504600F062FB43F20B0027
:10312000C4F654708542059D0AD39AF8060001281A
:1031300006D1DAF80000069A012106F0E1FE00BF90
:10314000F80642BF05EB080010218160B8077FF543
:1031500049AF6869000604D50499486840F4806066
:1031600048600AEB040090F8571201297FF436AF4B
:10317000002180F857125046494600F04DFA2DE7DD
:1031800020208860059D3807B0D4D9E70121A4E745
:10319000DAF80000CDF818A007F0CCF8400340F1B1
:1031A000D1800698006807F09BF8002800F0CA80DC
:1031B000064605984FF0010B00F5106706980025AC
:1031C00000F1140900F29C400190CDE9029704E05F
:1031D000760805F1010500F0B580F007F8D00698F3
:1031E0005FFA85FA0068514607F08AF80446C0077E
:1031F00026D0049A05F00F00516B0BFA00F021EA7B
:103200000000506307EB4510C0F808B006988079BD
:10321000012811D105EBC50009EB8000D0E90212AD
:103220001144C16045B9006930B90698019A006837
:10323000012106F065FE00BF06985146FFF72AFD02
:10324000200742BF07EB451008218160E00642BF1E
:1032500007EB451010218160600642BF07EB451067
:1032600040218160A00715D50598294607F002F88E
:1032700005EBC50009EB800010F8031F012905D1FB
:10328000002101700698514600F0C2F907EB451085
:103290000221816020069BD505EBC50009EB800863
:1032A000D8E90410814293D3069A081A1468D8F812
:1032B0000820904238BF024604EB4510D0F8181998
:1032C000033289B2B1EB920F28D300F5106900BF29
:1032D000D8E90420824221D9101A069AD8E902B10D
:1032E0009779584538BF83461FFA8BF320465246DC
:1032F000009707F011F9D8F80C00D8F814105844CA
:10330000C8F80C0001EB0B00C8F81400D9F818003D
:103310000BF1030180B2B0EB910FD9D2D8E90401CF
:10332000DDE9029788424FF0010B3FF651AF05F0FF
:103330000F00D4F834180BFA00F021EA0000C4F8AA
:10334000340845E7069C206806F0F4FF059DB0F1BF
:10335000FF3F18DC0499486820F00100486094F8A9
:10336000CC04012807D1002084F8CC042046002199
:10337000FFF75EFC02E0204600F016FA2068416983
:1033800001F000414161206806F0D4FF00050BD533
:1033900004988068C00702D0204600F049FA2068EF
:1033A000416901F400614161206806F0C3FFC00477
:1033B0004DD50499486820F001004860206810212C
:1033C00006F058FF2079D0B105F510614FF67F3235
:1033D0008A600B68013823F400130B60C1F80822DF
:1033E000D1F8003223F40013C1F80032D1F80032D2
:1033F00043F00063C1F8003201F12001E8D1049FDD
:103400008421F869442240F00110F861E07B002833
:103410004FF00B0008BF142108BF42F22B007B586D
:1034200008BF102218437850B85840F00B00B8502D
:10343000386804F29C4220F4FE6038602068A1796C
:1034400006F05EFD2068416901F480514161206809
:1034500006F070FF800416D5206806F05FFB206838
:1034600006F02CFF2568E07100F0CCFAE279014605
:10347000284606F0C9FF204600F082F9206841691D
:1034800001F400514161206806F054FF000707D5A0
:10349000204600F08DF92068416901F00801416182
:1034A000206806F047FF000627D50599886920F0B7
:1034B00080008861207902281FD304F5157804F173
:1034C0001405012640F27B2706E000BF2079013673
:1034D000864207F1240710D2E05D0128F6D106F0FC
:1034E0000F0000EBC0023006206805EB820158BFD8
:1034F00008EB820106F070FEE8E7206806F01AFF8C
:10350000C0022CD52079022824D3059804F114098F
:1035100000F5126504F13B064FF00108012706E0B3
:10352000207901372035874206F1240612D2286817
:1035300071780129F4D1B0F1FF3FF1DC07F00F0001
:1035400000EBC001206809EB810186F8008006F0DD
:1035500043FEE5E72068416901F48011416120687C
:1035600006F0E8FE800232D52179059D022929D393
:1035700005F53260013904F51F72012305E000BF33
:103580002030013902F124021CD007681678012E80
:10359000F6D1B7F1FF3FF3DCD4F8D46407F48037F9
:1035A00006F00106B742EBD102F8013CAF6947F0E3
:1035B0008007AF616F693F06E2D40499486840F420
:1035C000007048602068416901F400114161206881
:1035D00006F0B0FE400007D52046FFF757FB2068F5
:1035E000416901F080414161206806F0A3FE400777
:1035F0007FF57FAC20684568680702D52046FFF755
:103600005FFB206841682943416007B0BDE8F08F47
:10361000D0F8E00405F04CBED0F8E00405F05EBE42
:10362000002804BF01207047B0B582B00446056889
:1036300090F8950428B9002084F89404204600F0FE
:103640005BF80320B5F1A04F84F8950404BF002077
:10365000A071206806F04CFC94E80F00257C0095D2
:1036600006F06CFAB8BB2068002106F089FE90BB1A
:10367000207948B300EBC000800000214FF0010C1E
:1036800000230022E51824332A75EA85984202F1C6
:10369000010285F815C02976C5E907116962F1D1E3
:1036A00000210022002300BFA518243285F85432DF
:1036B000904203F1010385F8551285F85812C5E9C7
:1036C0009711C5F86412EFD194E80F00257C00959E
:1036D00006F018FB28B1022084F89504012002B0FE
:1036E000B0BD00206074012084F89504206806F0C5
:1036F000F9FA002002B0B0BDB0B586B00068002471
:10370000B0F1A04F0594CDE903440294019401D097
:1037100006B0B0BD43F630050094C4F20205286837
:1037200001A940F001002860286800F00100009025
:1037300000984FF4C05001900220CDE9020403200C
:1037400004900A2005900020C4F20200FEF794FFC6
:103750006868052140F08000686000946869002274
:1037600040F480406861686900F4804000900098EF
:103770004320FFF721FA4320FFF70CFA06B0B0BD53
:1037800010B5C179044621B1022901D0FDF7A2FD8F
:103790000121D4F8E00405F027FED4F8E004BDE8E8
:1037A000104005F0D7BD0000D0F8E00405F002BEDF
:1037B000D0F8E00405F008BE90F89424012A04BF74
:1037C0000220704710B5012280F8942441740268E9
:1037D0000446104606F006FE002084F8940410BD4E
:1037E000D0F8E02400F29C41104605F013BE000022
:1037F00010B5044690F89404012804BF022010BDBF
:103800002068012184F89414C168490606D5617BBB
:10381000012903D1816B41F48031816306F022FDDF
:10382000206806F04FFA002084F8940410BD0000D0
:1038300010B50446D0F8E00405F040FE2068D0F84A
:10384000001E41F00101C0F8001EE07A002808BF08
:1038500010BD4EF61050CEF20000016841F0060196
:10386000016010BD002804BF012070472DE9F04120
:1038700043F60808C4F202080446D8F8F8030D46D7
:1038800000F00700884207D288F8F853D8F8F80308
:1038900000F00700A84276D12068810717D54107BC
:1038A00005D5D8F8001041F4E051C8F80010010720
:1038B00005D5D8F8001041F46041C8F80010D8F8D8
:1038C0000010A26821F0F0011143C8F80010C007F1
:1038D0003FD1D8F8F80300F00700A84207D988F8CC
:1038E000F853D8F8F80300F00700A8424BD120683D
:1038F000410707D5D8F80010E26821F4E0511143E0
:10390000C8F80010000708D5D8F80000216920F495
:10391000604040EAC100C8F8000000F0A1F8D8F803
:1039200000104EF21212C1F30311C0F60002515CF6
:1039300040F2240220FA01F140F2BC30C2F2000051
:103940000068C2F200021160FFF7A8F80020BDE88D
:10395000F0816068811E022907D258F8081C89018D
:103960005CBF0120BDE8F08110E0012807D158F8C4
:10397000081C89035CBF0120BDE8F08106E058F80F
:10398000081C890702D40120BDE8F081D8F8001096
:1039900021F003010843C8F80000FEF73DFF06468A
:1039A00041F28837D8F80000616800F00C00B0EBF5
:1039B000810F8ED0FEF730FF801BB842F2D9032072
:1039C000BDE8F0810F22026043F60802C4F2020251
:1039D000136803F003034360136803F0F00383608C
:1039E000136803F4E053C360D2F800C04FF4E0530F
:1039F00003EADC030361D2F8F80300F00700086073
:103A00007047000040F22400C2F2000000687047D6
:103A100040F2240043F60801C2F20000C4F20201A1
:103A2000006809684EF22212C1F38221C0F600023A
:103A3000515CC8407047000040F2240043F6080182
:103A4000C2F20000C4F20201006809684EF22212BC
:103A5000C1F34231C0F60002515CC840704700001B
:103A600010B543F60404C4F20204606800F00C00D0
:103A700008280AD0042819BF42F20040C0F2F4001E
:103A800041F60030C0F2B70010BD206821682368FD
:103A9000490241F60031C0F2B70100F03F02C3F322
:103AA00088105CBF42F20041C0F2F401A1FB0001AA
:103AB0000023FCF70FFC21680222C1F3014102EB55
:103AC0004101B0FBF1F010BD002804BF0120704798
:103AD0002DE9F04182B00446007843F60006C007A5
:103AE000C4F2020649D0B06800F00C00042809D1E5
:103AF0003068800341D5606800283ED1012002B0C3
:103B0000BDE8F081B06800F00C00082802D17068B0
:103B10004002EDD465683068B5F5A02F05D0B5F545
:103B2000803F09D140F480300CE040F480203060C8
:103B3000306840F4803005E020F480303060306838
:103B400020F480203060FEF767FE002D054611D07E
:103B50003068800311D4FEF75FFE401B6428F7D95C
:103B600028E100BFFEF758FE401B64284FF0030019
:103B700000F2E08030688003F4D4207880071BD501
:103B8000B06810F00C0F09D0B06800F00C000828E5
:103B900040F085807068400200F1818030688007C5
:103BA00003D5E068012840F09A803068216920F050
:103BB000F80040EAC10030602078000734D4207853
:103BC000400746D4A5695DB3B06800F00C00082832
:103BD00040F09C80012D00F082807068E16900F463
:103BE00080028A427BD1216A00F03F028A4276D16C
:103BF00047F6C071626A0140B1EB821F6FD1A16AC2
:103C00004FF6FF73C903994300F44032A1F58031A8
:103C10008A4264D1E16A00F07060B0EB016F5ED15E
:103C2000002002B0BDE8F081606900285BD0002070
:103C3000C4F247200121C0F8801EFEF7EDFD0546C5
:103C4000706F8007BBD4FEF7E7FD401B0228F7D951
:103C5000B0E0306C5FEAC0080AD400200190306CFC
:103C600040F080503064306C00F08050019001983A
:103C700047F20007C4F200073868C00526D4386848
:103C800040F480703860FEF7C7FD05463868C0050F
:103C90001CD4FEF7C1FD401B0228F7D98AE0E0687A
:103CA000002840F20000C4F2472053D001210160F7
:103CB000FEF7B2FD054600BF306880073FF575AFDF
:103CC000FEF7AAFD401B0228F6D973E0A568306F05
:103CD000052D51D0012D56D140F0010059E00120B1
:103CE00002B0BDE8F0810020C4F247200021C0F8F6
:103CF000801EFEF791FD0546706F80077FF55FAF70
:103D0000FEF78AFD401B0228F6D953E00027C4F2D3
:103D1000472700203866FEF77FFD022D05460DD1AE
:103D2000306880015DD5FEF777FD401B02284FF01B
:103D30000300F5D902B0BDE8F08100BF3068800112
:103D40007FF56EAFFEF768FD401B02284FF00300C1
:103D5000F4D9EFE700210160FEF75EFD054600BFE4
:103D6000306880077FF528AFFEF756FD401B02281C
:103D70004FF00300F4D9DDE740F004003067306F06
:103D800040F0010005E020F001003067306F20F0C6
:103D900004003067FEF740FD002D054641F28837EC
:103DA00013D000BF306F800712D4FEF735FD401BE3
:103DB000B842F7D9032002B0BDE8F081FEF72CFD30
:103DC000401BB8424FF00300B4D8306F8007F5D4E1
:103DD000B8F1000F3FF5F6AE306C20F08050306443
:103DE000F0E604F11C052FCD084340EA8210D90308
:103DF0004FF6FF729143A1F5803140EA0560084318
:103E0000706001203866FEF707FD044630688001C7
:103E10003FF506AFFEF700FD001B02284FF0030040
:103E2000F4D987E770B528B1416A29B10021016151
:103E3000142106E0012070BD4168B1F5827F02D0F7
:103E40001C21002242500026866290F8511029B9A8
:103E500080F85060054600F03DF82846022180F8C1
:103E6000511090E82E0002F482720C6803F40443AF
:103E700024F040040C601A4405F4006305691A44F8
:103E800005F0020345691A4405F001038569C46918
:103E90001A4405F400731A4404F03803046A1A44FF
:103EA00004F08003846A1A4304F400531A430A603E
:103EB000436A042202EA154203F010031A444A60DE
:103EC000CA6922F40062CA610121466580F8511076
:103ED000304670BD2DE9F04F87B0044643F200072D
:103EE0000068C4F201070026B8420696CDE90466D0
:103EF0000396029602D007B0BDE8F08F43F630007B
:103F00000196C4F20200416902AD41F48051416161
:103F1000416946F2404801F48051019101990196AE
:103F200001684FF0020941F00201016001684FF0A1
:103F3000030A01F0020101910199019601684FF015
:103F4000050B41F0010101600068294600F0010005
:103F5000019001981820029007F55440C4F202081D
:103F6000CDE90396CDF814A0CDF818B0FEF784FB88
:103F70008020CDE9020904A880E8400C07F55040F4
:103F80002946FEF779FB42F23C25C2F200054FF0CC
:103F9000C0674FF480692846C5E90087C5E9026615
:103FA000C5E90496C5E90666C5E90866FEF7D2F9D3
:103FB000002818BFFDF78EF9E564AC6342F29C253A
:103FC00008F11800C2F200054021C5E9000705F11B
:103FD0000800002280E806022846C5E90522C5E956
:103FE00007226A62FEF7B6F9002818BFFDF772F9DA
:103FF000A564AC6307B0BDE8F08F00002DE9F04385
:1040000083B01E4615460F460446FEF705FC94F89D
:1040100051108146012908D1002F4FF0010018BF2F
:10402000002D0ED103B0BDE8F0836068B0F5827F4B
:104030000DD104294FF00200F4D1A1680029EBD082
:10404000F0E7002EEED094F85000012803D10220B2
:1040500003B0BDE8F083012084F8500094F85100CB
:10406000002104281CBF052084F851006165A56368
:10407000E687A6872763E6862068A68621646164B2
:104080000168490603D4016841F04001016061689C
:10409000731EE268B1FA81F1B3FA83F3DDF8288088
:1040A00049095B09B2F5006F41EA030137D131B12B
:1040B00037F8021BC1602763E08E0138E0860126D5
:1040C00008F10105E08E10B9E08F00286CD020685F
:1040D000816889070CD5E18E51B1012E08D1216B81
:1040E000002631F8022BC2602163E18E0139E1869E
:1040F0008168C9070AD0E18F41B1C068A16B012670
:1041000021F8020BA163E08F0138E087FEF784FB02
:10411000002DD7D0A0EB09004045D3D33AE039B108
:1041200039780173206B01302063E08E0138E0861E
:10413000012608F1010500BFE08E08B9E08F98B3B1
:104140002068816889070DD5E18E59B1012E09D10A
:10415000216B002609780173206B01302063E08E0B
:104160000138E08620688168C9070BD0E18F49B12A
:10417000C068A16B01260870A06B0130A063E08FBE
:104180000138E087FEF748FB002DD5D0A0EB0900F1
:104190004045D1D3012084F85100002084F850001C
:1041A000032003B0BDE8F0832046022101224346EC
:1041B000CDF8009004F084F860B1606D40F020000C
:1041C000606520206065002084F85000012003B065
:1041D000BDE8F08340F22400C2F20000006849F616
:1041E0008171C1F25E61A0FB0101480D4FF47A714B
:1041F000484302906068B0F5827F0AD12046802152
:1042000000224346CDF8009004F05AF80028D4D19B
:1042100008E0029830B10298013802902068806866
:104220000006F6D4A06838B9002001902068C16863
:104230000191806801900198012084F851000020CC
:1042400084F85000606D002818BF012003B0BDE85D
:10425000F0830000704700007047000090F83C2099
:10426000012A04BF02207047B0B501F108053CCD1A
:10427000D1E900CE23F47C5322F470521A432EF479
:10428000F0431A432CF4E0431A4324F4C0431A4386
:104290002A43C96922F4804203681143596400210A
:1042A00080F83C100020B0BD90F83C20012A4FF06F
:1042B000020255D010B5012380F83C3080F83D2033
:1042C0000268D2F804E0D2F808C00C682EF070033F
:1042D000234341F2FF74C4F20004A24253600DDC98
:1042E00040F2FF73C4F200039A4215DCB2F1804F32
:1042F00029D040F20043C4F2000322E040F2FF3331
:10430000C4F201039A4212DC41F60003C4F2000336
:104310009A4218D0002312E040F60003C4F20003D2
:104320009A4210D040F60043C4F2000309E044F280
:104330000003C4F201039A4205D040F20043C4F2E4
:1043400001039A4204D149682CF08003194391601B
:104350000121002280F83D1080F83C20BDE810408B
:1043600010467047002804BF0120704710B504466E
:1043700090F83D0028B9002084F83C00204600F069
:104380001FF8022084F83D002068211D04F09EF8EB
:10439000012084F8460084F83E0084F83F0084F849
:1043A000400084F8410084F8420084F8430084F817
:1043B000440084F8450084F83D00002010BD000052
:1043C00080B582B000684FF6FF71C4F200018842E8
:1043D00019DC40F60001C4F2000188422CD040F6FE
:1043E0000041C4F2000188424FD10020019043F601
:1043F0004000C4F20200016841F008010160006859
:1044000000F008003FE044F20041C4F2010188429C
:104410002CD00021C4F20101884236D10020019045
:1044200043F64000C4F20200416841F001014160DE
:10443000406800F0010026E00020019043F64000B3
:10444000C4F202000168002241F00401016000682A
:10445000052100F00400019001981E20FEF7ACFB3E
:104460001E2002B0BDE88040FEF794BB0020019002
:1044700043F64000C4F20200416841F4003141605B
:10448000406800F400300190019802B080BD000047
:1044900090F83D1001291CBF01207047022180F8CF
:1044A0003D10006841F2FF72C168C4F20002904200
:1044B00041F00101C1600DDC40F2FF71C4F2000166
:1044C000884215DCB0F1804F29D040F20041C4F29F
:1044D000000122E040F2FF31C4F20101884212DC07
:1044E00041F60001C4F20001884218D0002112E018
:1044F00040F60001C4F20001884210D040F60041AD
:10450000C4F2000109E044F20001C4F20101884252
:1045100005D040F20041C4F20101884206D1816811
:1045200001F00701062904BF00207047016841F02F
:10453000010101600020704790F83C20012A4FF0F3
:1045400002026ED080B5012380F83C3080F83D2017
:10455000D0F800C04FF67772DCF8083023EA020288
:10456000CCF808200B684F2B28DC1F2B44DD202BB8
:1045700045D0302B43D0402B40F0AC80D1F804E044
:10458000C968DCF82030DCF8202022F00102CCF8E9
:104590002020DCF8182022F0F00242EA011123F07A
:1045A0000A0242EA0E02CCF81810CCF82020DCF8FF
:1045B000081041F0470121F0300127E06F2B32DD78
:1045C000B3F5005F73D0B3F5805F21D0702B40F05E
:1045D0008180D1E901E3C968DCF8082043EA0E03D1
:1045E00022F47F4243EA01211143CCF80810DCF8A1
:1045F000081041F0770109E00BB1102B6AD1DCF80B
:10460000081021F07001194341F00701CCF808109F
:104610000022012180F83D10002180F83C10BDE807
:10462000804010467047502B21D0602B52D1D1F8DA
:1046300004E0C968DCF82030DCF8202022F0100209
:10464000CCF82020DCF8182022F4704242EA013134
:1046500023F0A00242EA0E12CCF81810CCF8202069
:10466000DCF8081041F0670121F01001CEE7D1F825
:1046700004E0C968DCF82030DCF8202022F00102D8
:10468000CCF82020DCF8182022F0F00242EA0111D8
:1046900023F00A0242EA0E02CCF81810CCF82020CF
:1046A000DCF8081041F0570121F02001AEE7D1E914
:1046B00001E3C968DCF8082043EA0E0322F47F42D4
:1046C00043EA01211143CCF80810DCF8081041F44A
:1046D00080419BE701229CE77047000070B50446CB
:1046E0000068C5680669B10716D515F0020113D038
:1046F0006FF002010161012121778069800703D0F9
:104700002046FFF7E9FF05E0204600F017F92046B4
:1047100000F052FA00202077700718D515F0040039
:1047200015D020686FF004010161022121778069B2
:1047300010F4407F03D02046FFF7CEFF05E020466F
:1047400000F0FCF8204600F037FA00202077300710
:1047500017D515F0080014D020686FF0080101612A
:1047600004212177C069800703D02046FFF7B4FFFA
:1047700005E0204600F0E2F8204600F01DFA002097
:104780002077F00618D515F0100015D020686FF0CE
:104790001001016108212177C06910F4407F03D026
:1047A0002046FFF799FF05E0204600F0C7F82046B5
:1047B00000F002FA00202077F00718BF15F0010082
:1047C00002D1300609D412E020686FF001010161C6
:1047D000204600F0F3F9300609D515F0800006D028
:1047E00020686FF0800101612046FFF733FD7006FD
:1047F00009D515F0400006D020686FF04001016136
:10480000204600F0E5F9B00658BF70BD15F0200055
:1048100008D021686FF0200220460A61BDE8704090
:10482000FFF71ABD70BD000070B586B0006840F695
:104830000041C4F2000100248842CDE90444CDE9DE
:104840000244019446D044F20041C4F2010188427E
:1048500022D00021C4F2010188426DD100200090D5
:1048600043F63000C4F20200016841F0100101601B
:104870000068012100F01000009000984FF42060C3
:10488000019002200290CDE903100020C4F2020042
:10489000059100F580504CE0002043F63001009077
:1048A000C4F202010A6842F002020A60096801F0DB
:1048B0000201009100994FF4807101910221CDE92C
:1048C00002100490032005900020C4F2020000F5BD
:1048D00080602EE043F630000094C4F202000168CC
:1048E000002641F0800101600168C4F2020601F077
:1048F00080010091009900940168022541F00101B6
:104900000160006801A900F00100009000984FF4D8
:104910008060019006F5E050CDE90254CDE90445F0
:10492000FDF7AAFE06213046CDE90115CDE9034485
:10493000059501A9FDF7A0FE06B070BD7047000007
:1049400090F83C30012B04BF022070474FEAB202BE
:104950000123032A80F83C3000F2F8802DE9F0436F
:10496000DFE802F002AF3D7D036840F200461C6ABA
:104970001A6A24F0020422F001021A621A46D3F8DD
:1049800004C052F818EF8F6843F48065C4F2010642
:10499000B54244EA070405D1CF6824F00C0427F09F
:1049A00004073C430F68B54206D1D1E905582CF401
:1049B00040762E4346EA080C2EF073063743C3F8C0
:1049C00004C09F614F6809695F631C629F6947F07B
:1049D00008079F619F6927F004079F61B0E00368A3
:1049E00040F200481C6A1A6A24F4007422F48072AF
:1049F0001A621A46D3F804C052F81CEF8F6843F4C9
:104A00008065C4F20108454544EA072408D1CF680F
:104A100040F2FF463F0224F4406427EA060634438E
:104A2000D1F80090454506D1D1E905562CF4405700
:104A30002E4347EA061C2EF0730747EA0907C3F81E
:104A400004C0DF614F680969DF631C62DF6947F0FA
:104A50000807DF61DF6927F00407DF6170E00368A2
:104A600040F20045D3F820C01A6A43F4806722F46C
:104A700080521A621A465C6852F81C8FD1F800E026
:104A80008E68C4F20105AF4204D14D6924F480441C
:104A900044EA85142CF4005747EA063728F4E64622
:104AA00046EA0E265C60DE614E6809691E641F627C
:104AB000DF6947F40067DF61DF6927F48067DF6142
:104AC0003DE0036840F200481C6A1A6A24F02004A2
:104AD00022F010021A621A46D3F804C052F818EFF6
:104AE0008F6843F48065C4F20108454544EA071421
:104AF00007D1CF686FF0400624F0C00406EA07161D
:104B00003443D1F80090454506D1D1E905562CF43F
:104B100040672E4347EA860C2EF4E64747EA09270A
:104B2000C3F804C09F614F6809699F631C629F6955
:104B300047F400679F619F6927F480679F610902BE
:104B40001368194300231160BDE8F043002180F889
:104B50003C10184670470000002804BF0120704731
:104B600010B5044690F83D0028B9002084F83C00B8
:104B7000204600F01FF8022084F83D002068211D27
:104B800003F0A4FC012084F8460084F83E0084F879
:104B90003F0084F8400084F8410084F8420084F823
:104BA000430084F8440084F8450084F83D00002068
:104BB00010BD00007047000070470000006841F61B
:104BC0000001C4F20001884218BF7047FDF73CBFE6
:104BD000704700007047000070470000B0B582B019
:104BE00001680A68CC684B6902F02F05202D04F09B
:104BF000200505D125B102B0BDE8B04003F0A4BD49
:104C00005FEA027C1EBF03F0010E04F4907313EB05
:104C10000E0340D1036BD50618D5012B16D114F025
:104C2000100313D0002201920A6801924A6801928F
:104C3000019A4969490647D4818DC28DC38D002BE5
:104C400018BF914240F0108102B0B0BD13062AD5C2
:104C500014F0800327D090F84120212AF4D18268F3
:104C6000B2F5805F03D10269002A00F03081026A48
:104C7000531C036212784A60C28C013A1304C28446
:104C8000E2D1C86820F08000C860C86840F04000E9
:104C9000C86002B0B0BDD10718BF14F480715CD1F8
:104CA000510760D466E05206CED514F04002CBD056
:104CB000CA6822F04002CA60202180F8411002B088
:104CC000BDE8B04000F06EBBC16B0A68526893B299
:104CD000002BB9D0858DAB42B6D2C285C969B1F57A
:104CE000807F33D0016851E8031F026821F480718E
:104CF00042E80313002BF5D1016851E8051F026853
:104D000021F0010142E80513002BF5D1016851E8BB
:104D1000051F026821F0400142E80513002BF5D180
:104D2000202180F842100021016300BF016851E892
:104D3000031F026821F0100142E80313002BF5D194
:104D4000C16B04460846FDF7EFF920460221416396
:104D5000818DC28D891A89B2AFE0416C41F00101A9
:104D60004164510706D5BEF1000F03D0416C41F0FC
:104D700002014164910706D5BEF1000F03D0416CDA
:104D800041F004014164BCF1000F06D55EEA050163
:104D900003D0416C41F008014164416C00293FF4AB
:104DA00053AF910604D51DB1044603F0CDFC204657
:104DB00001684969426C01F0400102F0080289185B
:104DC0004BD000BF016851E8031F026821F49071C5
:104DD00042E80313002BF5D1016851E8051F026872
:104DE00021F0010142E80513002BF5D1016B0129E7
:104DF0000AD100BF016851E8031F026821F01001C9
:104E000042E80313002BF5D1202180F84210002145
:104E1000016301684969490654D500BF016851E83A
:104E2000051F026821F0400142E80513002BF5D16F
:104E3000C16B002946D048F20162C0F60002044668
:104E400008460A65FDF7B0F900283FF4FDAEE06BB7
:104E5000016D02B0BDE8B04008470446FFF7BCFE54
:104E60000020606402B0B0BD891A00BF026852E839
:104E7000032F036822F4907243E80325002DF5D137
:104E8000026852E8052F036822F0010243E8052575
:104E9000002DF5D1202280F842200022026300BFBD
:104EA000026852E8032F036822F0100243E803254A
:104EB000002DF5D1022289B2426302B0BDE8B040B4
:104EC000FFF788BE02B0BDE8B040FFF785BE026ABA
:104ED00032F8023B6FF35F234B600262CCE60000C6
:104EE000002804BF0120704710B5044690F8410027
:104EF00028B9002084F84000204600F021F8242042
:104F000084F841002068C16821F40051C160204646
:104F100003F07AFC2068016921F490410161416944
:104F200021F02A014161C16841F40051C1600020B3
:104F30002021606484F8411084F84210606310BD41
:104F40002DE9F04F87B00446006844F60001C4F232
:104F5000000100268842CDE90566CDE90366029688
:104F600000F0FC8041F20041C4F20101884200F0EF
:104F7000898041F20001C4F20101884240F046817B
:104F8000002743F630000197C4F202004169002572
:104F900041F0100141614169C4F2020501F01001C4
:104FA000019101990197016802AE41F0020101608F
:104FB000016846F2280801F0020101910199019768
:104FC00001684FF0020941F00101016000684FF0F3
:104FD000030A00F0010001900198802002904FF038
:104FE000070B05F580603146C4F20208CDE903974E
:104FF000CDF814A0CDF818B0FDF73EFB4FF40070CB
:10500000CDE9020904A880E8800C28463146FDF766
:1050100033FB42F2FC2508F58C60C2F200054FF02C
:10502000006B4FF4806A4FF48079C5E9000B4FF4B0
:1050300000362846C5E90277C5E904A7C5E906791F
:10504000C5E90867FDF786F9002818BFFCF742F9A3
:10505000E563AC6342F25C3508F59260C2F200058C
:105060004021C5E9000B05F1080080E882042846CC
:10507000C5E90577C5F81C90C5E90867FDF76AF929
:10508000252664E043F630000196C4F2020041692F
:1050900046F2280841F0200141614169C4F202084A
:1050A00001F02001019101990196016841F0400150
:1050B0000160006802A900F04000019001984FF4DF
:1050C000844002900220CDE90306032005900820C9
:1050D00006900020C4F2020000F5C050FDF7CCFAA3
:1050E00042F21C4508F58060C2F200054FF0206ACC
:1050F0004FF480694FF48071C5E9000A4FF44037DE
:105100002846C5E90266C5E90496C5E90661C5E910
:105110000876FDF71FF9002818BFFCF7DBF8E563F8
:10512000AC6342F27C4508F58F60C2F20005402175
:10513000C5E9000A05F1080080E842022846C5E9F1
:105140000566EE61C5E90876FDF704F947260028F3
:105150004FF0380750D0FCF7BDF84DE043F6300073
:105160000196C4F20200016941F4802101610169E4
:1051700001F48021019101990196016841F0040137
:105180000160006802A900F00400019001984FF44A
:10519000406002900220CDE903060320059007201D
:1051A00006900020C4F2020000F50060FDF764FAEA
:1051B00042F2BC3546F22800C2F20005C4F20200F9
:1051C0004FF0006185E843004FF440304FF48062B7
:1051D0004FF48073C5E908062846C5E90362C5E9AE
:1051E0000566EB61FDF7B6F800284FF027064FF093
:1051F0003C0718BFFCF76EF8304605210022E55148
:10520000AC63FDF7D9FC3046FDF7C4FC07B0BDE840
:10521000F08F0000B0B582B090F84240202C51D100
:1052200013460A4600294FF0010118BF002B4AD04F
:1052300000252221056382628385456480F842103F
:10524000D0F83CC048F2B16E48F23174C0F6000E9E
:10525000C0F600040168CCE90FE448F20D64C0F622
:105260000004CCE91345043104466046FDF712F909
:105270000195216820460A680192496801910199C7
:10528000216949B1016851E8031F026841F4807146
:1052900042E80313002BF5D1016851E8051F0268AD
:1052A00041F0010142E80513002BF5D1016851E8F6
:1052B000051F026841F0400142E80513002BF5D1BB
:1052C000002100E00221084602B0B0BD90F8423053
:1052D000202B07D100294FF0010318BF002A04D169
:1052E0001846704702231846704700230363816203
:1052F00022218285C285436480F84210016921B170
:105300000168CA6842F48072CA600068416941F06D
:1053100001014161C16841F02001C1601846704738
:10532000B0B588B142F6AC41C2F200010A785AB178
:1053300042F6D064C2F2000421680B68834204D0B4
:10534000013A04F10404F7D1B0BDD1F80B227AB1CF
:1053500005460846904721682846B1F809224FF6CD
:10536000FF75013293B25B1B18BF1346A1F80932D7
:10537000226892F8081202290AD0012918BFB0BD8C
:1053800002F58271B2F80422BDE8B040FFF79EBF7B
:1053900002F58271B2F80422BDE8B040FFF73ABFCF
:1053A0007047000070470000FEE700008AB0072049
:1053B00005F0D8FDFBF7C6F908B16420F8E741F61F
:1053C0009468C2F2000808F1140008F1040108F121
:1053D00010020490CDE90221FBF7CCF942F6F84027
:1053E000C2F2000090ED016A90ED027AD0ED030A5E
:1053F00040F2F410C2F20000A0F1080340F21820BD
:10540000C2F20000A0F1080240F2001098ED010A7B
:1054100098ED021A98ED032A98ED053A98ED064AA0
:1054200098ED075AC2F2000040F22C5641F65C6932
:1054300040F2145B42F6085740F23855A0F10801DB
:105440000020C2F20006C2F20009C2F2000BC2F252
:105450000007C2F200050DF1140C8CE80E0000BF2D
:10546000D3ED031AD3ED022AD3ED043A64EE211AE8
:1054700063EE222A72EEA11A65EE232A72EEA11AB9
:105480003418C4ED001AD1ED031AD1ED022AD1ED82
:10549000043A61EE211A60EE222A09EB000472EE52
:1054A000A11A62EE232AD4ED003A72EEA11A73EE2D
:1054B000A11A0BEB0004C4ED001AD2ED031AD2EDD1
:1054C000022AD2ED043A67EE211A66EE222A3C182F
:1054D00072EEA11A60EEA32AD4ED003A72EEA11A80
:1054E0002C18043073EEA11A0C330C310C320C283A
:1054F000C4ED001AB4D142F6B4409FED9F0ADFED2F
:105500009F0A9FED9F1ADFED9F1A9FED9F2AC2F21F
:10551000000001F0D1FB40F2445AC2F2000A4FF001
:105520007E500021CAE900010020CAE9021105F0FD
:1055300057FD07F061FA40F25851C2F200010860CD
:1055400042F61420C2F200001021C161FEF76AFC8D
:10555000002818BFFBF7BEFE40F2EC1041F60571C3
:10556000C2F20000C2F20001082202F02FFE42F651
:10557000AF40C2F20000012141F670630170C2F237
:10558000000345F63910CBF68A204CF69E714EF694
:105590008E021433C3F6BD21C3F6391207C341F698
:1055A0006860C2F200000230019041F63860C2F239
:1055B00000009FED769A9FED76AA9FED76BA9FED5B
:1055C00076DA9FED76EA9FED768A0230BFEE00CA6A
:1055D0000090002008902EE094ED000A94ED011A4E
:1055E00094ED022A20EE0D0A80EE0E0A21EE0D1A2D
:1055F00022EE0D2A81EE0E1A82EE0E2A92ED003A6C
:1056000040F20851C2F2000133EE000A30EE0D0AFA
:1056100081ED000A31EE0D1A32EE0D2A81ED011AEC
:1056200081ED022A40F25451C2F20001086009A83B
:10563000012106F0DFFB07F04BFB099001204FF042
:10564000FF3106F09DF90128F8D142F6AE41C2F2D1
:1056500000010878097880F001000029089951FAC2
:1056600080F10BD188B2B0F5FA7F07D942F6AE418E
:105670000120C2F2000108704FF42F7141F60D7045
:105680000891C2F20000007840072BD541F60D7159
:10569000C2F20001087800F0FB00087041F60570C6
:1056A000C2F2000004990130FBF724F841F6706063
:1056B000C2F2000090ED050A90ED061A90ED072A5F
:1056C00098ED053A98ED064A98ED075A33EE400AF0
:1056D00034EE411A35EE422A88ED050A88ED061AA5
:1056E00088ED072A41F66D60C2F20000007840079D
:1056F0000DD541F66D61C2F20001087808F1200273
:1057000000F0FB00087000980399FAF7B1FF41F62A
:105710006C60C2F200000078400765D541F66C610C
:10572000C2F20001087800F0FB000870DDE9010119
:10573000FBF7F0F841F6FF60C2F20000007898ED48
:10574000040A01282ED142F6B444C2F200042046D5
:10575000F0EE480A01F050FA94ED0C0AB5EE400A5A
:10576000F1EE10FABCBF0020206394ED0C0ABDEEF0
:10577000C00A10EE100A35E00000C844CDCC4C3E03
:105780000000000000A08C45008089455D896EBF47
:105790005AF8F63FD5A9183B00003443DA0F4940C8
:1057A00000003442B4EE480AF1EE10FA18DD42F679
:1057B000B042C2F2000210780130C1B2C9291070A3
:1057C0000ED341F6FF610120C2F20001087042F6DB
:1057D000B44044F20001C2F20000C4F21C518162E4
:1057E00041F2873005F092FB42F6F840C2F2000029
:1057F00005AB98ED010A98ED021A98ED032A98ED91
:10580000053A98ED064A98ED075A90ED016A90ED39
:10581000027AD0ED030A0ECB002000BFD3ED031AAD
:10582000D3ED022AD3ED043A64EE211A63EE222A64
:1058300072EEA11A65EE232A72EEA11A3418C4ED95
:10584000001AD1ED031AD1ED022AD1ED043A61EE2E
:10585000211A60EE222A09EB000472EEA11A62EE10
:10586000232AD4ED003A72EEA11A73EEA11A0BEBC3
:105870000004C4ED001AD2ED031AD2ED022AD2EDD3
:10588000043A67EE211A66EE222A3C1872EEA11A3B
:1058900060EEA32AD4ED003A72EEA11A2C1804305F
:1058A00073EEA11A0C330C310C320C28C4ED001A23
:1058B000B4D141F6506141F64460C2F20001C2F237
:1058C000000091ED000A90ED001A80ED000A21EE33
:1058D000091A20EE0A0A30EE010A9BED001A41F681
:1058E000486021EE0B1A71EE001AC1ED001A41F664
:1058F0005461C2F20001C2F2000091ED000A90ED85
:10590000001A9BED012A80ED000A21EE091A20EE13
:105910000A0A30EE010A22EE0B1A31EE002A81ED5E
:10592000002A41F6586141F64C60C2F20001C2F211
:10593000000091ED000A90ED001A9BED023A80ED17
:10594000000A21EE091A20EE0A0A30EE010A23EEBF
:105950000B1A71EE002A96EC030A5046C1ED002A9C
:1059600000F0EEFC9AED001A9AED012A9AED020A77
:105970009AED033A22EE000A21EE033A22EE022AC1
:1059800021EE011A31EE021A33EE000A31EE011A4D
:1059900030EE000A71EE0C0A07F088FC40F2205449
:1059A000C2F2000484ED000A9AED000A9AED011A91
:1059B0009AED022A9AED033A22EE000A21EE031A2A
:1059C00030EE410A30EE000A07F0DAFB84ED010AFE
:1059D0009AED001A9AED020A9AED032A9AED013A1D
:1059E00020EE020A21EE033A22EE022A21EE011AEB
:1059F00031EE021A33EE000A31EE011A30EE000ADF
:105A000071EE0C0A07F052FC84ED020AFCF704FF69
:105A100040F25451C2F20001096847F2C022002945
:105A2000C2F200023FF4D8AD40F2C433C2F2000328
:105A3000411A93ED000A01EE101AB8EEC11A92ED68
:105A4000002A20EE010A30EE020A82ED000AC3E5C8
:105A500010B542F2EC1046F20041C2F20000C4F26E
:105A60000001002403220023C0F2011480E80E008C
:105A700000F10C014FF4102C4FF4001E81E8085087
:105A800084618383FCF7A2F8002808BF10BDBDE83D
:105A90001040FBF71FBC000010B542F2142046F680
:105AA0000001C2F20000C4F200010024032200231E
:105AB000C0F2011480E80E0000F10C014FF4102C2C
:105AC0004FF4001E81E8085084618383FCF77EF860
:105AD000002808BF10BDBDE81040FBF7FBBB00006D
:105AE00080B582B0002043F630010190C4F202017B
:105AF0000A6842F400120A600A6802F40012019275
:105B0000019A00900868002240F48000086008684C
:105B1000052100F48000009000980C20FDF74CF85F
:105B20000C20FDF737F8392005210022FDF744F855
:105B30003920FDF72FF83A2005210022FDF73CF827
:105B40003A20FDF727F83B2005210022FDF734F825
:105B50003B20FDF71FF8442005210022FDF72CF81B
:105B60004420FDF717F8452005210022FDF724F811
:105B70004520FDF70FF8462005210022FDF71CF80F
:105B8000462002B0BDE88040FDF704B880B596B06D
:105B9000204810AF0F901FA000F1040E9EE80E5099
:105BA000806987E80E5015900FA8002105F0E8F9EC
:105BB00042F6C861C2F200011D4A08601CA000F153
:105BC000040E08929EE80E50806909AF87E80E50D7
:105BD0000E9008A8002105F0D3F942F64851C2F210
:105BE00000011A4A086019A000F1040E01929EE813
:105BF0000E50806902AF87E80E50079001A800217F
:105C000005F0BEF942F6E841C2F20001086016B0A4
:105C100080BD00BF62E1000871B900080200000009
:105C200000000000800000000000000000000000F4
:105C300055E1000891130008020000000000000078
:105C40000001000000000000000000005EE100080C
:105C5000AD53000802000000000000000001000039
:105C600000000000000000002DE9F04F87B0002682
:105C700043F630000696CDE90466CDE9026601964A
:105C8000C4F20200016841F6000441F00201016023
:105C90000168C4F2020401F0020101910199019628
:105CA0000168012241F0400101600168012501F015
:105CB0004001019101990196016841F001010160E3
:105CC000016801F00101019101990196016841F01B
:105CD00008010160016801F0080101910199019634
:105CE000016841F004010160016801F004010191C3
:105CF00001990196016841F080010160016801F09D
:105D00008001019101990196016841F02001016033
:105D1000016801F02001019101990196016841F0AB
:105D2000100101600068402100F01000019001980E
:105D30002046FCF76BFD04F5806A50464FF4C051D5
:105D40000022FCF763FDA4F5C0594846102101224A
:105D5000FCF75CFDA4F5A058404601210122FCF7A8
:105D600055FD022002AF02904FF4881BA4F580601D
:105D70003946CDE903B6FCF77FFC4020CDE90205AA
:105D800020463946CDE90455FCF776FC4FF4C05067
:105D900002A961C1504639460596FCF76DFC092001
:105DA000CDE9020B204639460495FCF765FC10202E
:105DB000CDE9020502264846394604950596FCF7CA
:105DC0005BFC3020CDE9020BA4F5805039460495E8
:105DD000FCF752FC40463946CDE90255CDE9045660
:105DE000FCF74AFC062005210022FCF7E5FE062010
:105DF000FCF7D0FE072005210022FCF7DDFE07207E
:105E0000FCF7C8FE092005210022FCF7D5FE092079
:105E1000FCF7C0FE0A2005210022FCF7CDFE0A2077
:105E2000FCF7B8FE172005210022FCF7C5FE17205D
:105E3000FCF7B0FE07B0BDE8F08F000080B542F27D
:105E4000DC4045F60041C2F20000C4F2000141F618
:105E5000802200234FF4804CC0F2060280E80E003E
:105E6000C0E9033CC0E90533C0E90733FCF7DAFCBD
:105E7000002808BF80BDBDE88040FBF72BBA0000BA
:105E8000B0B542F6142043F20001C2F20000C4F2A1
:105E900001014FF48272002380E80E0000F10C0132
:105EA0004FF0020C4FF0010E4FF40074382581E8DA
:105EB00008500A21C0E90645C0E90833C0E90A31A3
:105EC000FDF7B0FF002808BFB0BDBDE8B040FBF74C
:105ED00001BA000080B588B042F6B42044F2004216
:105EE0000021C2F20000C4F2010241F2873307919F
:105EF000CDE90511CDE90311CDE90111C0E900217A
:105F0000C0E9021301618161FEF72CFA002818BF75
:105F1000FBF7E0F942F6B420C2F20000FEF71CFEE7
:105F2000002818BFFBF7D6F9602001900020CDE9CA
:105F30000200059042F6B420C2F2000001A900223E
:105F4000FEF7FEFC002818BFFBF7C4F942F6B420A8
:105F5000C2F20000FEF768FC08B080BD10B596B034
:105F600042F66C2000220021C2F20000C4F20102BD
:105F7000A72344F61F641591CDE91311CDE9111142
:105F8000CDE90F11CDE90D11CDE90B11CDE90911C5
:105F9000CDE90711CDE90511CDE90311CDE90111D5
:105FA000C0E90023C0E90214C0E904118161FEF7D1
:105FB000D9F9002818BFFBF78DF94FF480501290E3
:105FC00042F66C20C2F2000012A9FEF7B5FA0028D2
:105FD00018BFFBF77FF942F66C20C2F20000FEF713
:105FE000BBFD002818BFFBF775F942F66C200024B2
:105FF000C2F2000010A9CDE91044FEF755F90028BF
:1060000018BFFBF767F9602009904FF4FA60CDE9FB
:106010000A0442F66C20C2F2000009A90022CDE970
:106020000C44CDE90E44FEF78BFC002818BFFBF7AB
:1060300051F942F66C20C2F2000009A90422FEF7D1
:106040007FFC002818BFFBF745F900200590CDE93B
:106050000300CDE901004FF40051089042F66C2096
:106060000691C2F2000001A9FEF7F8F8002818BF57
:10607000FBF730F942F66C20C2F20000FEF7D4FBC9
:1060800016B010BD80B586B042F6443040F600022E
:106090000021C2F20000C4F2000244F2A01341F257
:1060A000883CCDE90411CDE90211CDE90011C0E928
:1060B0000023C0E9021C01618161FEF753F9002849
:1060C00018BFFBF707F94FF48050029042F64430B6
:1060D000C2F2000002A9FEF72FFA002818BFFBF752
:1060E000F9F80020CDE9000042F64430C2F2000089
:1060F0006946FEF7D9F8002818BFFBF7EBF806B0A1
:1061000080BD000010B58EB042F68C3040F60042E3
:106110000021C2F20000C4F200024FF6FF730D919D
:10612000CDE90B11CDE90911CDE90711CDE9051133
:10613000CDE90311CDE90111C0E90021C0E9021345
:1061400001618161FEF70EF9002818BFFBF7C2F864
:106150004FF480500A9042F68C30C2F200000AA937
:10616000FEF7EAF9002818BFFBF7B4F842F68C30C6
:10617000C2F20000FEF7F0FC002818BFFBF7AAF8F7
:1061800042F68C300024C2F2000008A9CDE9084490
:10619000FEF78AF8002818BFFBF79CF86020CDE9CD
:1061A000010442F68C30C2F2000001A900220394DF
:1061B0000594FEF7C5FB002818BFFBF78BF842F6E5
:1061C0008C30C2F2000001A90422FEF7B9FB0028BE
:1061D00018BFFBF77FF842F68C30C2F2000001A92D
:1061E0000822FEF7ADFB002818BFFBF773F842F654
:1061F0008C30C2F20000FEF717FB0EB010BD00009D
:1062000080B542F6D43041F20001C2F20000C4F27F
:10621000010148F2A062C0F20102002380E80E00F2
:1062200000F10C014FF4806C4FF00C0E81E8085027
:10623000C0E90633FEF754FE002808BF80BDBDE864
:106240008040FBF747B8000010B542F61C4044F60A
:10625000000C48F2A062C2F20000C4F2000CC0F2CE
:1062600001024FF4805300214FF4806E0C24C0E9EA
:1062700000C2C0E90231C0E904E4C0E90611FEF73A
:106280002FFE002808BF10BDBDE81040FBF722B864
:1062900080B542F6644041F20041C2F20000C4F20F
:1062A000010100234FF00C0C4FF4612280E80E0036
:1062B000C0E90333C0E905C3C361FEF711FE00283E
:1062C00008BF80BDBDE88040FBF704B880B541F64B
:1062D000107040F20801C2F20000C2F20001002278
:1062E00002F0B2FE002818BFFAF7F4FF41F6107072
:1062F00040F22801C2F20000C2F2000103F00AF9E4
:10630000002818BFFAF7E6FF41F6107040F2C4010A
:10631000C2F20000C2F2000102F0A2FC002818BF85
:10632000FAF7D8FF41F61070C2F2000003F01CF932
:10633000002808BF80BDBDE88040FAF7CBBF000051
:10634000F5EE401A45F6DF1CF1EE10FAC5F6377C83
:106350000AD1B5EE402AF1EE10FA05D1F5EE402A49
:10636000F1EE10FA00F0C28022EE023A21EEA14ACC
:1063700034EE033A22EEA24A34EE033A13EE102A28
:10638000ACEB6202BEEE005A04EE102A23EE053A90
:1063900023EE043A23EE043AB7EE086A33EE063AE7
:1063A00023EE043A23EE214A23EE026A23EE222A48
:1063B00090ED003A90ED017AD0ED021AD0ED032A6B
:1063C00061EE833A67EE224A23EE077A23EE033A20
:1063D00062EEA11A33EE053A22EEA25A74EEE33AC7
:1063E00037EE217A35EE035A42F6CC6227EE023AB6
:1063F00066EE051A25EE045A22EE232AC2F20002A6
:1064000032EE452A23EE865A92ED006A24EE074AC0
:10641000B5EE406A31EEC33AF1EE10FA34EE454A79
:106420003EDD92ED005A42F6EC43C2F200039FEDCE
:10643000696A23EE055A93ED007A25EE065A35EE89
:10644000075A83ED005A92ED005A42F6F041C2F22B
:10645000000122EE055A91ED007A25EE065A35EE3E
:10646000075A81ED005A92ED005A42F6F442C2F208
:10647000000224EE055A92ED007A25EE065A35EE1A
:10648000075A82ED005A93ED005A35EE000A91ED5D
:10649000005A92ED006A75EE200A36EE011A0FE0FE
:1064A00042F6EC41C2F2000100220A6042F6F041DD
:1064B000C2F200010A6042F6F441C2F200010A6031
:1064C00040F2B431C2F2000191ED005A25EE033AD8
:1064D00091ED005A33EE000A91ED003A25EE022AC2
:1064E00072EE200A23EE042A32EE011A9FED3A2AB8
:1064F00090ED014A90ED025A20EE020A20EE823A17
:1065000090ED036A21EE021A90ED002A23EE057A3F
:1065100064EE400A30EEC77A66EE010A37EE607A22
:1065200061EE050A62EE001A71EEA00A66EE031A29
:1065300070EEE10A61EE041A62EE032A72EEE11ACD
:1065400066EE002A23EE043A22EE011A32EE077AB2
:1065500074EE200A72EEA11A31EE031A25EE000A3B
:1065600075EE211A31EE400A20EEA01A27EE072A16
:1065700036EE000A32EE011A21EEA12A32EE011A9D
:1065800020EE002A32EE011A11EE101AACEB610176
:10659000BEEE003A02EE101A21EE031A21EE021AA4
:1065A00021EE021AB7EE083A31EE031A21EE021A72
:1065B00027EE012A20EE813A21EE814A20EE010ADF
:1065C00080ED002A80ED013A80ED024A80ED030A59
:1065D000704700BF6F12833A6F12033AFEE7000064
:1065E000002804BF00207047B0B50446742005F0B1
:1065F000AFF880B32168054644F8251F14F8012C34
:10660000016080F8282054F81D1C816054F8191C82
:10661000C16054F8151C016154F8111C416154F813
:106620000D1C816146F61D11C4F80D00C0F6000175
:106630002046C4F80910FAF7C3F9686204F11300A0
:1066400000F05CFCE86204F13F0000F057FC0146FA
:1066500028462963B0BD0020B0BD000010B5E0B1F0
:106660008168D1B1817901290AD0A1B9C168D0ED81
:10667000050A80ED0C0A0446084600F053FB20464C
:106680000169D0ED060A80ED0D0A0446084600F0C7
:1066900049FB84ED0E0A012010BD002010BD000052
:1066A000002808BF7047D0F83B108A8B002A18BF1B
:1066B000CA8380B5B0F82CC0B1F91E209CFA8CFEBC
:1066C0004FEA1E438B83C38DB2EB2E4FDBBA00EE35
:1066D000103A91F82C30B8EEC00A01EE103AB8EE3C
:1066E000411A80EE011A81ED080A038E1BBA4FEAA7
:1066F0001343CB8490F832009CFABCF300EE100AEE
:106700004EF20000CFF6FF70B8EE400A00EB2E40CC
:1067100081ED0A0A81ED061A4FF4005CC4BF0CEB50
:106720002E434FEA2E40801A9A1A9446034648BFD9
:10673000C2F1000C002848BF4342B1F824E09C4558
:1067400038BF104670448884BDE880407047000020
:1067500070B5054600284FF0000041D042F6AD4626
:10676000C2F2000631780B2988BF70BD3C2004F0CE
:10677000EFFF3C210446F9F7B3FE28682979206031
:1067800068792171A071287E002984F82C00A87BEB
:1067900008BF0438607105F11C0000F0AFFBE06039
:1067A00005F1480000F0AAFB2968206146F2A160CB
:1067B00045F8071FC0F60000C5F809002846C5F8CF
:1067C0000D40FAF7FDF801462046A16049B1317845
:1067D0004A1C327042F61852C2F2000242F82100FE
:1067E00070BD05F0B1F9002070BD00002DE9F04149
:1067F00000283FD0D0F808E0BEF1000F3AD042F6B2
:10680000AD41C2F200010A78BAB3BEF820C0DEF88A
:10681000043042F61851C2F2000103E0013A01F1DE
:1068200004012AD00C68A5686E689E42F6D12D8CB2
:106830006545F3D194ED0E0A6579BDEEC00A1827BF
:1068400010EE106A052D38BF20274FEA162877442E
:106850004FF0190638BF212607F8158094ED0E0A6F
:106860006479BDEEC00A0EEB060510EE106A05F85D
:106870001460D3E70020BDE8F0818068BDE8F041F6
:10688000FAF77CBBB8B1024603294FF0000013D8D9
:10689000526A002A08BF704740F23910C2F2000065
:1068A00000EBC10350F831005B68C2F82200012000
:1068B000C2F82630704700207047000058B3426A83
:1068C0004AB390F8341001294FF0000124D110B5DB
:1068D000C2F82610C2F8221090F82820012A0AD007
:1068E000AAB9C16AD0ED140A80ED1A0A0446084616
:1068F00000F018FA2046016BD0ED150A80ED1B0A56
:106900000446084600F00EFA012184ED1C0ABDE899
:10691000104008467047002108467047002808BF0D
:10692000704790F82C20D0F83B10120981F83420E1
:10693000B0F82D2091ED020A52BA02EE102A30EE84
:10694000001AB8EEC22A9FED5E3A21EE021A81EEDD
:10695000032A8A6390F82F3090F830201B0143EA15
:10696000121CC1F83CC090F8302090F831309FEDF7
:10697000554A02F00F0243EA022291ED131A0B6D01
:1069800032EE402AB4EE442AF1EE10FAB0EE423A6A
:106990000A6481ED111A8B6481ED132A0BDD9FEDE2
:1069A0004A5AB0EE423A00BF33EE053AB4EE443AEA
:1069B000F1EE10FAF8DC9FED454AB4EE443AF1EE00
:1069C00010FA08DA9FED425A33EE053AB4EE443A33
:1069D000F1EE10FAF8DB91ED034A91ED045A07EE5F
:1069E00010CA34EE046AB8EEC77ADFED3A0A01EE57
:1069F000902A26EE076A35EE057AF8EEE11A86EE61
:106A0000206A27EE217A87EE207A81ED143AB4EEDF
:106A1000412AF1EE10FA36EE443A81ED153A37EE9E
:106A2000453A81ED163A90F832209FED2C5A03EE4C
:106A3000102AB8EE433A81ED173A90F8330091ED01
:106A4000193A04EE100AB8EE444A81ED184A9FED57
:106A5000224AB8BFB0EE404AB8BFB0EE450A32EEA7
:106A6000400A30EE410A32EE044ABDEEC00A10EE92
:106A7000100A34EE410ABDEEC00A10EE102A002AB8
:106A8000944648BFC2F1000C0028034648BF434269
:106A90009C4538BF104600EE100AB8EEC00A33EE2F
:106AA000000A9FED0F1AB0EEC02AB4EE412AF1EEB3
:106AB00010FA81ED190AC4BF00204866704700BF74
:106AC00000FF7F47DC0F4940DC0FC9C0DC0F49C025
:106AD000DC0FC94000F07F4500000080000000008E
:106AE000FAFF7F4B002870D0416A00296DD090F8E2
:106AF0003420012A69D110B590ED022A9FED346A45
:106B000032EE000A32EE022A20EE060A80EE020A77
:106B100090ED033A9FED2F6A33EE032A33EE203ACD
:106B200023EE063A90ED077A83EE022A90ED055A9D
:106B300027EE063A83EE053A90ED085A90ED044AA6
:106B400090ED067A25EE065ABDEEC00A85EE075A8C
:106B500034EE011A10EE102A34EE047A21EE061AF1
:106B6000140A81EE071A81F82240416ABDEEC20A7A
:106B700081F8232010EE103A416A1A09BDEEC30ACB
:106B800081F8242010EE10CA1901426A41EA1C2142
:106B900082F82510416ABDEEC50A81F826C010EEC4
:106BA00010EA416ABDEEC10A4FEA1E1310EE102A28
:106BB00081F82730110A436A41EA0E1183F8281040
:106BC000406A80F82920012010BD0020704700BFD6
:106BD00000FF7F4700F07F4520B1406A002818BFC2
:106BE000FAF7CCB900207047FEE7000042F23050BF
:106BF000C2F20000FCF774B990ED013A80ED050A8D
:106C000030EE600A90ED0A6A90ED071A90ED002AC6
:106C100023EE003A90ED035A33EE063A80ED081A5F
:106C200080ED070A20EE022A30EE410ABDEEC31ABB
:106C300011EE101AB1EE451A90ED024ABDEEC11ADE
:106C400011EE102ABDEEC51A20EE040A11EE103A1C
:106C5000C0ED060A80ED092A80ED0B0A9942B8BF03
:106C60000B469142B8BF134601EE103AB8EEC11A76
:106C700080ED0A1A32EE011A30EE010A90ED041A84
:106C8000BDEEC00A10EE101AB1EE410ABDEEC00A08
:106C900010EE102ABDEEC10A10EE103A9942B8BFAC
:106CA0000B469142B8BF134600EE103AB8EEC00A48
:106CB00080ED0C0A7047000080EC050A7047000068
:106CC000EFF30980BFF36F8F154B1A681EF0100F9A
:106CD00008BF20ED108A20E9F04F10602DE909006F
:106CE0004FF0500080F31188BFF34F8FBFF36F8FC9
:106CF00005F024FA4FF0000080F31188BDE8090088
:106D000019680868B0E8F04F1EF0100F08BFB0EC2B
:106D1000108A80F30988BFF36F8F704700BF00BFF0
:106D2000142E002090ED071A80ED0B0AB5EE401AE4
:106D3000F1EE10FAC0ED0D0A18D0B6EE002A21EEE1
:106D4000022A30EE603AB4EE423AF1EE10FA02DD79
:106D500031EE201A08E0B1EE422AB4EE423AF1EEEA
:106D600010FA03DA30EEC11A80ED0D1A70B52DED70
:106D70000E8B90ED0D8A90ED061A30EE482AB0EE9B
:106D8000C23AB4EE413AF1EE10FA80ED0F2ABCBFE0
:106D90000021C16390ED0F9A90ED08BA90ED001AB2
:106DA000B0EEC9EAB4EE4BEA21EE09AAF1EE10FA10
:106DB000B7EE001A80ED11AA3CDBB5EE40BAF1EE59
:106DC00010FA37D09FED4C1AB4EE4BEAF1EE10FA00
:106DD00030DD90ED09DAB4EE4DEAF1EE10FA29DA81
:106DE0001DEE101A06460846B0EE40CA07F0E4F859
:106DF00004461EEE100A0D4607F0DEF802460B466A
:106E00002046294606F0EAFF3DEE4B0A044610EE06
:106E1000100A0D4607F0D0F802460B4620462946D8
:106E200006F0B6FC06F0CEFB0146B0EE4C0A30464A
:106E300001EE101A90ED013A90ED125A29EE033A44
:106E400090ED044A23EE011A31EE051AB1EE443AF0
:106E5000B4EE441A90ED022AF1EE10FAB4EE431AA1
:106E6000C8BFB0EE441A90F82810F1EE10FAB8BF7F
:106E7000B0EE431A80ED121A31B190ED0E4AB1EE28
:106E8000423A38EE442A03E090ED103A39EE433AA4
:106E900090ED0C4A22EE032A90ED033A30EE444A7C
:106EA0003AEE011A90ED055A23EE043A31EE021A39
:106EB00033EE011A80ED132AB1EE452AB4EE451ADD
:106EC00080ED143AF1EE10FAB4EE421AC8BFB0EEFB
:106ED000451AF1EE10FAB8BFB0EE421A80ED151A5D
:106EE00080ED109A80ED0C0AB0EE410A80ED0E8A1A
:106EF000BDEC0E8B70BD00BF00000000002804BF79
:106F000000207047B0B50446582004F021FC5821F9
:106F10000546F9F7E5FAB5B32168284629606168A6
:106F20006960A168A960E168E9602169E96194ED9F
:106F3000050A94ED061AB4EE410AF1EE10FAC8BF44
:106F4000B0EE410A85ED040A85ED051AE169A961F3
:106F500094ED090AB5EE400AF1EE10FA06D094ED70
:106F6000081AB4EE401AF1EE10FA03DD94ED081A97
:106F7000B0EE410A94F8281080ED081A80ED090A55
:106F800080F82810B0BD002004F0DEFD0020B0BD68
:106F900010B5172004F0DCFB044600284FF0000079
:106FA00026D0C4F813002061E060A060606020601B
:106FB0000F2004F0CDFBC0B142F61C41C2F200012B
:106FC0000160022101711221A0F805104BF6111188
:106FD000C0F60001C0F80710C0F80B4003F0B0FA8B
:106FE000C4F8010008B1204610BD204604F0ACFDF5
:106FF0000024204610BD0000F0B581B041F6801598
:10700000C2F200052B780C46ABBB06462846A821E9
:107010001746F9F765FA0320286168614EF2A4412A
:1070200041F63820C0F60001C2F20000A961E86113
:107030004FF4806028620020A8626862E8622966D6
:1070400041F62821C2F2000169661021A9664EF2BC
:107050002A11C0F600012867E8666867BFF35F8FF2
:1070600080F00F028A5C2A5401301028F8D13A4689
:107070003046BFF35F8FEFF311854FF0200181F3AE
:107080001188214600F004F885F3118801B0F0BDA5
:107090002DE9F04381B0144641F6801200EB400028
:1070A000C2F2000202EBC002D06A8946022802F155
:1070B000180813D0012809D0002869D1D8F80C503D
:1070C000D8F81000A8425CD9E9435EE0D8F80C502B
:1070D000D8F81000A8422DD9E9432FE0D8F80C5079
:1070E000002620E0D8F8082008441044D8E901120E
:1070F000571BB84238BF0746A74228BF2746481942
:1071000049463A46F9F77DF9D8F808007919E41BA1
:107110000D1A3E44B94418BF0D46002CBFF35F8FD3
:10712000C8F80C5057D0D8F81000E943A842D9D974
:107130000844DBE7D8F80810EA4310440844D8E9CB
:107140000112A042A2EB050638BF0446B44201EB8F
:10715000050007D249462246F9F753F9BFF35F8F7E
:10716000601924E049463246F9F74BF9A71BD8F8D5
:10717000040009EB06013A46F9F743F9BFF35F8FC4
:1071800026E0D8F80810EA4310440844A04201D28F
:10719000002620E0D8E901014E1BB442284409D260
:1071A00049462246F9F72DF92819BFF35F8FC8F831
:1071B0000C000FE049463246F9F723F9A71BD8F82F
:1071C000040009EB06013A46F9F71BF9BFF35F8F9C
:1071D000C8F80C702646304601B0BDE8F0830000C8
:1071E00082B080B582B0CDE9042304AA019201AA3D
:1071F00000F006F802B0BDE8804002B07047000021
:107200002DE9F04F9BB00E4606A9904616914021FD
:107210004FF0000A4FF0FF3B16AF179103901A9002
:10722000CDE918AA059206E0CDF860A01998B0F152
:10723000FF3F40F3158216F8010B25281CD00028CB
:1072400000F00E82DDE91732511C994205D8169BD9
:1072500098541998189101301990DDE9170282426B
:10726000E4D116991A98FFF7C7FE18998842DBD027
:10727000CDF864B0DAE700BF4FF0000902E0013654
:107280000020E8B93078A0F123010D294FF001006A
:10729000F7D8DFE801F00B0A0A0A0A0A0A0A0E0AFE
:1072A000070A0A1149F00109E9E7EAE749F0080984
:1072B000E5E749F00409E2E749F00209DFE700BF2A
:1072C00030780025A0F13A0111F10A0F0ED30146E2
:1072D00016F8010F05EB850201EB4201A1F1300523
:1072E000A0F13A0111F10B0F0146F1D82E2815D16A
:1072F00016F8010F0024A0F13A0111F10A0F0FD383
:1073000004EB840100EB410116F8010FA1F13004F8
:10731000A0F13A0212F10B0FF2D801E0002400BFF5
:1073200016F8010B00F0FB016829F9D0A0F1580113
:10733000202917D8DFE801F01211111111111111D4
:1073400011111134531111111111111111111111C8
:107350008711119611261111120067E7D8F8000065
:10736000102212E025287FF461AFDDE91721481CC7
:1073700090423FF672AF169A2523535419991890EC
:10738000481C69E7D8F800000A22011DC8F800105F
:10739000016838462346CDE9005903F03FF945E737
:1073A000DDE91772D8F80000511C031DB942C8F876
:1073B000003006D80068169B98541998189101302F
:1073C0001990DDE91702824279D116991A98FFF7D0
:1073D00013FE189916AF88423FF426AF48E7D8F855
:1073E00000004CF6CD43011DC8F80010D0F8008015
:1073F000CCF6CC43B8F1000F4046C8F1000748BFB7
:1074000038460A284FF0010B08DB00BFA0FB03122F
:1074100063284FEAD2000BF1010BF7D8A34504977C
:1074200098BFA346002D4CD00020B8F1000F48BFF4
:10743000012009F0040140EA9100A5EB000A5FEA8F
:10744000897543D46EE0D8F800001022011DC8F8F9
:1074500000100168384608230825CDE9005A03F0DA
:10746000DDF8E3E6D8F80000011DC8F80010046854
:1074700006E000BF19980134B0F1FF3F7FF7D6AEA8
:10748000207800283FF4D2AEDDE91732511C994232
:1074900005D8169B98541998189101301990DDE978
:1074A00017028242E6D116991A98FFF7A5FD18999E
:1074B00088420CBFCDF860A0CDF864B0DAE716AF13
:1074C000B4E64FF0000A5FEA89752BD554BB1998D2
:1074D000002857D4B8F1FF3F5CDD5FEA49701BD547
:1074E000DDE91721481C904206D8169A2B235354E5
:1074F00019991890481C1990DDE9170282420BD1A6
:1075000016991A98FFF778FD1899884207BF00204E
:1075100018904FF0FF301990CDF81080DDF81480EE
:1075200016AF57E05FEAC970D1D1BAF1000F07D1A9
:10753000CDE700BF1998AAF1010AB0F1FF3FC6DDFF
:10754000BAF1000FC3D0D345C1D2DDE91721481CE1
:10755000904206D8169A2023535419991890481C23
:107560001990DDE917028242E4D116991A98FFF7C3
:1075700043FD1899884207BF002018904FF0FF3054
:107580001990D7E7DDF814804FF0000A4FF0FF3B69
:1075900016AF4BE6DDE91721481C904206D8169A33
:1075A0002D23535419991890481C1990DDE917029E
:1075B000DDF81480824216AF0CD116991A98FFF7A5
:1075C0001BFD1899884202D10020189002E04FF06C
:1075D000FF301990199800280CD4002D0FD4199859
:1075E000002807D4049938460A222346CDE900A989
:1075F00003F014F84FF0000A4FF0FF3B16E609F0D5
:1076000001002043EBD1BAF1000F07D1E7E700BF3B
:107610001998AAF1010AB0F1FF3FE0DDBAF1000FBD
:10762000DDD0D345DBD2DDE91721481C904206D8D6
:10763000169A3023535419991890481C1990DDE973
:1076400017028242E4D116991A98FFF7D5FC1899CF
:10765000884207BF002018904FF0FF301990D7E7FD
:107660001998012809DB189A1AB1039806A9FFF79F
:10767000C3FCDDE918010844199019981BB0BDE856
:10768000F08F00002DE9F04742F23C23C2F20003E4
:10769000D3F800C0DCF8003023F00103CCF8003050
:1076A00042F29C23C2F200031B681F6827F0010707
:1076B0001F6000BFDCF80070FF070BD0DCF8007023
:1076C00027F00107CCF80070F4E700BF1F6827F02F
:1076D00001071F601F68FF07F8D142F61428C2F2A5
:1076E0000008D8F84C5046F20C4AC4F2020A2F683F
:1076F00046F2080E0AF14C0646F27049C4F2020E38
:10770000B742C4F202090AD94F4543D046F2884530
:10771000C4F20205AF423FD14FF4006544E00EF1E0
:10772000B004A74218D946F21044C4F20204A7429A
:1077300000F0C48046F22844C4F20204A74200F0DC
:10774000BA8046F24044C4F20204A7420CBF4FF490
:1077500000154FF00065B2E00EF15004A74240F270
:10776000918046F27004C4F20204A74200F0328213
:1077700046F28804C4F20204A74200F00D8246F2E9
:10778000A004C4F20204A7420CBF4FF400154FF04E
:10779000006520E2202507E00AF194044FF000651F
:1077A000A74208BF4FF40015CAF80050B74240F294
:1077B0008B804F4508D046F28844C4F20204A742A9
:1077C00004D14FF4806509E0102507E00AF1940424
:1077D0004FF08065A74208BF4FF48015CAF80050EB
:1077E000B74240F2CB804F4508D046F28844C4F2FD
:1077F0000204A74204D14FF4007509E0082507E010
:107800000AF194044FF00075A74208BF4FF4002519
:10781000CAF80050B74240F20B814F4508D046F2FB
:107820008844C4F20204A74204D14FF4807509E0F1
:10783000042507E00AF194044FF08075A74208BFC1
:107840004FF48025CAF80050B74240F24B814F45B3
:1078500009D046F28844C4F20204A74207D1402569
:10786000CAF80050F5E10125CAF80050F1E10AF12B
:1078700094044FF48005A74208BF4FF48035CAF83E
:107880000050E6E146F21004C4F20204A74200F000
:10789000A88146F22804C4F20204A74200F07F81C6
:1078A00046F24004C4F20204A7420CBF4FF4001594
:1078B0004FF0006596E14FF4006500E02025CEF81A
:1078C0000054B7423FF675AF0EF1B004A74216D987
:1078D00046F21044C4F20204A74249D046F22844BA
:1078E000C4F20204A74240D046F24044C4F202046B
:1078F000A7420CBF4FF480154FF0806539E00EF1C0
:107900005004A74218D946F27004C4F20204A742F8
:1079100000F06E8146F28804C4F20204A74200F02F
:10792000418146F2A004C4F20204A7420CBF4FF406
:1079300080154FF080655CE146F21004C4F2020449
:10794000A74200F05C8146F22804C4F20204A74278
:1079500000F02B8146F24004C4F20204A7420CBF9F
:107960004FF480154FF080654AE14FF4806500E0E8
:107970001025CEF80054B7423FF635AF0EF1B004F3
:10798000A74216D946F21044C4F20204A74249D0D5
:1079900046F22844C4F20204A74240D046F24044D2
:1079A000C4F20204A7420CBF4FF400254FF000754B
:1079B00039E00EF15004A74218D946F27004C4F21F
:1079C0000204A74200F0228146F28804C4F20204B5
:1079D000A74200F0ED8046F2A004C4F20204A742E0
:1079E0000CBF4FF400254FF0007510E146F2100473
:1079F000C4F20204A74200F0108146F22804C4F247
:107A00000204A74200F0D78046F24004C4F2020408
:107A1000A7420CBF4FF400254FF00075FEE04FF475
:107A2000007500E00825CEF80054B7423FF6F5AEE9
:107A30000EF1B004A74216D946F21044C4F2020473
:107A4000A74249D046F22844C4F20204A74240D0DB
:107A500046F24044C4F20204A7420CBF4FF4802512
:107A60004FF0807539E00EF15004A74218D946F264
:107A70007004C4F20204A74200F0D68046F28804E3
:107A8000C4F20204A74200F0998046F2A004C4F2B6
:107A90000204A7420CBF4FF480254FF08075C4E06C
:107AA00046F21004C4F20204A74200F0C48046F279
:107AB0002804C4F20204A74200F0838046F2400486
:107AC000C4F20204A7420CBF4FF480254FF080752A
:107AD000B2E04FF4807500E00425CEF80054B742C0
:107AE0003FF6B5AE0EF1B004A74218D946F21044E5
:107AF000C4F20204A7424BD046F22844C4F2020466
:107B0000A74241D046F24044C4F20204A7420CBF4F
:107B10004FF480354FF48005CEF8005499E00EF113
:107B20005004A74219D946F27004C4F20204A742D5
:107B300000F0888046F28804C4F20204A74243D0D1
:107B400046F2A004C4F20204A7420CBF4FF48035F1
:107B50004FF48005CEF804507BE046F21004C4F2E6
:107B60000204A74272D046F22804C4F20204A742DB
:107B70002ED046F24004C4F20204A7420CBF4FF4D8
:107B800080354FF4800562E04025CEF8005460E077
:107B90000125CEF800545CE04FF400651BE04FF483
:107BA00000651FE04FF4806523E04FF4806527E017
:107BB0004FF400752BE04FF400752FE04FF4807503
:107BC00033E04FF4807537E04025CEF8045040E0B4
:107BD00040253CE02025CEF80450B7423FF6E9AD01
:107BE00072E62025CEF80050B7427FF66DAEE0E594
:107BF0001025CEF80450B7423FF6F5ADBEE610258D
:107C0000CEF80050B7427FF6B9AEECE50825CEF8C5
:107C10000450B7423FF601AE0AE70825CEF80050FF
:107C2000B7427FF605AFF8E50425CEF80450B74219
:107C30003FF60DAE56E70425CEF80050B7427FF66A
:107C400051AF04E60125CEF8045002E00125CEF83C
:107C50000050D8F848402768B7420AD94F4543D06A
:107C600046F28844C4F20204A7423FD14FF40065B3
:107C700044E00EF1B004A74218D946F21044C4F211
:107C80000204A74200F0C48046F22844C4F2020471
:107C9000A74200F0BA8046F24044C4F20204A74270
:107CA0000CBF4FF400154FF00065B2E00EF1500428
:107CB000A74240F2918046F27004C4F20204A74247
:107CC00000F0328246F28804C4F20204A74200F0B7
:107CD0000D8246F2A004C4F20204A7420CBF4FF486
:107CE00000154FF0006520E2202507E00AF194041A
:107CF0004FF00065A74208BF4FF40015CAF80050C6
:107D0000B74240F28B804F4508D046F28844C4F217
:107D10000204A74204D14FF4806509E0102507E072
:107D20000AF194044FF08065A74208BF4FF4801514
:107D3000CAF80050B74240F2CB804F4508D046F217
:107D40008844C4F20204A74204D14FF4007509E04C
:107D5000082507E00AF194044FF00075A74208BF18
:107D60004FF40025CAF80050B74240F20B814F454E
:107D700008D046F28844C4F20204A74204D14FF46A
:107D8000807509E0042507E00AF194044FF080753E
:107D9000A74208BF4FF48025CAF80050B74240F20E
:107DA0004B814F4509D046F28846C4F20206B742DD
:107DB00007D14026CAF80060F5E10126CAF8006044
:107DC000F1E10AF194054FF48006AF4208BF4FF489
:107DD0008036CAF80060E6E146F21004C4F20204FC
:107DE000A74200F0A88146F22804C4F20204A74288
:107DF00000F07F8146F24004C4F20204A7420CBFA7
:107E00004FF400154FF0006596E14FF4006500E077
:107E10002025CEF80054B7423FF675AF0EF1B004FE
:107E2000A74216D946F21044C4F20204A74249D030
:107E300046F22844C4F20204A74240D046F240442D
:107E4000C4F20204A7420CBF4FF480154FF08065C6
:107E500039E00EF15004A74218D946F27004C4F27A
:107E60000204A74200F06E8146F28804C4F20204C4
:107E7000A74200F0418146F2A004C4F20204A742E6
:107E80000CBF4FF480154FF080655CE146F21004A2
:107E9000C4F20204A74200F05C8146F22804C4F256
:107EA0000204A74200F02B8146F24004C4F202040F
:107EB000A7420CBF4FF480154FF080654AE14FF4A4
:107EC000806500E01025CEF80054B7423FF635AF8C
:107ED0000EF1B004A74216D946F21044C4F20204CF
:107EE000A74249D046F22844C4F20204A74240D037
:107EF00046F24044C4F20204A7420CBF4FF40025EE
:107F00004FF0007539E00EF15004A74218D946F23F
:107F10007004C4F20204A74200F0228146F28804F1
:107F2000C4F20204A74200F0ED8046F2A004C4F2BD
:107F30000204A7420CBF4FF400254FF0007510E17A
:107F400046F21004C4F20204A74200F0108146F287
:107F50002804C4F20204A74200F0D78046F240048D
:107F6000C4F20204A7420CBF4FF400254FF0007585
:107F7000FEE04FF4007500E00825CEF80054B7424B
:107F80003FF6F5AE0EF1B004A74216D946F2104402
:107F9000C4F20204A74249D046F22844C4F20204C3
:107FA000A74240D046F24044C4F20204A7420CBFAC
:107FB0004FF480254FF0807539E00EF15004A74250
:107FC00018D946F27004C4F20204A74200F0D68029
:107FD00046F28804C4F20204A74200F0998046F2F7
:107FE000A004C4F20204A7420CBF4FF480254FF056
:107FF0008075C4E046F21004C4F20204A74200F007
:10800000C48046F22804C4F20204A74200F0838030
:1080100046F24004C4F20204A7420CBF4FF480258C
:108020004FF08075B2E04FF4807500E00425CEF883
:108030000054B7423FF6B5AE0EF1B004A74218D9CE
:1080400046F21044C4F20204A7424BD046F2284440
:10805000C4F20204A74241D046F24044C4F20204F2
:10806000A7420CBF4FF480344FF48004CEF8004494
:1080700099E00EF15004A74219D946F27004C4F2F7
:108080000204A74200F0888046F28804C4F2020489
:10809000A74243D046F2A004C4F20204A7420CBF98
:1080A0004FF480344FF48004CEF804407BE046F275
:1080B0001004C4F20204A74272D046F22804C4F2AB
:1080C0000204A7422ED046F24004C4F20204A742A2
:1080D0000CBF4FF480344FF4800462E04024CEF8AB
:1080E000004460E00124CEF800445CE04FF40065F9
:1080F0001BE04FF400651FE04FF4806523E04FF470
:10810000806527E04FF400752BE04FF400752FE0F9
:108110004FF4807533E04FF4807537E04024CEF89B
:10812000044040E040243CE02025CEF80450B74213
:108130003FF6E9AD72E62025CEF80050B7427FF653
:108140006DAEE0E51025CEF80450B7423FF6F5AD30
:10815000BEE61025CEF80050B7427FF6B9AEECE58A
:108160000825CEF80450B7423FF601AE0AE70825CD
:10817000CEF80050B7427FF605AFF8E50425CEF8FB
:108180000450B7423FF60DAE56E70425CEF8005036
:10819000B7427FF651AF04E60124CEF8044002E076
:1081A0000124CEF80040CCF80C10D860CCF80420A4
:1081B0005A60DCF8000040F00100CCF800001868BC
:1081C00040F001001860BDE8F0870000B0B542F64D
:1081D0001423C2F200031B685D6845F002055D6070
:1081E0005D6845F001055D601D6845F040051D6056
:1081F00042F23C23C2F200031B6800BF1D6825F059
:1082000001051D601D68ED07F8D146F20C4CC4F263
:10821000020C0CF14C0446F2080EA342C4F2020E0A
:1082200004D94FF40015CCF8005012E00EF1B0055F
:10823000AB4204D94FF40015CEF8005409E00EF11A
:108240005005AB424FF4001594BFCEF80050CEF865
:10825000045043F20C05C4F201059D60D9605A60D8
:10826000196841F01001196042F29C21C2F200012C
:10827000096800BF0B6823F001030B600B68DB0784
:10828000F8D1A14204D94FF00063CCF8003012E0DD
:108290000EF1B003994204D94FF00063CEF80034D8
:1082A00009E00EF1500399424FF0006394BFCEF8FD
:1082B0000030CEF804308D60C8604A60B0BD000068
:1082C0002DE9F04782B00A9C984615460E46814635
:1082D000FAF7A2FA201A00EB0804FAF79DFA40F226
:1082E0002401C2F200010968C1F3CB31614301915D
:1082F000D9F8001089683140891BB1FA81F1490928
:10830000A94203D1002002B0BDE8F087824608F1FF
:10831000010709E0D9F8000080683040801BB0FAFE
:1083200080F04009A842EDD0002FF3D0FAF774FA9C
:10833000A0EB0A00A04207D201980199002808BFCB
:108340000446481E0190E5E7D9E900014268B1F50D
:10835000827F22F0E00242600BD1D9F80810B1F51B
:10836000004F02D0B1F5806F03D1016821F04001C8
:108370000160D9F82810B1F5005F07D1016821F438
:1083800000510160016841F400510160012089F849
:108390005100002089F85000032002B0BDE8F087AA
:1083A000074B19680868B0E8F04F80F30988BFF3FD
:1083B0006F8F4FF0000080F31188704700BF00BF3F
:1083C000142E002080B54FF0500080F31188BFF3C9
:1083D0006F8FBFF34F8F04F081FC30B14EF6045025
:1083E000CEF200004FF080510160002080F3118830
:1083F00080BD000070B592B006AC20463021F8F781
:108400006FF8002543F640000595CDE90355CDE909
:1084100001550095C4F202000168022641F0805126
:108420000160006800F080500090009847F2000062
:108430000095C4F20000016841F4804101600068C9
:1084400000F4804000900098012006904FF48030A6
:1084500007904FF480000D9006200E90A820CDE9E3
:108460000F060720119020460C96FBF72DFB10B14C
:1084700072B600BFFEE70F20CDE901064FF4A05011
:1084800004904FF48050059001A805210395FBF757
:10849000E9F910B172B600BFFEE712B070BD00007E
:1084A0004EF68850CEF20000016841F47001016080
:1084B0007047000042F64430C2F20000FCF70EB9EB
:1084C00042F6FC20C2F20000FCF708B910B540F6F5
:1084D000FF3E0368C4F2000E40F2004C7045C4F247
:1084E000010C0FDCB0F1804F19D040F20042C4F211
:1084F0000002904213D040F60002C4F20002904203
:108500000DD010E040F60042C4F20002904206D0C6
:10851000604504D00022C4F20102904203D14A68AF
:1085200023F07003134341F6FF72C4F2000290423D
:108530000FDC704521DCB0F1804F41D040F20042A9
:10854000C4F2000290423BD040F60002C4F20002A6
:1085500034E043F6FF72C4F2010290421EDC42F2A4
:108560000002C4F2000290422AD00022C4F20102AA
:10857000904225D0604523D026E040F60042C4F268
:10858000000290421CD041F60002C4F20002904268
:1085900016D041F60042C4F200020FE044F200029D
:1085A000C4F2010290420BD044F60002C4F2010270
:1085B000904205D044F20042C4F20102904203D13D
:1085C000CA6823F44073134323F080024B69D1F847
:1085D00000E08C681A430260C46240F48062C0F814
:1085E00028E0624504BF0969016301214161016915
:1085F000C90708BF10BD016921F00101016110BD6B
:10860000806B0021C185C184FCF7E6BA806B0168EC
:10861000496990F84120212A11D111F080010ED032
:108620000021C184016851E8031F026821F0C001E4
:1086300042E80313002BF5D1202180F84110016896
:10864000496990F84220222A2BD111F0400128D00C
:108650000021C185016851E8031F026821F490716F
:1086600042E80313002BF5D1016851E8051F0268A9
:1086700021F0010142E80513002BF5D1016B01291E
:108680000AD100BF016851E8031F026821F0100100
:1086900042E80313002BF5D1202180F8421000217D
:1086A0000163416C41F010014164FCF795BA000090
:1086B0000168806B0968C90530D40021C18500BFFD
:1086C000016851E8031F026821F4807142E8031336
:1086D000002BF5D1016851E8051F026821F0010166
:1086E00042E80513002BF5D1016851E8051F026827
:1086F00021F0400142E80513002BF5D1202180F83C
:108700004210016B012909D1016851E8031F026879
:1087100021F0100142E80313002BF5D10021416341
:10872000016B012918BFFCF7FBBD818DFCF752BA24
:10873000806B01214163016B012918BFFCF730BE3A
:10874000818D4908FCF746BA90F84210222918BFDB
:1087500070478268B2F5805F02D1016900294AD072
:10876000816AB2F5805F07D00AB9026922B1026856
:10877000526802F07F0201E0026852680A70816A62
:1087800001318162C18D01390A04C18500D0704771
:108790000168CA6822F02002CA60CA6822F48072A6
:1087A000CA604A6922F001024A61202180F8421021
:1087B00000214163026B012A18BFFCF7B1BD81B0F3
:1087C000016300BF016851E8031F026821F0100136
:1087D00042E80313002BF5D101680A68D20606D5DA
:1087E000002200920A680092496800910099818DE8
:1087F00001B0FCF7EFB90168826A49686FF35F2145
:1088000022F8021B8262BDE7B0B50446006804F19D
:1088100008030ECB0569194325F440552A4302612C
:108820006269E3691143C268194349F20C639A43D0
:108830001143C1604169A26921F4407141F20043D2
:10884000114340F48062C4F201039A42416102D1B3
:10885000FBF7F2F801E0FBF7DBF8E1694FF69C75F6
:1088600063681922C0F6FF75B1F5004FA0FB020145
:108870001CD15A00DB0FF7F72DFD48F21F51C5F24E
:10888000EB11A0FB01235A0905F1805302FB030001
:10889000322303EBC000A0FB01014FF4F87000EAA3
:1088A000111000EB0210C1F3421118E09A009B0F67
:1088B000F7F710FD48F21F51C5F2EB11A0FB0123A1
:1088C0005A0902FB0500322303EB0010A0FB010153
:1088D000F02000EA511000EB0210C1F343110844EC
:1088E00021688860B0BD000042F6D430C2F20000BA
:1088F000FCF774B942F61C40C2F20000FCF76EB9F6
:1089000042F66440C2F20000FCF768B9D0F8D42205
:1089100000EB820CDCF8C032002B04BF0320704750
:10892000B0B501F00F0404EB840200EB820E5EF898
:10893000182F5AB1D0F8C85204EBC40405EB8404D4
:10894000E469B2FBF4F505FB142292B10020C3F8F0
:108950001402DCF8C422D2F810C0BCF1000F08BF2A
:10896000B0BDD3F808020A4603F50471E0470020C1
:10897000B0BD00220023CEF8002000F0ADFD0020A5
:10898000B0BD0000B0B5D0F8D42200EB8202D2F81E
:10899000C05295B1044600F039FCD4F8D412C5F8A1
:1089A0000C0204EB8101D1F8C412D5F80402CA68A4
:1089B00005F5037190470020B0BD0320B0BD000055
:1089C00070B58121044600F067FB00252046012197
:1089D000258700F061FB20468221A4F8785100F041
:1089E0005BFBD4F8D402E56404F5307656F8201029
:1089F00089B104EB8000D0F8C40240688047D4F805
:108A0000D40256F8200001F041F8D4F8D40246F818
:108A10002050C4F8BC52002070BD000010B5D0F842
:108A2000D41200EB8100D0F8C04284B1D0F8C41257
:108A300059B194F80002FF2807D08B6894F80122FE
:108A400021469847FF2084F80002002010BD032033
:108A500010BD0000014640F2A4000A22C2F200004C
:108A60000A807047F0B581B040F26007C2F200079B
:108A700004463846822100F08BFA0646384601212A
:108A800000F086FA05463846812100F081FA002E72
:108A90001CBF1021B171002D1CBF4021A9800028EE
:108AA0001CBF40218180432140F26000C2F20000DF
:108AB000218001B0F0BD0000F0B581B040F2600748
:108AC000C2F2000704463846822100F061FA0646E9
:108AD0003846012100F05CFA05463846812100F055
:108AE00057FA002E1CBF1021B171002D1CBF4FF48E
:108AF0000071A98000281CBF4FF4007181804321C0
:108B000040F26000C2F20000218001B0F0BD000020
:108B1000F0B581B040F26007C2F200070446384663
:108B2000822100F035FA06463846012100F030FA7D
:108B300005463846812100F02BFA002E1CBF10217B
:108B4000B171002D1CBF4021A98000281CBF40210D
:108B50008180432140F26000C2F20000218001B018
:108B6000F0BD00002DE9F04104464FF4077000F01D
:108B70008FFF002850D04FF407710546F7F7B0FC7F
:108B8000D4F8D402402704EB8000C0F8C052207C07
:108B9000C4F8BC52002808BF4FF40077204681215A
:108BA00002223B46022600F0AFFB4FF001082046B0
:108BB000012102223B46A4F8388000F0A5FB1020DA
:108BC000A4F84E002046822103220823A4F87881CD
:108BD00000F09AFBD4F8D4020027C5F8047204EB25
:108BE0008000D0F8C402A4F84C8000688047C5F823
:108BF0001472C5F81872D5F8042252B1207C0121F4
:108C00000028204614BF40234FF4007300F090FB6F
:108C100000263046BDE8F081D4F8D402002104EBF0
:108C20008000C0F8C0120220BDE8F081D0F8D41254
:108C300000EB8101D1F8C012002904BF0320704766
:108C400080B590F810C0D1F8042240230121BCF176
:108C5000000F08BF4FF4007300F06AFB002080BDD6
:108C600000290FBF0320D0F8D42200EB8200C0F807
:108C7000C41218BF00207047D0F8D42200EB820045
:108C8000D0F8C00200280EBF0320C0F80412002054
:108C900070470000D0F8D43200EB8300D0F8C00257
:108CA00000280FBF0320C0F80812C0F810220020CF
:108CB00070470000F0B581B0D0F8D42200EB8203F9
:108CC000D3F8C0420022002C8DF80320ADF800201C
:108CD00054D00D7815F0600214D0202A4CD1CA88E7
:108CE0001AB36DB2B5F1FF3F27DD4978402A84F809
:108CF0000012214628BF402284F8012200F06CF8BF
:108D000000243CE04A780B2A36D80024DFE802F041
:108D100006373434343434343434253090F89C22DB
:108D2000032A29D1694602221EE0D3F8C402002298
:108D3000836848780024984721E0D3F8C432064677
:108D40009D684B780F4618462146A847FA8830465A
:108D5000072A28BF0722214606E090F89C22032A12
:108D60000AD10DF10301012200F050F8002406E0C1
:108D700090F89C22032A02D000F022F80324204617
:108D800001B0F0BD80B5D0F8B822526890470028F5
:108D900018BF032080BD00000020704700207047EE
:108DA00080B513460A46002100F0C2FA002080BDBB
:108DB00080B513460A46002100F08EFB002080BDDE
:108DC00010B58021044600F055FB20460021BDE887
:108DD000104000F04FBB000080B513460A46032147
:108DE000C0F894120021C0E9563300F0A1FA002027
:108DF00080BD000080B50521C0F89412002100223A
:108E0000002300F095FA002080BD000080B51346D5
:108E10000A460221C0F894120021C0E9063300F08E
:108E20005BFB002080BD000080B50421C0F89412D7
:108E300000210022002300F04FFB002080BD000035
:108E400010B540F26054C2F200040A4602A0214666
:108E500000F0BAF8204610BD43444320436F6E66CD
:108E60006967000040F2B0001222C2F200000A80DE
:108E70007047000010B540F26054C2F200040A4688
:108E800002A0214600F0A0F8204610BD4344432034
:108E9000496E7465726661636500000040F2D80037
:108EA0000422C2F200000A807047000010B540F2B0
:108EB0006054C2F200040A4602A0214600F084F881
:108EC000204610BD53544D6963726F656C656374C1
:108ED000726F6E696373000010B540F26054C2F2A5
:108EE00000040A4602A0214600F06EF8204610BD9C
:108EF00053544D3332205669727475616C20436F40
:108F00006D506F727400000070B547F61020C1F606
:108F1000FF70026883684FF01A0CD218A1F800C0E5
:108F200031D0406840F2DC0C6FF00101C2F2000C5D
:108F30004FF0370E002300BF0CEB01050EEB12764D
:108F4000B2F1204F01F102014FEA127438BF04F16F
:108F5000300612010E292E716B71EDD10CF110014A
:108F600004224FF0370C00230CEB1075B0F1204FAA
:108F70004FEA107638BF06F1300501F8025F0001B4
:108F8000013A4B70F0D140F2DC00C2F2000070BD3B
:108F9000B0F802C003789C459CBF0020704780B5A4
:108FA00008E000BF82788A4208BF80BD73449AB24D
:108FB000624506D290F800E070444278052AF1D06C
:108FC000F4E7002080BD0000002808BF704710B5FE
:108FD00090F800C0BCF1000F15D0A0F1010E73464F
:108FE0009C780133002CFBD1BCF1000F0BD04FF06B
:108FF000000C00BF9EF802300CF1010C002B0EF1AA
:10900000010EF7D101E04FF0000C5FFA8CF302245F
:1090100004EB4303138003220B704A7002787AB189
:10902000013802234FF0000CDCB251FA83FE0A55DE
:109030008EF801C082780233002A00F10100F3D1DA
:10904000BDE8104070470000002804BF03207047AF
:109050000023C0F8B832C0F8C4320029C0F8D032BA
:1090600018BFC0F8B412012180F89C12027000F001
:10907000D1B8000080B5D0F8C802F9F74DFE40F233
:109080000032C100C0F2013222FA01F1032888BF88
:109090000321C8B280BD000080B5D0F8C802F9F73E
:1090A00013FE40F20032C100C0F2013222FA01F197
:1090B000032888BF0321C8B280BD0000B0B581B1CC
:1090C00090F89C22032A50D1D0F8B8225269002A85
:1090D0004BD00023C0F8D4329047002808BF0020AE
:1090E000B0BDD0F89412022938D1D0E907318B42B3
:1090F0000DD95B1A11461A46C3610446FFF758FEA4
:10910000204600210022002300F012F925E00FD1B3
:1091100082698A420CD3D0F898128A4208D2002180
:10912000002204460025FFF743FEC4F89852E7E703
:1091300090F89C12032909D1D0F8B812C96829B156
:109140000022C0F8D42204468847204680210446E5
:1091500000F090F92046FFF74DFE204690F8A0124F
:1091600000291CBF002180F8A0120020B0BD000023
:1091700010B589B190F89C22032A08D1D0F8B82202
:10918000002392691AB1C0F8D432904700E0002061
:10919000002808BF002010BDD0F8941203291FD169
:1091A000D0E9571399420BD9C91AC0F85C119942FA
:1091B00038BF0B4611461A46FFF7F2FD002010BDDE
:1091C00090F89C12032909D1D0F8B812096929B185
:1091D0000022C0F8D422044688472046FFF724FE28
:1091E000002010BD00207047012180F89C12D0F8AB
:1091F000B812002904BF0020704780B54A68017981
:109200009047002818BF032080BD0000D0F8C80296
:10921000F9F7B2BD017809B10020704710B542F2EC
:109220003051C2F20001C1F8E004C0F8C8124FF09A
:10923000A0400860042008714FF40070C88002202C
:10924000C1F809000020C8810846FAF7E9F90028AA
:1092500018BFF8F73FF842F23054C2F2000420463B
:109260008021F9F7E7FC204600214022F9F7E6FCCF
:10927000204601218022F9F7E1FCBDE810400020E2
:1092800070470000D0F8C80201F07F034AB203EB38
:10929000C30301EBC10100EB830300EB810000F28B
:1092A0005620002A48BF03F11600007870470000DE
:1092B000D0F8D42200EB8202D2F8B822002A04BFF0
:1092C0000320704790F89C32032B05D1126A1AB123
:1092D00080B59047002080BD00207047D0F8D42290
:1092E00000EB8202D2F8B822002A04BF03207047A4
:1092F00090F89C32032B05D1526A1AB180B5904781
:10930000002080BD0020704780B59446D0F8C80288
:109310001A466346F9F73AFD40F20032C100C0F246
:10932000013222FA01F1032888BF0321C8B280BDAF
:1093300080B5D0F8C802F9F75BFD40F20032C100F9
:10934000C0F2013222FA01F1032888BF0321C8B21A
:1093500080BD0000F0B581B00126002580F89C6238
:10936000C0F8945204464560D0F8B802C4F8A4523C
:1093700084F8A05240B1426832B1204600219047A3
:109380000546002818BF032520460021002240235F
:109390004027FFF7B9FF2046802100224023A4F890
:1093A0006461C4F86071FFF7AFFFA68428462762A6
:1093B00001B0F0BD90F89C12042904BF90F89D12F2
:1093C00080F89C120020704790F89C12032908D165
:1093D000D0F8B81229B1C96919B180B58847BDE87C
:1093E0008040002070470000024600201174704742
:1093F00080B5D0F8C802FAF7DFF940F20032C100B8
:10940000C0F2013222FA01F1032888BF0321C8B259
:1094100080BD0000B0B500F2AA240546204600F049
:109420006DF80121C5F8941295F8AA12B5F8B0327A
:1094300001F01F02022AC5F898320ED0012A06D088
:109440008AB928462146BDE8B04000F08FB82846CA
:109450002146BDE8B04000F0D9BA28462146BDE813
:10946000B04000F02FBA01F080012846BDE8B040BE
:10947000AFF3008080B5D0F8C802F9F7DBFC40F20A
:109480000032C100C0F2013222FA01F1032888BF84
:109490000321C8B280BD000080B5D0F8C802FAF739
:1094A000A7F940F20032C100C0F2013222FA01F104
:1094B000032888BF0321C8B280BD0000014690F890
:1094C0009C02042204281CBF91F89C0281F89D0292
:1094D000002081F89C22704780B5D0F8C802F9F7C7
:1094E000E1FC40F20032C100C0F2013222FA01F187
:1094F000032888BF0321C8B280BD00000A7802702B
:109500004A7842704A8842808A888280C988C180AD
:109510007047000010B582B004460020ADF8060088
:10952000B1B1D4F8D42204F52E70C4F8B81250F8B2
:109530002200C16A21B10DF106008847C4F8D002AB
:10954000D4F8D8020130C4F8D802002002B010BD0F
:10955000032002B010BD0000D0F8B822002A04BFDA
:109560000020704712681047FFF796BF70B582B0B1
:109570000A7812F060020FD0402A02D0202A40F070
:10958000C680D0F8D42200EB8202D2F8B8229268CA
:1095900002B0BDE8704010474A78092A00F2B7804F
:1095A000DFE802F0052CB54FB55877B51A3C90F8B6
:1095B0009C22013A022A00F2AA80C988022940F0BE
:1095C000A680D0F8A4120322002908BF0122014678
:1095D00041F80C2F02225EE1C988012940F09780F2
:1095E00090F89C124A1E022A80F08C8000240146CA
:1095F00041F8084F0122FFF709FC91E090F89C2206
:10960000013A022A00F2838049880024012940F0AF
:109610008780C0F8A442FFF707FC81E0498840F248
:109620005C55C2F2000511F0FE0F297046D0802172
:109630000446FFF71FFF20460021FFF71BFF03240E
:109640006EE04A88022A56D0012A60D10121C0F872
:10965000A41253E08A88002A59D1CA88002A56D118
:109660004D887F2D53D890F89C1203294FD0E9B232
:1096700080F89E520446FFF7BBFE20462646FFF7C1
:10968000D3FB002D14BF0220012086F89C02002489
:1096900046E04A884FF0FF3303EB12230026062BE7
:1096A000ADF806604CD8DFE803F0044D3E4B4B5C50
:1096B00068000E46D0F8B4120A68CCE090F89C22FC
:1096C000032A6AD0022A40F08C800A0616D001F0E4
:1096D0000102C9B242600546FFF73EFF044600287A
:1096E00000F0998028468021FFF7C4FE284600211B
:1096F000FFF7C0FE71E0497980F8A012FFF794FBF4
:1097000000240DE0032902D1011D0122C3E08021C4
:109710000446FFF7AFFE204600210024FFF7AAFE13
:10972000204602B070BDD2B2052A09D8DFE802F0A7
:1097300003897F847A8E0E46D0F8B4124A6889E095
:109740000E4690E00E46017C0446D0F8B80200298F
:109750000CBF816AC16A0DF10600884705460220E8
:1097600018E00E46017C00297DD10446D0F8B802ED
:10977000416B0DF10600884772E00E46017C00291E
:1097800071D10446D0F8B802016B0DF1060088478C
:10979000054607206870012070E00A062FD0426855
:1097A00001F001018A42A9D0D1B20446FFF7EAFADA
:1097B0002978204661602546FFF7CEFE0446002842
:1097C0007CD028468021FFF755FE28460021FFF770
:1097D00051FE29792846FFF7D5FA022085F89C0228
:1097E0009EE780210446FFF745FE20460021FFF753
:1097F00041FE29782046FFF7C5FA032490E70222AC
:1098000080F89C2201F00102C9B242600446FFF7D1
:10981000B9FA204672E72846FFF706FB032085F8D1
:109820009C027DE70E46D0F8B4124A6912E00E465B
:10983000D0F8B412CA680DE00E46D0F8B4120A6926
:1098400008E00E46D0F8B4128A6803E00E46D0F85D
:10985000B4128A693AB10446007C0DF106019047C2
:10986000054601200AE080210546FFF703FE284651
:1098700000212C460025FFF7FDFD002090B1F28865
:109880006AB1BDF8061079B1914238BF0A46ADF809
:10989000062020462946FFF7B9FA002440E7204673
:1098A000FFF7C2FA00243BE720468021FFF7E2FDE4
:1098B00020460021FFF7DEFD002431E72846FFF7B0
:1098C000B3FA2DE770B50A780D46097912F06002F7
:1098D000044609D0402A01D0202A42D12046FFF771
:1098E0005BFAD0B1002070BD687888B3012821D020
:1098F000032836D194F89C0203281FD1688838B910
:1099000011F07F0004D0E88810B92046FFF7B2FDBF
:109910002046FFF789FA002070BDD4F8B8028268AB
:109920000020002AC4F8D402DCD020462946BDE835
:109930007040104794F89C0203281CD0022810D1D4
:1099400048060ED02046FFF795FD204680210EE008
:1099500094F89C0203281ED0022808BF5FEA4160E9
:109960003FD020468021FFF785FD20460021FFF7EC
:1099700081FD002070BD68880028B3D10E464806DE
:1099800003D020463146FFF775FB2046FFF74CFA1F
:1099900020463146A3E701F00F0000EB800080294C
:1099A00004EB80002CBF808CB0F864010028D8D074
:1099B00001F07F0000EB800004EB800000F1140553
:1099C00001EB810004EB8000802938BF00F5AA7507
:1099D000480611D02046FFF755FC002818BF01208B
:1099E0000BE008064FF0140058BF4FF4AA70002295
:1099F00021182250204603E00020286020462946F6
:109A00000222FFF703FA002070BD000070B50A784B
:109A100012F0600218BF402A11D190F89C22013A3E
:109A2000022A0ED88A8812F0FE0F0AD10E46D1B251
:109A30000546FFF7B3F978B1032431461BE0202A2D
:109A4000EBD080210446FFF715FD204600210024BD
:109A5000FFF710FD204670BDD5F8B8128A6842B1F4
:109A600000212846C5F8D4123146904731460446B5
:109A700001E031460324C888002808BF002CE9D142
:109A80002846FFF7D1F9204670BD0000704700005E
:109A900040F26070C2F200007047000010B50A7812
:109AA0004B78D0F81CE802F00F04012B4FEA421C5F
:109AB00017D10123A34043EA0E03C0F81C386044C9
:109AC000D0F800391B0427D48B6800F510600979A1
:109AD00004686FF3DF2343EA814144EA8252114371
:109AE00015E04FF48032A24042EA0E02C0F81C2872
:109AF0006044D0F8002B12040ED48A6800F5306060
:109B000009796FF3DF22036842EA8141194341F08A
:109B1000805141F400410160002010BD0146D0F8A1
:109B2000000940F2FF729043C1F80009D1F804081F
:109B300040F480720020C1F80428704782B002F41B
:109B40007F42B2F5807F38D1826B4FF6BF7322F42B
:109B500080328263C268CFF6BD731A40C260029B36
:109B6000C268DBB222F44012012BC26003D1C2688A
:109B700042F48012C2600022009200BF009A0132BB
:109B80000092009AB2F1706F3DD80269B2F1FF3FC6
:109B9000F4DC00220092026942F00102026100BF7F
:109BA000009A01320092009AB2F1706F2BD80269CC
:109BB000D207F5D14FF0000C33E0C26842F040020A
:109BC000C2600022019200BF019A01320192019A03
:109BD000B2F1706F1AD80269B2F1FF3FF4DC0022D3
:109BE0000192026942F00102026100BF019A013252
:109BF0000192019AB2F1706F08D80269D207F5D1CB
:109C00004FF0000C04E04FF0030C0AE04FF0030C9F
:109C1000826B13F47F4F14BF22F4803242F48032FF
:109C2000826301F47F01B1F5803F07D1816841F083
:109C300006018160816841F020018160604602B0C8
:109C40007047000010B54A7891F800E047F6000C24
:109C5000CEF6334C012A4FEA4E1226D10244D2F8F6
:109C6000001902F51063B1F1FF3F4FF0010407DC6A
:109C7000196841F000611960196841F0804119606C
:109C80000EF00F01D0F83C2804FA01F18A43C0F825
:109C90003C28D0F81C2822EA0101C0F81C181868DA
:109CA00000EA0C010020196010BD811801F5306335
:109CB000D1F8001B0CF1707CB1F1FF3F4FF4803400
:109CC000DEDCD5E70146D0F8000E20F00300C1F835
:109CD000000ED1F8040820F002020020C1F8042888
:109CE000704700000146D0F8000E20F00300C1F8D4
:109CF000000ED1F8040840F002020020C1F8042848
:109D0000704700002DE9F04F83B01B0C00F5807701
:109D10000F260025013E47F8045FFBD1DBB200931C
:109D20003BB1836B23F400138363836B43F4002301
:109D300010E0D0F8043843F00203C0F80438836B15
:109D400043F400138363836B23F400238363836BE7
:109D500023F4802302F47F4783630023B7F5807FD9
:109D6000C0F8003E07D1D0F80078B3EB116F07D1EF
:109D7000C0F8007808E0D0F8003843F0030301E0B1
:109D800047F00103C0F8003800230193019B013321
:109D90000193019BB3F1706F18D80369B3F1FF3FD2
:109DA000F4DC002301934FF484630361019B4FF0C3
:109DB000000E01330193019BB3F1706F88BF4FF028
:109DC000010E05D803699B06F0D401E04FF0010EA7
:109DD00000230293029B01330293029BB3F1706F45
:109DE00018D80369B3F1FF3FF4DC0023029310237A
:109DF000036100BF029B4FF0000A01330293029BF4
:109E0000B3F1706F88BF4FF0010A05D80469E4060A
:109E1000F0D401E04FF0010ACCB24FF00008C0F8D6
:109E20001088C0F81488C0F81C8894B300F5106638
:109E30004FEA441B4FF67F39002400BF33594FF0DF
:109E40009045002C08BF4FF0006505EAE373371911
:109E500033512034A345C7F81080C7F80890EDD1DE
:109E600000F530664FF000094FF67F34002700BF41
:109E7000F5594FF0904C002F08BF4FF0006C0CEAE2
:109E8000E575F319F5512037BB45C3F810909C6078
:109E9000EED1D0F8103811F47F0F23F48073C0F89E
:109EA00010386FF08043C0F81880436103D1816996
:109EB00041F010018161816943F60003C8F23C035F
:109EC000194312F47F0F816103D0816941F00801C9
:109ED00081610099012905D1816941F0804141F0FA
:109EE000040181614EEA0A0003B0BDE8F08F000072
:109EF0000146806820F0010200208A60704700005F
:109F0000D0F840C043F20B03C4F654739C4503D30E
:109F1000D0F8003B002B1ED40023C0F8103BD0F833
:109F2000103B012943F40023C0F8103BD0F8103B4C
:109F300043F01803C0F8103BD0F8103B43F0C04387
:109F4000C0F8103B07D1C0F8142BD0F8001B41F02B
:109F50008021C0F8001B0020704700004A780B7871
:109F6000012A4FEA431210440DD1D0F8002922F4FF
:109F70000012C0F80029097901F0FE01022913D16D
:109F800000F510600CE0D0F8002B22F40012C0F8AD
:109F9000002B097901F0FE01022905D100F530609E
:109FA000016841F080510160002070470A784B78C9
:109FB0005101012B084406D1D0F80019002900F501
:109FC000106106D50AE0D0F8001B002900F53061C9
:109FD00004D41AB1086820F080400860086840F492
:109FE000001200200A607047F0B54B78002491F809
:109FF00000C04FF6FF75CFF6F874012BCEF20705BF
:10A000002AD10E6900EB4C1EDEF81079002E0EF5F9
:10A0100010634CD03C401C611C69BCF1000F04EA89
:10A0200005041C618C6856D03519013DB5FBF4F46C
:10A030000025C1F6F8751E6905EAC44535431D6162
:10A040000D79012D4FD11D6925F0C0451D614FF0DF
:10A05000C04505EA447443E000EB4C13D3F8107B91
:10A060004FF6FF7E2740C3F8107BD3F8104BC0F2A9
:10A07000070E2C40C3F8104B0C69BCF1000F03F520
:10A0800030631DD08E68002C6FD0A719013FB7FB3D
:10A09000F6F7BDB26E430E620025C1F6F8751C6975
:10A0A00005EAC747274306EA0E061F6164E03D4004
:10A0B0001D611D6945F400251D611D692C4017E0D7
:10A0C000002C1CBF8F680F618F680F621E6907EA42
:10A0D0000E0737434DE0A64288BF0C614FF40024C1
:10A0E0001D692C431C610C691D696FF3DF442C430F
:10A0F000012A1C6115D1CA69002A18BFCEF814299B
:10A100000979012950D1D0F80808DEF80019C005F6
:10A110004FF0805058BF4FF000500843CEF8000970
:10A1200042E000F510634FEA4C169F5947F0044790
:10A130009F510F79012F0DD1D0F80878F558FF0500
:10A140004FF0805758BF4FF000572F43F75092B34E
:10A150000020F0BD09690029FAD00CF00F0101229E
:10A1600002FA01F100F6340320E01F6906EA0E0648
:10A1700037431F614FF400261F69012A47EA06078B
:10A180001F6103D1CA68002A18BF5A6109790129E1
:10A190000AD1D0F808081968C0054FF0805058BFA0
:10A1A0004FF00050084318604FF00441186808430E
:10A1B00018600020F0BD0A8A002AC9D0CB68D11CE3
:10A1C000890800F580504FEA0C32043B53F8047FB5
:10A1D00001391750FAD1BBE781B0002200924A78CA
:10A1E0000978012A4FEA41111BD100F5106042584D
:10A1F000B2F1FF3F2FDC0A5842F000620A500A58C1
:10A2000042F080420A5042F2107200BF009B0133BC
:10A210000093009B934221D84358B3F1FF3FF5DDF3
:10A2200019E000F530604258B2F1FF3F13DC0A58E4
:10A2300042F000620A500A5842F080420A5042F24C
:10A24000107200BF009B01330093009B934205D81E
:10A250004358002BF6D4002001B07047012001B014
:10A26000704700000146806840F0010200208A60CB
:10A270007047000081B00022009200BF009A0132B6
:10A280000092009AB2F1706F15D80269B2F1FF3FE7
:10A29000F4DC890100222031009201610099013132
:10A2A00000910099B1F1706F05D801698906F5D464
:10A2B000002001B07047032001B07047D0F80808B3
:10A2C00000F0060180074FF0020058BF0F20002960
:10A2D00008BF084670470000406900F00100704761
:10A2E000D0F81818D0F81C08084080B27047000059
:10A2F000D0F81818D0F81C080840000C704700006F
:10A30000D0F810C8D0F8343801F00F0223FA02F266
:10A31000D20100EB4110D2B2D0F8080942EA0C0198
:10A320000840704700EB4111D1F8081BD0F8140821
:10A3300008407047416980690840704780B59308BC
:10A3400002F0030209D004394FF4805C50F80CE0AD
:10A35000013B41F804EFF9D1043172B14FF480535D
:10A3600050F803C0002300BF2CFA03F0013A01F8B3
:10A37000010B100403F10803F6D1084680BD00006C
:10A38000B0B50446C06820F0C040E06091B101293A
:10A3900026D1E068002540F00050E0600A20F8F780
:10A3A000C9F86069C00705F10A0014D1BE2D054641
:10A3B000F4D310E0E068002540F08040E06000BF8A
:10A3C0000A20F8F7B7F86069C00705F10A0002D063
:10A3D000BE2D0546F4D3C838B0FA80F04009B0BDB0
:10A3E0000120B0BD0246D0F8000801F07F0120F442
:10A3F000FE60C2F80008D2F8000840EA011100200F
:10A40000C2F8001870470000022A02465CD145F2EB
:10A410004030CFF6277043F200530844C0F20C03DB
:10A42000984202D24FF4705050E041F64060CFF6AF
:10A430001B7044F240230844C0F20F03984202D23A
:10A440004FF4605042E0A1F5740044F68073A0F52B
:10A450001050C0F21203984202D24FF4505035E02F
:10A46000A1F183704DF22063A0F5E740C0F2130321
:10A47000984202D24FF4405028E04BF26060CFF691
:10A48000E5604EF260330844C0F21603984202D2EF
:10A490004FF430501AE04DF20030CFF6CE6047F264
:10A4A00040730844C0F21B03984202D24FF420507C
:10A4B0000CE045F6C030CFF6B36049F2C013084453
:10A4C000C0F2210398420AD24FF41050D16821F40F
:10A4D0007051D160D16801430020D1607047A1F173
:10A4E000B77047F22053A0F55850C0F23803984295
:10A4F00002D24FF40050E9E745F2E040CFF6596050
:10A5000049F6E0430144C0F241034FF4C050994280
:10A5100038BF4FF4E050D9E7DDF800C0BCF1000FC0
:10A520000CD15BB103339B0800F5805C1203043946
:10A5300051F8040F013B42F80C00F9D1002070479C
:10A54000014600284FF0000008BF7047F0B581B009
:10A5500042F6AC47C2F200073A78042A3ED80868AF
:10A56000D8B342F6D066002A1346C2F2000618BFDE
:10A57000012312D03468246884420DD0002400BF27
:10A58000013494424FF0000338BF012305D256F83E
:10A5900024502D688542F3D1FBB940F213200D46BB
:10A5A00001F0D6F840F213210446F5F777FF2B6847
:10A5B0002979B5F805202046236084F80812D5F8DB
:10A5C0000B40D5F80750332AA0F80422C0F80F42F8
:10A5D000C0F80B5206D301F0B7FA002001B0BDE875
:10A5E000F04070473D78022905F101043C7046F8BF
:10A5F000250008D00129F1D100F5827104461846E2
:10A60000FAF764FE05E000F5827104461846FAF791
:10A6100001FE2046E2E70000FEE700002DE9F04FD2
:10A6200081B0DDF828901F4615468B4691420446BE
:10A630004FF0010806D35846B0FBF5F008F10108C9
:10A64000A842F9D20B99B84598BFB846B9F1000FA6
:10A6500034D011F0010031D12026880748BF3026C0
:10A660004FF0FF3A2020002F18BF064606E000BF3B
:10A67000E068A9F10109B0F1FF3F1FDDB9F1000F5A
:10A680001CD0C8451AD2D4E90121481C904205D8F3
:10A6900022685654E168A060481CE060D4E90102D9
:10A6A0008242E5D121682069FCF7A6FCA1688842B6
:10A6B00006BF0020A060C4F80CA0D9E7E06800281D
:10A6C0003BD4012602E000BF013F6E43022FFBD2C4
:10A6D000BBFBF6F0A842F8D22EA700BFD4E90121B7
:10A6E000BBFBF6FA481C904207D817F80A202368EB
:10A6F0005A54E168A060481CE060D4E9010282423B
:10A700000BD121682069FCF777FCA168884207BF5C
:10A710000020A0604FF0FF30E060E068002806D421
:10A72000B6FBF5F00AFB16BBAE420646D6D20B9836
:10A73000C00718BFB9F1000F02D101B0BDE8F08F1A
:10A740004FF0000A4FF0FF362027A9F101054D45D3
:10A7500038BFC845F1D2D4E90121481C904205D840
:10A7600022685754E168A060481CE060D4E9010207
:10A77000824209D121682069FCF73EFCA168884229
:10A780000CBFC4F808A0E660E068A946B0F1FF3F3E
:10A79000DBDCD2E7303132333435363738394142B9
:10A7A000434445462DE9F04182B000208DF8070072
:10A7B000F5F744FF8020F6F795F85520F6F792F864
:10A7C0005520F6F78FF88DF80700F5F72FFF962044
:10A7D000F5F78CFFF5F732FF8020F6F783F8552068
:10A7E000F6F780F85520F6F77DF88DF80700F5F7B5
:10A7F0001DFF9620F5F77AFFF5F720FF7E20F6F78C
:10A8000071F8B620F6F76EF8F5F710FF5020F5F75F
:10A810006BFFF5F713FF8020F6F764F85520F6F785
:10A8200061F85520F6F75EF88DF80700F5F7FEFEA3
:10A830009620F5F75BFFF5F701FF8020F6F752F859
:10A840005520F6F74FF85520F6F74CF88DF807002D
:10A85000F5F7ECFE9620F5F749FF9DF807001E2856
:10A8600036D14EF2E4480026C0F60008F5F7E6FEC1
:10A8700006EB460018F8005008EB00077C782846E5
:10A88000F6F730F82046F6F72DF8F5F7CFFE9620CC
:10A89000F5F72CFFF5F7D2FE45F08000F6F722F829
:10A8A0005520F6F71FF85520F6F71CF88DF807002D
:10A8B000F5F7BCFE9620F5F719FF9DF80700A042BA
:10A8C0000AD10136062ED1D1002002B0BDE8F081B8
:10A8D000012002B0BDE8F081B878002818BF01203F
:10A8E00002B0BDE8F08100002DE9F04786B00020FD
:10A8F000ADF8080001908DF80300F5F79FFE802069
:10A90000F5F7F0FF5520F5F7EDFF5520F5F7EAFFD5
:10A910008DF80300F5F78AFE9620F5F7E7FEF5F7C8
:10A920008DFE8020F5F7DEFF5520F5F7DBFF552083
:10A93000F5F7D8FF8DF80300F5F778FE9620F5F7C8
:10A94000D5FEF5F77BFE7E20F5F7CCFFB620F5F7B8
:10A95000C9FFF5F76BFE5020F5F7C6FEF5F76EFE62
:10A960008020F5F7BFFF5520F5F7BCFF5520F5F720
:10A97000B9FF8DF80300F5F759FE9620F5F7B6FEFE
:10A98000F5F75CFE8020F5F7ADFF5520F5F7AAFF3F
:10A990005520F5F7A7FF8DF80300F5F747FE962041
:10A9A000F5F7A4FE9DF803001E2840F0D8804EF273
:10A9B0003B1A0027C0F6000AF5F740FE07EB4700F8
:10A9C0001AF800500AEB000674782846F5F78AFF5B
:10A9D0002046F5F787FFF5F729FE9620F5F786FE66
:10A9E000F5F72CFE45F08000F5F77CFF5520F5F7D4
:10A9F00079FF5520F5F776FF8DF80300F5F716FE81
:10AA00009620F5F773FE9DF80300A04240F0AB805E
:10AA10005020F5F769FE0137042FCDD101A8A0F130
:10AA2000010800270DF10C09F5F708FE47F00400B6
:10AA300000EB40001AF800500AEB00067478284634
:10AA4000F5F750FF2046F5F74DFFF5F7EFFD96209F
:10AA5000F5F74CFEF5F7F2FD45F08000F5F742FF03
:10AA60005520F5F73FFF5520F5F73CFF8DF8030023
:10AA7000F5F7DCFD9620F5F739FE9DF80300A042BE
:10AA800071D15020F5F730FEF5F7D8FD9220F5F79B
:10AA900029FF9220F5F726FF062445465520F5F7B5
:10AAA00021FF013C210605F8010FF7D1F5F7BEFDA6
:10AAB000BDF8040007EB470129F81100DDF8060096
:10AAC00009EB4101002F07F10107C1F80200ABD0EB
:10AAD000F5F7B4FD6D20F5F705FF0020F5F702FF4F
:10AAE000F5F7A4FD9620F5F701FEF5F7A7FDED209B
:10AAF000F5F7F8FE5520F5F7F5FE5520F5F7F2FECF
:10AB00008DF80300F5F792FD9620F5F7EFFD9DF81F
:10AB1000030020BBF5F792FD7E20F5F7E3FEB6209B
:10AB2000F5F7E0FEF5F782FD5020F5F7DDFDBDF904
:10AB30000C00BDF91210411A40F2555081420EDB53
:10AB4000BDF90E10BDF91420891A814207DBBDF949
:10AB50001000BDF91610401AB0F52A7F0ADA01205C
:10AB600006B0BDE8F087B078002818BF012006B015
:10AB7000BDE8F087F5F762FD8020F5F7B3FE5520BC
:10AB8000F5F7B0FE5520F5F7ADFE8DF80300F5F7AB
:10AB90004DFD9620F5F7AAFDF5F750FD8020F5F75D
:10ABA000A1FE5520F5F79EFE5520F5F79BFE8DF88A
:10ABB0000300F5F73BFD9620F5F798FD002006B061
:10ABC000BDE8F0872DE9F041F5F74AFD8020F5F763
:10ABD00089FE5520F5F786FEF5F73AFD9620F5F744
:10ABE00085FDF5F73DFD8020F5F77CFE5520F5F756
:10ABF00079FEF5F72DFD9620F5F778FDF5F730FD98
:10AC00001420F5F76FFEB620F5F76CFEF5F720FD82
:10AC10005020F5F769FDF5F723FD8020F5F762FE7A
:10AC20005520F5F75FFEF5F713FD9620F5F75EFD6D
:10AC3000F5F716FD8020F5F755FE5520F5F752FE85
:10AC40000446F5F705FD9620F5F750FD0F2C1CBFC7
:10AC50000120BDE8F0814EF2F6480026C0F600085B
:10AC6000F5F7FEFC06EB460018F8005008EB00076D
:10AC70007C782846F5F736FE2046F5F733FEF5F7E3
:10AC8000E7FC9620F5F732FDF5F7EAFC45F0800089
:10AC9000F5F728FE5520F5F725FE0546F5F7D8FC13
:10ACA0009620F5F723FDA54205D10136062ED7D112
:10ACB0000020BDE8F081B878002818BF0120BDE869
:10ACC000F0810000B0B5F5F7CBFC8020F5F70AFE67
:10ACD0005520F5F707FEF5F7BBFC9620F5F706FDC6
:10ACE000F5F7BEFC8020F5F7FDFD5520F5F7FAFDE0
:10ACF000F5F7AEFC9620F5F7F9FCF5F7B1FC14205A
:10AD0000F5F7F0FDB620F5F7EDFDF5F7A1FC5020C5
:10AD1000F5F7EAFCF5F7A4FC8020F5F7E3FD5520F4
:10AD2000F5F7E0FDF5F794FC9620F5F7DFFCF5F775
:10AD300097FC8020F5F7D6FD5520F5F7D3FDF5F704
:10AD400087FC9620F5F7D2FCF5F78AFC3C20F5F756
:10AD5000C9FD0120F5F7C6FDF5F77AFC5020F5F79F
:10AD6000C3FC0025F5F77CFCBC20F5F7BBFD5520A6
:10AD7000F5F7B8FD0446F5F76BFC9620F5F7B6FC41
:10AD8000A00705F1010002D4092D0546EAD30A38CF
:10AD9000B0FA80F0400904F0040140EA9100B0BD2F
:10ADA0007047000080B541F60D72C2F200021078C3
:10ADB00041F66D6141F66C6CC007C2F20001C2F24F
:10ADC000000C15D042F61423C2F20003986C006800
:10ADD0000068C0070CD1D86C00680068C00707D1B4
:10ADE000087880075CBF9CF800005FEA807053D54C
:10ADF0000878C00715D042F61423C2F20003986CFD
:10AE000000680068C0070CD1D86C00680068C007F3
:10AE100007D1107880075CBF9CF800005FEA807063
:10AE200058D59CF80000C00715D042F61423C2F292
:10AE30000003986C00680068C00718BF80BDD86C1C
:10AE400000680068C00706D1107880075CBF0878EA
:10AE50005FEA807000D580BD9CF80000102100F0F2
:10AE6000FE008CF800009CF80000002240F0020078
:10AE70008CF800000020C4F20200F7F7C7FC40F293
:10AE8000241041F66861C2F20000C2F200010422FF
:10AE9000BDE88040FCF7F6BB1078012100F0FE0011
:10AEA0001070107840F0020010700020C4F2020010
:10AEB00000F580600022F7F7A9FC40F2EC1041F6A3
:10AEC0000571C2F20000C2F200010822BDE8804014
:10AED000FCF7D8BB0878002200F0FE000870087864
:10AEE00040F0020008700020C4F202001021F7F7C1
:10AEF0008DFC40F2F60041F63861C2F20000C2F269
:10AF000000010922BDE88040FCF7BCBB42F6B42139
:10AF1000C2F200010968486370470000F7F7A2FD1C
:10AF2000FDF768FAFAF7A0FEFAF7DAFDFAF790FDF6
:10AF3000FAF7B2FDFBF788F9FBF710F8FBF7A8F971
:10AF4000FBF7A0F8FAF79CFFFBF75AF9FAF776FF40
:10AF5000FBF7D8F8FAF7BEFFFAF718FE00F00AF888
:10AF6000FEE7000080B5012898BF012000F0DCFE5C
:10AF7000002080BD80B501F087F8002080BD000072
:10AF8000B0B584B043698E4693B1846984B10589B4
:10AF9000D0E9001C026928B2843D18BFC51CCDE968
:10AFA000005360467346029401F0AEFC039010E03B
:10AFB0000589D0E90013028A28B2843D18BFC51C58
:10AFC00003AC18467346CDE9005401F02DFC01286E
:10AFD00002D1039804B0B0BD002004B0B0BD0000A1
:10AFE00020B942F61460C2F20000006800281CBFBD
:10AFF000343070474FF0500080F31188BFF36F8FEB
:10B00000BFF34F8FFEE70000F0B581B00C4646F667
:10B01000546142F61466C2F20001C2F200060F68E3
:10B020003168002281F8522031680546081D00F081
:10B03000DBFC10B1681C0FD01AE0306846F6003215
:10B04000C06AC2F200020121136801FA00F023EA8B
:10B0500000001060681C0BD154B13068011D46F629
:10B060002C60C2F2000001B0BDE8F04000F018BD55
:10B0700030687C1944600BD342F62460C2F20000B1
:10B0800000683168043101B0BDE8F04000F0EABC6E
:10B0900042F61C60C2F2000000683168043100F022
:10B0A000E1FC46F6B850C2F2000001688C4238BF9D
:10B0B000046001B0F0BD00002DE9F047044600F047
:10B0C00007FD46F6F020C2F20000016842F6146760
:10B0D00001310160C2F20007396846F6206A42F683
:10B0E0002C66C2F2000AC2F2000651B1DAF8000082
:10B0F00000283DD13868E16AC06A884298BF3C6048
:10B1000036E03C600068012832D10025701900F05B
:10B1100099FC14358C2DF9D146F63038C2F200086E
:10B12000404600F08FFC46F64439C2F2000948461A
:10B1300000F088FC46F6CC50C2F2000000F082FC21
:10B1400046F64060C2F2000000F07CFC46F62C603F
:10B15000C2F2000000F076FC42F61C60C2F2000071
:10B16000C0F8008042F62460C2F20000C0F80090EF
:10B1700046F6FC20C2F20000016846F600320131BA
:10B180000160E06AC2F200020121136881401943A4
:10B1900000EB8000116006EB8000211D00F080FCB8
:10B1A00000F0BAFCDAF8000088B13868E16AC06AD9
:10B1B000884228BFBDE8F0874EF60450CEF200006A
:10B1C0004FF080510160BFF34F8FBFF36F8FBDE829
:10B1D000F087000070B582B000F07AFC46F6586641
:10B1E000C2F20006306850BB46F60434C2F20004D6
:10B1F000204600F027FC46F61835C2F20005284626
:10B2000000F020FC42F61860C2F20000046042F632
:10B210002860C2F2000042F6505242F6C853056060
:10B220000025C2F20002C2F200030A200C210095A0
:10B2300001F060F8306010B103A100F03DFD02B0F4
:10B24000BDE8704000F068BC546D72510000000011
:10B2500046F6F42542F62C6A4EF6045846F6406748
:10B2600046F6F026C2F20005C2F2000ACEF200084D
:10B270004FF08059C2F20007C2F2000603E000BF9F
:10B28000204600F061FC2868C8B100F021FCF86895
:10B29000C468201D00F0A8FB3068013830602868C1
:10B2A0000138286000F038FC94F851000228EAD0F8
:10B2B0000128E5D070B9206B00F046FCE0E7DAF831
:10B2C00000000228DFD3C8F80090BFF34F8FBFF310
:10B2D0006F8FD8E74FF0500080F31188BFF36F8F66
:10B2E000BFF34F8FFEE7000008480068006880F356
:10B2F00008884FF0000080F3148862B661B6BFF38F
:10B300004F8FBFF36F8F00DF00BF000008ED00E03C
:10B310002DE9F04F83B0824601F0DAFC42F6106965
:10B32000C2F20009D9F800100546884249D242F617
:10B330001864C2F2000420680168002943D046F670
:10B34000586BC2F2000B08E07860206831463F611C
:10B3500000F088FB20680168A9B3C068C768D0F80E
:10B3600000803E1D304600F03FFB396A3846884772
:10B3700097F824004007EDD5B86940444045E3D82C
:10B380008FB3DBF8000078B10020CDE90008029708
:10B3900001F08AFCDBF8000069460022002301F07E
:10B3A00013F80028D6D102E000200028D2D14FF0B7
:10B3B000500080F31188BFF36F8FBFF34F8F00BF32
:10B3C000FEE7002007E042F62861C2F200010A68A9
:10B3D000086001202260CAF800002846C9F8005021
:10B3E00003B0BDE8F08F4FF0500080F31188BFF339
:10B3F0006F8FBFF34F8F00BFFEE7000081B00020CA
:10B40000009040F2C030C2F2000000684FF05001DE
:10B4100081F31188BFF36F8FBFF34F8F013001D0DD
:10B42000FEE700BF00980028FCD001B07047000084
:10B4300088B042F6186B42F6286A46F65865C2F2A2
:10B44000000B02ACC2F2000AC2F200050DF10409C1
:10B45000DBF8000007681FB1C068D0F8008001E089
:10B460004FF0000800F062FE2046FFF751FF0299FE
:10B4700011B101F09BFD83E0E7B140451AD3564678
:10B48000824601F093FDDBF80000C068C76807F151
:10B49000040B584600F0A8FA97F8240041070CD492
:10B4A00042F6186B00F0FA00C2F2000B87F8240095
:10B4B000B2465CE0B7B100221AE0B9693F6101EB26
:10B4C00008005045786029D9C24501D2404533D2A1
:10B4D00042F61862C2F2000210685946934600F024
:10B4E000C1FAE5E7DAF800100968B1FA81F14A0912
:10B4F0002B68A8EB0001184600F0F2FB01F056FDA6
:10B5000000283DD14EF60450CEF200004FF080519D
:10B510000160BFF34F8FBFF36F8F31E0AAEB0800DC
:10B52000884209D230685946B24600F09BFA42F68A
:10B53000186BC2F2000B1AE0002F00F0BA802868E6
:10B54000B24660B10020CDE90508079701F0ACFBD9
:10B55000286805A90022002300F036FF00E0002043
:10B5600042F6186BC2F2000B002800F0AC80396A7A
:10B570003846884704E0DBF8000000F073FA00BFAB
:10B5800028682146002201F029F800283FF460AF26
:10B5900002980028F4D4049F786910B1381D00F097
:10B5A00023FA4846FFF7B4FE02990929E8D8DFE8F4
:10B5B00001F00505054F395605054F3997F8241058
:10B5C000039ABE6941F0010187F82410B318394687
:10B5D00041F8043F83423F6104D99042CBD2934269
:10B5E00003D2C8E7801AB0422DD3396A384688475B
:10B5F00097F824004007C3D5002F50D02868B0B377
:10B600000398B969079708440021CDE9051001F0B6
:10B610004BFB286805A90022002300F0D5FE002876
:10B62000AED128E097F8241041F00102039987F881
:10B630002420B96149B30A18394641F8042F8242DF
:10B640003F613FF698AFDAF8000000F00BFA97E799
:10B6500097F8240000F0FE0087F8240090E797F8A0
:10B6600024008107F6D4384600F06EFA88E70020FF
:10B6700000287FF485AF4FF0500080F31188BFF3AE
:10B680006F8FBFF34F8F00BFFEE74FF0500080F386
:10B690001188BFF36F8FBFF34F8F00BFFEE74FF0EE
:10B6A000500080F31188BFF36F8FBFF34F8F00BF3F
:10B6B000FEE74FF0500080F31188BFF36F8FBFF3A8
:10B6C0004F8F00BFFEE74FF0500080F31188BFF3AB
:10B6D0006F8FBFF34F8F00BFFEE70000F0B581B062
:10B6E000044600F0F5F994F94560012E0FDB04F1F2
:10B6F000240500BF286850B1284601F00FFC00283F
:10B7000018BF00F00FFC70B2013E0128F2DCFF26EA
:10B7100084F8456000F000FA00F0DAF994F944701A
:10B72000012F0EDB04F11005286850B1284601F006
:10B73000F5FB002818BF00F0F5FB78B2013F0128A7
:10B74000F2DC84F8446001B0BDE8F04000F0E4B9F8
:10B75000F0B581B0044600F0E9FC42F62061C2F287
:10B7600000010868002846F62C30C2F2000028D1FB
:10B7700042F6E462C2F20002D31D560702F570568B
:10B7800018BF23F0070246F62463C2F20003002527
:10B79000C3E9002526F00703A3F108060E6043E97C
:10B7A0000255B31A0E68C2E9006346F6B452C2F2FB
:10B7B0000002136046F65832C2F200021360012202
:10B7C00002700278002A18BF4FF00042224238D19E
:10B7D0003CB162071ABF24F0070202F110040834DA
:10B7E00000E0002446F6583EC2F2000EDEF80020CB
:10B7F000631E934225D246F62463C2F200031E68FC
:10B800007568A54207D200BF326822B15568334639
:10B810001646A542F8D30A68964212D0D3F800C063
:10B8200037682A1B112A1F603FD333195D0719D0CF
:10B830004FF0500080F31188BFF36F8FBFF34F8F2D
:10B84000FEE7002401F0B2FB600708D04FF0500083
:10B8500080F31188BFF36F8FBFF34F8FFEE7204651
:10B8600001B0F0BD46F62465C2F200055A6074606E
:10B870002C462D689D42FBD36268A7189F4203D1D6
:10B880005B681A44234662605A689F18AF4201D031
:10B89000294606E009688D4203D0D5E900152A44FF
:10B8A0005A609C42196018BF236046F6B451726812
:10B8B000DEF80030C2F200010C689A1AA242CEF8FB
:10B8C000002038BF0A60007846F6C0527168C2F2A4
:10B8D0000002002818BF41F00041136800200CF15D
:10B8E0000804C6E90001581C1060ABE703464BF2A0
:10B8F000FD3021F00101C0F600004FF0807C03E92B
:10B9000003106FF00201A3F1440043E909127047EC
:10B9100010B5D0F80F4200F58271601D1222F4F7C5
:10B9200070FDD4F8090040F6FF72D4F805106FEAF4
:10B93000802C20EA020EC0F34A0080F48060CCF331
:10B9400080220B4642EA4000C1F3CA226FF3DF2196
:10B950006FF3150381F4806182F4806219447044AE
:10B9600041EAC221C4F80510C4F8090010BD000066
:10B9700080B5FAF7ABFC00BF0120FFF7F3FAFBE755
:10B9800070B50D46044600F0A3F842F61466C2F204
:10B9900000063068C06C90B93068012180F8501002
:10B9A0006DB12846FFF730FB4EF60450CEF2000092
:10B9B0004FF080510160BFF34F8FBFF36F8F00F0E6
:10B9C000ABF800F085F83068C56C2DB13168002007
:10B9D000002C08BF681EC8643068002180F8501031
:10B9E00000F09AF8284670BDD0E9013201699A60EA
:10B9F000D1F804C082688445536008BF4A600022C1
:10BA000002610868013808600868704746F66053AC
:10BA1000C2F20003036046F65C30C2F20000086028
:10BA2000802010607047000047F26023C2F20003DC
:10BA3000036046F65C60C2F2000008604FF480705C
:10BA4000106070474FF0FF31024642F8081F002196
:10BA50004260C0E9032201607047000000210161DB
:10BA60007047000080B5D1F800C01CF1010207D07A
:10BA700000F108039E465B681A686245FAD901E046
:10BA8000D0F810E0DEF8042008614A609160C1F847
:10BA900008E0CEF8041001680131016080BD0000AB
:10BAA000D0F800C0436808619A684B608A609A6861
:10BAB000996051600CF1010101607047DFF80C00E2
:10BAC000016841F4700101607047000088ED00E0FA
:10BAD0004FF0500080F31188BFF36F8FBFF34F8F8B
:10BAE00040F2C030C2F2000001684A1C026001B19D
:10BAF00070474EF60450CEF200000068000608BF02
:10BB000070474FF0500080F31188BFF36F8FBFF381
:10BB10004F8F00BFFEE7000040F2C030C2F20000CD
:10BB2000016839B10139016018BF7047002080F306
:10BB3000118870474FF0500080F31188BFF36F8F6A
:10BB4000BFF34F8FFEE70000B0B5002808BFB0BDBF
:10BB500046F62C31C2F20001097850F8042C002975
:10BB600018BF4FF0004111420DD0A0F10804236826
:10BB70009BB14FF0500080F31188BFF36F8FBFF37C
:10BB80004F8F00BFFEE74FF0500080F31188BFF3E6
:10BB90006F8FBFF34F8F00BFFEE722EA010140F82D
:10BBA000041C054600F0C2FA46F65831C2F2000104
:10BBB00055F8040C0B682A461844086046F62461C0
:10BBC000C2F2000108460968A142FBD34368C518C8
:10BBD000A54204D152F8042C04461A44426063681A
:10BBE000E2188A4201D00A460AE042F62062C2F216
:10BBF00000021268914203D0D1E90021194461602A
:10BC0000A042226018BF046046F6C450C2F2000091
:10BC1000016801310160BDE8B04001F0C7B9000022
:10BC20004EF21000CEF2000000210160816040F26F
:10BC30002401C2F20001096844F6D352C1F2620243
:10BC4000A1FB02124FF0FF3101EB9211416007217D
:10BC500001607047EFF30580102814D34EF2F031E5
:10BC6000CEF20001405C46F6E421C2F20001097800
:10BC7000884208D24FF0500080F31188BFF36F8FD5
:10BC8000BFF34F8FFEE74EF60C50CEF2000046F6A3
:10BC9000E8210068C2F20001096800F4E06088420F
:10BCA00098BF70474FF0500080F31188BFF36F8F3B
:10BCB000BFF34F8FFEE7000046F6E05C0022C2F2C1
:10BCC000000C03E00132082A08BF70475CF83230EC
:10BCD000002BF7D10CEBC2034CF8321058607047C0
:10BCE00070B515460E460446FFF7F2FE94F8440080
:10BCF000FF2804BF002084F8440094F84500FF2882
:10BD000004BF002084F84500FFF706FFA06B28B9A8
:10BD100004F1240031462A4600F096F92046BDE899
:10BD20007040FFF7DBBC000070B5002856D046F627
:10BD3000F821C2F200010A684AB14FF0500080F3C6
:10BD40001188BFF36F8FBFF34F8F00BFFEE705462B
:10BD5000086842F614640130086046F65460C2F286
:10BD60000000C2F2000406682068002180F852102A
:10BD700020680430FFF738FE60B9206846F60032CC
:10BD8000C06AC2F200020121136801FA00F023EA3E
:10BD9000000010602068AD19456009D342F62460A8
:10BDA000C2F20000006821680431FFF75BFE10E07A
:10BDB00042F61C60C2F20000006821680431FFF7FF
:10BDC00051FE46F6B850C2F2000001688D4238BFFD
:10BDD000056001F0EBF8002818BF70BD4EF6045066
:10BDE000CEF200004FF080510160BFF34F8FBFF3E0
:10BDF0006F8F70BD70B580B1C9B146F6F822C2F23E
:10BE000000021368EBB14FF0500080F31188BFF3CC
:10BE10006F8FBFF34F8F00BFFEE74FF0500080F3EE
:10BE20001188BFF36F8FBFF34F8F00BFFEE74FF056
:10BE3000500080F31188BFF36F8FBFF34F8F00BFA7
:10BE4000FEE713680133136046F65463C2F2000341
:10BE50001A680668B242314402D2B14202D32EE0DF
:10BE6000B14201D391422AD942F614640160C2F270
:10BE700000041D682068002380F8523020688E1A64
:10BE80000430FFF7B1FD60B9206846F60032C06AA1
:10BE9000C2F200020121136801FA00F023EA000057
:10BEA00010602068AD1945600BD342F62460C2F2E1
:10BEB0000000006821680431FFF7D4FD12E0016042
:10BEC00010E042F61C60C2F20000006821680431F4
:10BED000FFF7C8FD46F6B850C2F2000001688D4277
:10BEE00038BF056001F062F8002818BF70BD4EF63B
:10BEF0000450CEF200004FF080510160BFF34F8F2D
:10BF0000BFF36F8F70BD000046F6BC51C2F2000156
:10BF10000968016046F65461C2F200010968416097
:10BF20007047000047F2B420C2F200000121016016
:10BF300070470000F0B581B018B304460F46FFF714
:10BF400089FEEFF311864FF0500080F31188BFF3A4
:10BF50006F8FBFF34F8F022194F8500084F8501078
:10BF6000E16C012801F10101E1644DD1A06A90B1B9
:10BF70004FF0500080F31188BFF36F8FBFF34F8FE6
:10BF8000FEE74FF0500080F31188BFF36F8FBFF3CF
:10BF90004F8F00BFFEE746F6F820C2F200000068AF
:10BFA00030B146F6CC5004F11801C2F2000016E0A0
:10BFB000251D2846FFF718FD46F60032E06AC2F25A
:10BFC00000020121136881401943116042F62C617F
:10BFD00000EB8000C2F2000101EB80002946FFF770
:10BFE0005FFD42F61461C2F20001E06A0968C96AA5
:10BFF000884209D9002F1CBF0120386047F2B420C5
:10C00000C2F200000121016086F3118801B0F0BD89
:10C0100078B110B50C4642F61461C2F2000109680D
:10C020001831FFF71FFD20460121BDE81040FEF743
:10C03000EBBF4FF0500080F31188BFF36F8FBFF359
:10C040004F8F00BFFEE70000A0B1B0B50D4642F62D
:10C050001461C2F20001096814461831FFF720FD8F
:10C06000002C18BF4FF0FF3528462146BDE8B040F0
:10C07000FEF7CABF4FF0500080F31188BFF36F8FF7
:10C08000BFF34F8FFEE70000B0B586B0002405A8CF
:10C0900004A903AACDE90444FFF7B8FCDDE90320B5
:10C0A000059DCDE900404BF25120C0F600001DA1D6
:10C0B0000023029500F028FC46F65C50C2F2000016
:10C0C000056015B101F00EF80446601C20D0012C6B
:10C0D0001CD14FF0500080F31188BFF36F8FBFF376
:10C0E0004F8F46F6B850C2F200004FF0FF310160AA
:10C0F00046F62060C2F200000121016046F654605D
:10C10000C2F200000021016000F05CF806B0B0BD92
:10C110004FF0500080F31188BFF36F8FBFF34F8F44
:10C12000FEE700BF49444C450000000046F6F820F9
:10C13000C2F20000016801310160704746F6F82044
:10C14000C2F20000006830B147F2B420C2F2000031
:10C1500001210160704747F2B420C2F200000021C3
:10C16000016046F60030C2F200000068B0FA80F0CC
:10C17000C0B2C0F11F0042F62C6100EB8000C2F299
:10C18000000151F8202092B101EB8000416800F1DC
:10C19000080249689142416001D1496841604068A4
:10C1A00042F61461C068C2F20001086070474FF0A7
:10C1B000500080F31188BFF36F8FBFF34F8F00BF24
:10C1C000FEE70000B0B584B04EF20040CEF20000B1
:10C1D0004CF27021C4F20F11D0F800294B1C9A4286
:10C1E00009D14FF0500080F31188BFF36F8FBFF378
:10C1F0004F8F00BFFEE7D0F800298A4209D14FF0E7
:10C20000500080F31188BFF36F8FBFF34F8F00BFD3
:10C21000FEE7017846F6E4220291FF2101700178E1
:10C22000C2F200028DF807109DF8071001F05001CE
:10C23000117046F6E821C2F2000107220A609DF95A
:10C240000720B2F1FF3F0CDC062200BF0A609DF818
:10C250000730013A5B008DF807309DF90730002B5D
:10C26000F4D40A68032A3BD14FF440720A60029961
:10C270000170D0F8201941F47001C0F82019D0F8ED
:10C28000201941F07041C0F82019FFF7C9FC40F2B5
:10C29000C034C2F2000400252560FFF70FFC4EF603
:10C2A0003470CEF20000016841F040410160FFF7B8
:10C2B0001BF8FFF743FF039520684FF0500181F30F
:10C2C0001188BFF36F8FBFF34F8F013002D000BFD3
:10C2D000FEE700BF03980028FCD0002004B0B0BDEA
:10C2E0004FF0500080F31188BFF36F8FBFF34F8F73
:10C2F000FEE7000010B582B058B1A3B1E9B9E2B1D0
:10C300004FF0500080F31188BFF36F8FBFF34F8F52
:10C31000FEE74FF0500080F31188BFF36F8FBFF33B
:10C320004F8F00BFFEE74FF0500080F31188BFF33E
:10C330006F8FBFF34F8F00BFFEE751B14AB94FF087
:10C34000500080F31188BFF36F8FBFF34F8F00BF92
:10C35000FEE748240194019C482C2BD1019C012428
:10C3600083F84640002908BF1A461A60C3E90F0146
:10C370001C46FFF7ADFB2068D4E90F12002302FB37
:10C38000010C013901FB0201A363C4E9010CFF2088
:10C39000E16084F8440084F8450004F11000FFF7E0
:10C3A00051FB04F12400FFF74DFBFFF7B5FB2046DE
:10C3B00002B010BD4FF0500080F31188BFF36F8FB3
:10C3C000BFF34F8FFEE700002DE9F04F85B00492D8
:10C3D000B8B11D460446F1B1022D03D1E06B01282E
:10C3E00040F0A780019100F05FFC00BB0498F0B121
:10C3F0004FF0500080F31188BFF36F8FBFF34F8F62
:10C40000FEE74FF0500080F31188BFF36F8FBFF34A
:10C410004F8F00BFFEE7206C0028DDD04FF05000AA
:10C4200080F31188BFF36F8FBFF34F8FFEE7FFF7E5
:10C430004FFBA06B022D5ED0E16B88425BD304F111
:10C440001006012002AF4FF0000B0DF1100800BFE5
:10C450000499002900F08280C00702D03846FFF717
:10C4600053FDFFF759FBFFF761FEFFF731FB94F82F
:10C470004400FF2808BF84F844B094F84500FF2822
:10C4800008BF84F845B0FFF747FB3846414600F047
:10C4900079F9002865D1FFF71BFBD4F838A0D4F850
:10C4A0003C90FFF739FBCA4516D104993046FFF797
:10C4B000AFFD2046FFF712F900F078FD88B94EF67F
:10C4C0000450CEF200004FF080510160BFF34F8F57
:10C4D000BFF36F8F05E000BF2046FFF7FFF800F0C5
:10C4E00065FDFFF7F5FAA06B022D04D0E16B8842E1
:10C4F0004FF00000ACD2A66B226C01991AB3CDB3F9
:10C50000E068F3F77EFFE168206C2268091A914227
:10C51000E16003D2A16840420844E060A81EB0FA7E
:10C5200080F040093146002E18BF01210840361A1C
:10C530002CE04FF0500080F31188BFF36F8FBFF3F2
:10C540004F8F00BFFEE7206800BBA06800F086FCAC
:10C550000021B0FA80F0A160400918E0FFF7DCFA92
:10C5600004E02046FFF7BAF800F020FD002005B0F7
:10C57000BDE8F08F6068F3F744FFD4E90101226C55
:10C5800010448842606001D3206860600120711C03
:10C59000A16354F8241F79B1204600F0BFFCB8B164
:10C5A0004EF60450CEF200004FF080510160BFF310
:10C5B0004F8FBFF36F8F0BE050B94EF60450CEF2A1
:10C5C00000004FF080510160BFF34F8FBFF36F8FBA
:10C5D000FFF7A2FA012005B0BDE8F08F2DE9F04F7A
:10C5E00085B0049298B10C460546002900F0B7804A
:10C5F00000F05AFBA8B9049898B14FF0500080F3AE
:10C600001188BFF36F8FBFF34F8F00BFFEE74FF06E
:10C61000500080F31188BFF36F8FBFF34F8F00BFBF
:10C62000FEE705F11000019005F1240000900DF1E6
:10C6300008090DF1100A4FF000080CE02846FFF73A
:10C640004DF800F0B3FCFFF743FAAF6BFFF764FA65
:10C65000002F00F09280FFF73BFAD5F838B0BBF11D
:10C66000000F27D02A6C5AB1D5E902011144E960C4
:10C67000814224BF2868E860E9682046F3F7C1FEDC
:10C68000ABF10100A863286970B1019800F046FC85
:10C6900050B14EF60450CEF200004FF080510160D0
:10C6A000BFF34F8FBFF36F8FFFF736FA00200126DD
:10C6B000A0B963E0049850B1B8F1000F02D1484628
:10C6C000FFF722FC4FF00108012038B956E0FFF7D0
:10C6D00023FA00260020002850D000BFFFF71CFAE4
:10C6E000FFF724FDFFF7F4F995F84400FF2804BF95
:10C6F000002085F8440095F84500FF2804BF00207D
:10C7000085F84500FFF708FA4846514600F03AF828
:10C7100000287FF493AFFFF7DBF9AF6BFFF7FCF96D
:10C720002FB12846FEF7DAFF00F040FC93E70499AA
:10C730000098FFF76DFC2846FEF7D0FF00F036FCAE
:10C7400000287FF488AF4EF60450CEF200004FF080
:10C7500080510160BFF34F8FBFF36F8F7BE7286C71
:10C7600000283FF445AF4FF0500080F31188BFF32D
:10C770006F8FBFF34F8F00BFFEE70026304605B036
:10C78000BDE8F08FE8B131B370B504460D46FFF750
:10C790009FF946F6546C42F61460C2F2000CC2F2E5
:10C7A0000000DCF800106368026892F85220E2B1E1
:10C7B0000068002180F852100124FFF7ADF92046EF
:10C7C00070BD4FF0500080F31188BFF36F8FBFF33F
:10C7D0004F8F00BFFEE74FF0500080F31188BFF38A
:10C7E0006F8FBFF34F8F00BFFEE728682A46451CB6
:10C7F00015D046F6BC5EC2F2000EDEF80050266888
:10C80000B54201D09942D7D2C91A884209D9401AF3
:10C810001060DEF800002060DCF80000606000249A
:10C82000CBE700201060C7E72DE9F04F81B09500FD
:10C8300081462846984692460F46FEF789FF78B112
:10C8400004465420FEF784FF38B10646046356B907
:10C850004FF0FF3001B0BDE8F08F2046FFF774F9CC
:10C860000026002EF4D0306B4C46DDF828B04FF097
:10C8700000092946A52286F85190F3F707FE306B90
:10C8800000EB8A00A0F1040020F0070A06F1340052
:10C8900067B100217A5C42547A5C1AB10F2901F128
:10C8A0000101F7D1002086F8430001E080F80090F4
:10C8B0000025301DBBF1060F28BF4FF0060BC6F850
:10C8C0002CB0C6E911B5FFF7C9F806F11800FFF75B
:10C8D000C5F88BF00700B0615046214642463661EC
:10C8E0007662F56486F8505086F85250FEF7FEFFE7
:10C8F0000B9930603046002918BF0E60FEF7DCFB54
:10C90000012001B0BDE8F08F2DE9F04381B09846D9
:10C91000099B3BB30A9C74B354270097009F542F84
:10C9200033D181460098022017469200089D84F872
:10C93000510018460E461146A5222363F3F7A6FDC3
:10C94000206B04F1340256B331460023CE5CD6543A
:10C95000CE5C1EB10F2B03F10103F7D1002184F847
:10C9600043101EE04FF0500080F31188BFF36F8F2B
:10C97000BFF34F8FFEE74FF0500080F31188BFF3F5
:10C980006F8FBFF34F8F00BFFEE74FF0500080F373
:10C990001188BFF36F8FBFF34F8F00BFFEE70021F9
:10C9A000117000EB8700043820F007070026201DD7
:10C9B000062D28BF0625E562C4E91156FFF74EF89B
:10C9C00004F11800FFF74AF885F00700A061384627
:10C9D0004946424624616462E66484F8506084F803
:10C9E0005260FEF783FF20602046FEF765FB20467D
:10C9F00001B0BDE8F08300002DE9F0470446F3F7ED
:10CA0000E1FC102809D34FF0500080F31188BFF3E8
:10CA10006F8FBFF34F8F00BFFEE746F6F820C2F2DC
:10CA20000000016842F62C6C013101604FF0070EE6
:10CA3000C2F2000CAEF1010E0EEB8E005CF820107D
:10CA4000A1B30CEB800ADAF804000AF10808406888
:10CA50004045CAF8040002D14068CAF80400DAF878
:10CA60000410D1F80C9000BF49684145CAF8041081
:10CA700002D14968CAF80410CA680026002700BF1E
:10CA8000D01990F83430E05D3546002B164618BFBB
:10CA90002E46834218BF2E460E2F04D81BB1834268
:10CAA00007F10107ECD016B94A45DDD10026BEF1E9
:10CAB000000F01D0002EBDD0DEBB42F61C60C2F2DA
:10CAC0000000D0F80080D8F8001089B3D8F804101E
:10CAD00008F1080C49686145C8F8041002D149689A
:10CAE000C8F80410D8F80420D2F80CE05268624567
:10CAF000C8F8042002D15268C8F80420D56800267E
:10CB0000002700BFE91991F83410E35D3046002991
:10CB10002E4618BF0646994218BF06460E2F04D867
:10CB200019B1994207F10107ECD016B97545DDD16D
:10CB30000026E6BB42F62460C2F20000D0F8008076
:10CB4000D8F8001091B3D8F8041008F1080C49681F
:10CB50006145C8F8041002D14968C8F80410D8F833
:10CB60000420D2F80CE000BF52686245C8F80420E7
:10CB700002D15268C8F80420D5680026002700BFFB
:10CB8000E91991F83410E35D304600292E4618BFAC
:10CB90000646994218BF06460E2F04D819B199428D
:10CBA00007F10107ECD016B97545DDD10026D6BBDB
:10CBB00046F62C6CC2F2000CDCF8000090B3DCF8F6
:10CBC00004000CF1080E40687045CCF8040002D156
:10CBD0004068CCF80400DCF80420D2F80C8000BFD8
:10CBE00052687245CCF8042002D15268CCF8042077
:10CBF000D5680026002700BFE81990F83400E15DF1
:10CC0000334600282E4618BF1E46884218BF1E46CF
:10CC10000E2F04D818B1884207F10107ECD016B9DD
:10CC20004545DDD10026D6BB46F6406CC2F2000C6D
:10CC3000DCF8000090B3DCF804000CF1080E40684A
:10CC40007045CCF8040002D14068CCF80400DCF850
:10CC50000420D2F80C8000BF52687245CCF8042042
:10CC600002D15268CCF80420D5680026002700BF06
:10CC7000E81990F83400E15D334600282E4618BFCD
:10CC80001E46884218BF1E460E2F04D818B188428F
:10CC900007F10107ECD016B94545DDD1002600F0BB
:10CCA00085F93046BDE8F08746F62060C2F2000004
:10CCB0000068002804BF0120704746F6F820C2F241
:10CCC00000000068B0FA80F04009400070470000A2
:10CCD00046F65460C2F20000006870472DE9F04F3C
:10CCE00081B046F6F820C2F20000006840B146F676
:10CCF000C850C2F200000168002401310160A9E0BF
:10CD000046F65460C2F2000001684E1C06602ED345
:10CD100042F61C60C2F200000168096849B14FF098
:10CD2000500080F31188BFF36F8FBFF34F8F00BFA8
:10CD3000FEE742F62462C2F2000201681368036053
:10CD4000116046F6BC51C2F200010A6801320A6065
:10CD50000168096821B10068C068C068406801E0E6
:10CD60004FF0FF3046F6B851C2F20001086046F6B7
:10CD7000B851C2F20001086842F6146A8642C2F253
:10CD8000000A01D200244FE042F61C6BC2F2000BF5
:10CD9000DBF8000000240068E0B346F60039012704
:10CDA000C2F2000920E000BFD8F82C00D9F800102A
:10CDB00007FA00F21143C9F8001042F62C6100EBAB
:10CDC0008000C2F2000101EB80002946FEF768FEF8
:10CDD000D8F82C00DAF80010C96ADBF80020884285
:10CDE000106828BF3C46C0B1DBF80000C068D0F82E
:10CDF0000C80454655F8040F864210D32846FEF7AE
:10CE0000F3FDD8F828000028CED008F11800FEF76E
:10CE1000EBFDC9E74FF0FF3005E04FF0FF3046F67D
:10CE2000B851C2F200010860DAF8000042F62C6145
:10CE3000C06AC2F2000100EB800051F82000012816
:10CE400047F2B420C2F2000088BF01240068002825
:10CE500018BF0124204601B0BDE8F08F002804BFB0
:10CE60000020704742F61461C2F200010968814255
:10CE700009D04FF0500080F31188BFF36F8FBFF3DC
:10CE80004F8F00BFFEE7816CE9B3013981644FF039
:10CE9000000136D1C26A436C9A4232D0B0B5041D4B
:10CEA00005462046FEF7A0FD002842F62C6046F617
:10CEB00000312A46C2F20000C2F200010DD1D36A4D
:10CEC00003EB830550F825503DB94FF0010C0D6878
:10CED0000CFA03F325EA03030B60536CC3F1070557
:10CEE000D362956101220D689A402A430A6003EBE0
:10CEF000830100EB81002146FEF7D2FD0121BDE850
:10CF0000B040084670474FF0500080F31188BFF3DF
:10CF10006F8FBFF34F8F00BFFEE70000B0B5C06852
:10CF2000C5687DB105F118042046FEF75DFD46F6A3
:10CF3000F820C2F20000006868B146F6CC50C2F298
:10CF400000001EE04FF0500080F31188BFF36F8F98
:10CF5000BFF34F8FFEE72C1D2046FEF745FD46F63A
:10CF60000032E86AC2F200020121136881401943CD
:10CF7000116042F62C6100EB8000C2F2000101EB6F
:10CF800080002146FEF78CFD42F61461C2F20001DA
:10CF9000E86A0968C96A884291BF002047F2B42153
:10CFA000C2F20001012088BF0860B0BD2DE9F04F3A
:10CFB00081B046F6F824C2F20004206868B1FEF79A
:10CFC00087FD206801382060206880B10024FEF7CA
:10CFD000A3FD204601B0BDE8F08F4FF0500080F374
:10CFE0001188BFF36F8FBFF34F8F00BFFEE746F688
:10CFF000F020C2F2000000680028E7D046F6CC56C8
:10D00000C2F20006306847F2B4280028C2F20008D5
:10D0100044D046F6003542F62C6942F6146A4FF0C9
:10D02000010BC2F20005C2F20009C2F2000A00BF01
:10D03000F068C76807F11800FEF7D6FC3C1D2046D3
:10D04000FEF7D2FCF86A29680BFA00F2114300EBF4
:10D050008000296009EB80002146FEF721FDF86A77
:10D06000DAF80010C96A884228BFC8F800B03068F2
:10D070000028DDD197B142F61C60C2F200000168C1
:10D08000096821B10068C068C068406801E04FF0DD
:10D09000FF3046F6B851C2F20001086046F6C854A7
:10D0A000C2F2000425685DB1012600BFFFF716FE3D
:10D0B000002818BFC8F80060013DF7D100202060AB
:10D0C000D8F8000000283FF481AF4EF60450CEF2AD
:10D0D00000004FF080510160BFF34F8F0124BFF378
:10D0E0006F8F74E780B586B0FEF774F846F6586027
:10D0F000C2F20000006808B30020CDE9040005A8D2
:10D1000004A903AAFEF790FCDDE903200221DDF863
:10D1100014C0CDE900104BF23140C0F600000CA164
:10D120000023CDF808C0FFF7EFFB47F25C21C2F205
:10D130000001086010B1012006B080BD4FF0500022
:10D1400080F31188BFF36F8FBFF34F8FFEE700BFEF
:10D15000546D7220537663004100080218BF04200A
:10D160000A0E18BF40F001004FF07F4232EA010181
:10D1700008BF40F00200012808BF052070470000EA
:10D1800010B54FF00E402DED028BB0EE408A18EE38
:10D19000104A00EB4400B0F1506F4AD84FF0FC4009
:10D1A000B0EB440F22D2B0EEC80AF7EE000A30EE20
:10D1B000C00AF6EE000A60EE208A18EE900A00F02F
:10D1C000E1F901EE100A14F0004F1DBFDFED2D0A4A
:10D1D0009FED2D0AB1EE411ADFED2C0A08BF9FED3D
:10D1E0002C0AF8EE001A21EE218A05E0DFED290A6B
:10D1F00068EE088AB0EE600A9FED271ADFED271A65
:10D2000030EE080A48EE811A9FED251A08EEA11AA1
:10D21000DFED241A48EE811A9FED231A08EEA11AB9
:10D2200068EE281ABDEC028B01EE810A30EE200A6E
:10D2300010BD4FF0E440B0EB440F0CD918EE100ACB
:10D24000FFF78AFF042808BF00F094F9B0EE480AFF
:10D25000BDEC028B10BD4FF07F40B0EB440F07D206
:10D26000B0EE480ABDEC028BBDE8104000F074B986
:10D270000120F3F764F9BDEC028BBDE8104000F02B
:10D2800071B900000000C9BF22AAFDB90000C93F62
:10D2900022AAFD390000000024FE1C3DC78AD83CAC
:10D2A0001E67383D1B93993DAFAA2A3E70B54FF0DB
:10D2B00068422DED048BF0EE408A18EE900AB0EE35
:10D2C000608A18EE101A02EB4003B3F1654F3CBFC1
:10D2D00002EB4102B2F1654F7DD200BFC0F3C753EC
:10D2E000C1F3C7529A1A1B2A09DD10F0004F14BF70
:10D2F0009FED830A9FED830ABDEC048B70BD12F194
:10D300001A0F36DA11F0004F09D010F0004F0CBFA1
:10D310009FED7D0A9FED7D0ABDEC048B70BD88EE0C
:10D32000889A19EE100AFFF717FF042808BF00F0CB
:10D3300021F918EE900AFFF70FFF054618EE100AC4
:10D34000FFF70AFF044619EE100AFFF705FF042D48
:10D3500018BF052D08D1042C18BF052C04D10028B6
:10D3600004BF0220F3F7EBF8B0EE490ABDEC048BE2
:10D3700070BD4200B2EB410F3AD910F0004F19BF17
:10D38000DFED630A9FED630ADFED630A9FED630A39
:10D39000B0EE481A0A46B1EE688A80F00041F0EE1D
:10D3A000418A10460A1A5200B2F1807F34D24840B6
:10D3B00010F0004FDFED5A1A9FED5A2A1DBFBEEE46
:10D3C000001A70EEE10A30EE420AB6EE001A08BF0B
:10D3D00070EEA10A00E040E008BF30EE020AB0EEB5
:10D3E000682A01EE482A08EE818AC2EE081A15E082
:10D3F00011F0004F04BF9FED4C0AF0EE400AD1D06F
:10D4000010F0004F19BFDFED490A9FED490ADFED2B
:10D41000490A9FED490AC5E7C8EE881A21EEA11A0C
:10D420009FED462ADFED462A41EE022A9FED452A6E
:10D4300001EE222ADFED442A41EE022A9FED432A23
:10D44000BDEC048B01EE222A21EE811A01EE020AC4
:10D4500030EE210A30EE200A70BD4FF07F42B2EB71
:10D46000400F28BFB2EB410F09D2F0EE480AB0EEF0
:10D47000680ABDEC048BBDE8704000F070B840EA6B
:10D4800001035B0008BF41F0FF410BD0B2EB400F3E
:10D4900008BFB2EB410F08D120F0804008EE900A9F
:10D4A00021F0804108EE101A18E7B2EB400F12BFCE
:10D4B0005FEA410340F0FF4001F000413FF40EAF4E
:10D4C000B2EB410F12BF5FEA400200F0004041F0B2
:10D4D000FF413FF403AF4A0092EA40033FF5FEAE3E
:10D4E000002AACBF9FED1A0A9FED1A0A68EE808AE7
:10D4F00028EE008A18EE900A18EE101AEEE60000E8
:10D50000DB0FC9BFDB0FC93FDB0F4940DB0F49C051
:10D510000000C9BF22AAFDB90000C93F22AAFD39F7
:10D520000060ED3EC30ACE3700000000000049C095
:10D5300022AA7DBA0000494022AA7D3A2DAD65BDE0
:10D540008FB8D53D0FB511BE61C84C3EA8AAAABE82
:10D550000000804F0000802F30EE000A704730EE50
:10D56000200A7047DFED020A80EEA00A7047000033
:10D57000000000009FED020A20EE000A7047000044
:10D580000000001010B500EE100A2DED028BB1EE78
:10D59000C08A18EE100A20F00040C0F1FF40C00F12
:10D5A0000AD010EE100A20F00040C0F1FF40C00F7A
:10D5B00004BF0120F2F7C3FF18EE100ABDEC028B86
:10D5C00010BD000021F0004201F00043A2F16052C2
:10D5D000B2F5801F28BFD2F17F6C0BD95FEA001C27
:10D5E00043EAC20242EB507018BF704728BF20F0D8
:10D5F00001007047B2F5801FBCBF184670474FEA64
:10D60000410C1CF5001F02D2084600F07DBD70B52C
:10D6100000F090FB00000089FFF7F6BF4FF00040DC
:10D62000A0F580007047000010B591EA030F48BFD5
:10D6300083F0004300F1DA83841A71EB030C05D206
:10D64000121943EB0C03001B61EB0C014FEA115460
:10D65000A4EB135CDFF81CE11EEA430F18BF9EEA3F
:10D66000445F00F0748021EA045123EA0E0343F47E
:10D670008013DCF1200E32D322FA0CFE10EB0E00E8
:10D6800023FA0CFE41EB0E01CCF1200E03FA0EFE44
:10D6900010EB0E00CCF1200E51F10001B1F5801F0E
:10D6A00032D201EB045112FA0EF2BDE8104058BF1D
:10D6B0007047401C38BF5FEA420218BF704700281D
:10D6C00014BF20F0010041F100014FEA410313F5BE
:10D6D000001F38BF7047A1F1C04100F079BB012A9B
:10D6E00043EB0302ACF1200CDCF11F0E32BF4FF014
:10D6F000000E23FA0CF310EB030041EB0451B4EBE2
:10D70000115FD0D0A1EB045101F58011490801EB64
:10D7100004515FEA30000ED350F1000038BF12FA16
:10D720000EFE08D1BDE81040C9E7401C38BF5FEAD3
:10D730004202CAD1C3E7BDE810404FEA410313F5E6
:10D74000001F38BF7047A1F1C04100F041BB9EEA05
:10D75000445F08D011EA5E0FBDE8104004BF01F03D
:10D76000004100207047BDE8104070B500F0E2FABB
:10D7700064FBBE3E0000E0FF491058BFC1F14041CC
:10D780005B1058BFC3F140438B42EFF300807047FA
:10D790002DE9C04130B4DFF8A8C23CEA111418BF2B
:10D7A0003CEA131400F0F0801CEA111481EA03052E
:10D7B00044EAD57418BF1CEA131500F0CB80A4EB23
:10D7C000050404F17F7404F500344FF0004545EA88
:10D7D000C12145EAC32341EA505143EA52534FEA7B
:10D7E000C0204FEAC222994208BF904200F0A080B8
:10D7F0004FEA13650FF24816765D4FEA134506FBB4
:10D8000005F7C7F1807706FB07F74FEAD737A7FB85
:10D8100003687642A7FB06CEC8F5803838BFA8F16A
:10D82000010807FB08E6A6FB028C4FF0000EE6FBA2
:10D8300003CED8F100086FEA0C0C5CF1000C6FEA23
:10D840000E0E4EF1004EA6FB0C584FF00007E6FB03
:10D850000E87A1FB08C6A0FB07CE16EB0E064FF005
:10D86000000545F10005E1FB076515F1E04E7EBFBF
:10D87000A4F580345FEA46066D4116F1800745F154
:10D8800000054FEA172747EA05674FEA15254FEAD3
:10D890000666A6F1DE46B6F1805F20D9384605EB74
:10D8A000C47124F0010C01EB0C11BCF1FE6F02D825
:10D8B000F0BCBDE8008124425CBF01F5801E9EEAF9
:10D8C000C47F02D4F0BCBDE80081244200F139805D
:10D8D000A1F1C041F0BCBDE8004100F079BA4FEAC7
:10D8E000D02040EA41504FEAD1214FEAD22242EA09
:10D8F00043524FEAD323A7FB028607FB036605FBCF
:10D9000002661EEA0E0F58BFA6EB0056B6EB005695
:10D910004FEA520E4EEAC37E18EB0E0E56EB530E34
:10D92000BCD518EB02085E417F1C55F10005B5E738
:10D930004FF480154FF000074FF000064FF000083D
:10D94000ACE701F1C04101F000414FF00000F0BC34
:10D95000BDE800810CEA131511EA0C1F00D00CE0A1
:10D9600013EA0C1F00F025804FF0000081EA03014C
:10D9700001F00041F0BCBDE80081F0BCBDE8004111
:10D9800081EA030100F024BAF0BCBDE8004170B5A3
:10D9900000F0D0F9097EFC3E00F007B84FF000001F
:10D9A00081EA030101F00041704781EA030100F0C0
:10D9B0000FBAF0BCBDE8004122494FF000007047AB
:10D9C000FFFDFBF9F7F5F4F2F0EEEDEBE9E8E6E444
:10D9D000E3E1E0DEDDDBDAD8D7D5D4D3D1D0CFCDCB
:10D9E000CCCBCAC8C7C6C5C4C2C1C0BFBEBDBCBB04
:10D9F000BAB9B8B7B6B5B4B3B2B1B0AFAEADACABFF
:10DA0000AAA9A8A8A7A6A5A4A3A3A2A1A09F9F9ED8
:10DA10009D9C9C9B9A99999897979695959493938A
:10DA2000929191908F8F8E8E8D8C8C8B8B8A898921
:10DA300088888787868585848483838282818180A4
:10DA40000000FF070000F87F51EA030C17D41CF513
:10DA5000801F58BFBCF5801F00F10680994218BF97
:10DA6000704708BF9042704707D711F5801F58BF15
:10DA700013F5801F19D499427047894270471CF5ED
:10DA8000801F08D5BCF5801FF7D58B4218BF7047A3
:10DA900008BF824270474FF4001C1CEB410F38BF97
:10DAA0001CEB430F01D28B42704770B500F042F976
:10DAB000922449004FF000514FF08053FFF75CBEB5
:10DAC00010F0004248BF4042B0FA80F310FA03F170
:10DAD0000AD0C3F11D0303F5806302EB03524FEA42
:10DAE000415002EBD12170474FF000007047000019
:10DAF00051EA030C17D41CF5801F58BFBCF5801FDA
:10DB000000F10680994218BF704708BF90427047E5
:10DB100007D711F5801F58BF13F5801F19D49942FC
:10DB20007047894270471CF5801F08D5BCF5801FDF
:10DB3000F7D58B4218BF704708BF824270474FF439
:10DB4000001C1CEB410F38BF1CEB430F01D28B4272
:10DB5000704770B500F0EEF8922449004FF0805104
:10DB60004FF00053FFF708BE51EA030C17D41CF521
:10DB7000801F58BFBCF5801F00F10680994218BF76
:10DB8000704708BF9042704707D711F5801F58BFF4
:10DB900013F5801F19D499427047894270471CF5CC
:10DBA000801F08D5BCF5801FF7D58B4218BF704782
:10DBB00008BF824270474FF4001C1CEB410F38BF76
:10DBC0001CEB430F01D28B42704770B500F0B2F8E6
:10DBD000922449004FF000514FF08053FFF7CCBD25
:10DBE00070B5DFF848C11CEA111E1EBF1CEA1315F0
:10DBF0009EEA0C0F95EA0C0F00F06F8081EA030497
:10DC00004EEAD47EAE4421EA4C1123EA4C1341F48F
:10DC1000801143F48013AEF17F7EA1FB024CA0FB88
:10DC20000365361955EB0C05A1FB034C4CF10003C1
:10DC3000A0FB021C16EB0C06654153F100030942E0
:10DC400018BF46F0010613F4007F0BD14FEA0331F1
:10DC50004FEA053041EA155140EA165034036FF09F
:10DC600003020AE04FEAC3214FEAC52041EA5551B9
:10DC700040EA5650F4026FF0020202EB2E4201EB32
:10DC8000025585EACE710AD05FEA440C18BF24F031
:10DC9000004450F1000041F1000120EAD47040F24C
:10DCA000FE7C624500D270BDA84214BF4FF0804494
:10DCB0004FF04044002E08BF0024BEF1806FA8BF83
:10DCC000A1F1C041BDE8704080F2828001F1C04105
:10DCD00001F000414FF0000070470CEA13159EEA76
:10DCE0000C0F18BF95EA0C0F06D081EA030E4FF017
:10DCF00000000EF0004170BD00F01CF88900013EEC
:10DD000000F007B800F009B84FEA430C5FEA5C5C2A
:10DD100008D081EA030100F05BB84FEA410C5FEAEA
:10DD20005C5CF6D102494FF0000070470000FF072D
:10DD30000000F87F0EF1020E2EF0030E5EF8046B69
:10DD4000364205D4012A43EB030515F5001F12D80E
:10DD5000012841EB010C1CF5001F0CD80ED14FEA35
:10DD6000D17C0CEB4C0C0CF1020C15F5001F08BF1C
:10DD70004CEBD37C04E04FF0080C01E04FEAD37C7D
:10DD80000CEB4C0526FA05F606F00706B6F1040C76
:10DD900006D20EEB860CBDE870404CF0010C6047DB
:10DDA000DFE80CF0090B02024FF00041A1F5002161
:10DDB0004FF0000070BD19461046012851EB0104D8
:10DDC00018BFD4F5001484BF002001F0004170BDDD
:10DDD0000808A0F500114FEA3101704710B591EA2B
:10DDE000030F48BF83F000433FF526AC841A71EB64
:10DDF000030C07D28CF0004C121943EB0C03001BF0
:10DE000061EB0C014FEA1154A4EB135CDFF8A4E1C1
:10DE10001EEA430F18BF9EEA445F00F0B48021EA77
:10DE2000045123EA6E035242C3EB6E0338BF5B1EFC
:10DE3000DCF1200E25D322FA0CFE10EB0E0043FA83
:10DE40000CFE41EB0E01CCF1200E03FA0EFE10EB9E
:10DE50000E00CCF1200E51F1000129D401EB045148
:10DE600012FA0EF2BDE8104058BF7047401C1CBFAC
:10DE7000B2F1004F704700280CBF491C20F0010090
:10DE8000704712EB020E43EB030218BF4FF0010E76
:10DE90004EEA4202ACF1200CDCF11E0E56D943FAD8
:10DEA0000CFE10EB0E00CCF11E0E51F1FF31D5D55A
:10DEB0000EF1010E12FA0EFE404141EB010101EBA1
:10DEC000445C5FEA5C5C10D901EB045110EBDE703E
:10DED00038BFBEF1004FBDE8104018BF70470028A2
:10DEE0000CBF491C20F00100704734D24FEAD42CFB
:10DEF00024F4006411F500111BD0B1FA81F20B3A41
:10DF0000A41AA41ED2F12003914030FA03F319435E
:10DF1000904001EBCC7101EB0451002CBDE81040A6
:10DF2000A8BF704701F1C04101F000414FF000006F
:10DF30007047B0FA80F310FA03F102D1BDE8104047
:10DF40007047E41A173C4805C90AE2E701EB04519F
:10DF5000BDE81040704749104FEA300001EB045112
:10DF6000BDE8104002E04FF0000170474A0008BFD2
:10DF70000042F8D0B2F5001F28BF704701F0004101
:10DF80004FF0000070479EEA445F07D011EA5E0F31
:10DF9000BDE8104004BF002100207047BDE81040DC
:10DFA00070B5FFF7C7FE00BF40DFF63E104683F0B6
:10DFB000004170470000E0FF43004FEAD30C4FEAF6
:10DFC0003C0C43401FBF40070CF1605113F0FE4F63
:10DFD00070471CF0006F03D10CF000410020704727
:10DFE0000CF0004343EA507040EACC0010B500F05A
:10DFF00038F800BF000000924FEA0001FFF7E8BECA
:10E000004FF00041A1F500214FF00000704710B51E
:10E01000FFF71AFD0CBF0120002010BD10B5FFF75F
:10E0200013FD14BF0120002010BD10B5FFF760FDE7
:10E030008CBF0120002010BD10B5FFF759FD2CBF8B
:10E040000120002010BD10B5FFF78EFD94BF012008
:10E05000002010BD10B5FFF787FD34BF0120002060
:10E0600010BD0EF1020E2EF0030E5EF8044B24429A
:10E0700004D44FEA4102B2F17F4F11D84FEA400376
:10E08000B3F17F4F0CD80ED14FEAD07C0CEB4C0C87
:10E090000CF1020CB2F17F4F08BF4CEBD17C04E0D5
:10E0A0004FF0080C01E04FEAD17C0CEB4C0324FA52
:10E0B00003F404F00704B4F1040C06D20EEB840C54
:10E0C000BDE810404CF0010C6047DFE80CF0070899
:10E0D00002024FF00040A0F5800010BD084642004B
:10E0E00018BFD2F1807288BF00F0004010BDF1EE81
:10E0F000100A4FF6FF71C0F2C03120EA010040F073
:10E100004070E1EE100A7047FF2141EAD050C0058F
:10E110007047000000000000000001020304060731
:10E1200008090000000001020304000000000000D4
:10E13000545452205245474745530040AC037D0498
:10E14000014103057C00026D0D026D0902000610FD
:10E1500016000610166D795461736B303100696ECC
:10E1600073007465737400453A00503A00573A00E2
:10E170001B5B306D001B5B313B33316D001B5B3132
:10E180003B33326D001B5B313B33336D0020202568
:10E1900073257343616E203A205265676973746515
:10E1A00072204661696C65642C20436F6E666967F6
:10E1B000206973204E554C4C0D0A257300202025F4
:10E1C0007325732573203A2043616E3120526567B1
:10E1D0006973746572205375636365737366756CD8
:10E1E0006C792C2054782049443A307825303358C3
:10E1F0002C2052782049443A3078253033580D0A83
:10E200002573002020257325732573203A20436150
:10E210006E3220526567697374657220537563634B
:10E2200065737366756C6C792C2054782049443A78
:10E230003078253033582C2052782049443A3078B1
:10E24000253033580D0A25730020202573257325AA
:10E2500073203A2043616E3120526567697374659B
:10E2600072204661696C65642C204D61782052658E
:10E2700067697374657220436F756E7420526561AF
:10E28000636865640D0A2573002020257325734398
:10E29000414E3120537461727473204661696C651C
:10E2A000640D0A25730020202573257343414E32E7
:10E2B00020537461727473204661696C65640D0A41
:10E2C00025730020202573257343616E203A205268
:10E2D00065676973746572204661696C65642C209A
:10E2E000436F6E66696720697320496E636F6D7056
:10E2F0006C6574650D0A2573002020257325734312
:10E30000414E31204649464F3020496E7465727245
:10E31000757074696F6E20436F6E66696720457211
:10E32000726F720D0A2573002020257325734341F7
:10E330004E32204649464F3120496E7465727275DF
:10E340007074696F6E20436F6E66696720457272E4
:10E350006F720D0A25730020202573257343414EEB
:10E3600032204649464F302046696C74657220431E
:10E370006F6E666967204572726F720D0A257300B1
:10E380002020257325732573203A2043616E3120A8
:10E390005265676973746572204661696C65642CA7
:10E3A0002052782049442030782530335820416C61
:10E3B0007265616479204578697374730D0A2573F9
:10E3C000002020257325732573203A2043616E3287
:10E3D000205265676973746572204661696C656473
:10E3E0002C20527820494420307825303358204161
:10E3F0006C7265616479204578697374730D0A25C0
:10E40000730020202573257343616E205365727657
:10E4100069636520496E69742073756363657373FE
:10E4200066756C6C790D0A257300202025732573A1
:10E4300043616E20496E69742073756363657373FD
:10E4400066756C6C790D0A25730020202573257381
:10E4500043616E204D41534B2046696C74657220B8
:10E46000496E6974207375636365737366756C6C4C
:10E47000790D0A2573002020257325732573203A12
:10E480002043616E2052656769737465722046612E
:10E49000696C65642C204E6F204D656D6F72790D2F
:10E4A0000A2573005465726D696E616C00626F615C
:10E4B00072640070697463680072616D6D657200EA
:10E4C000646A695F6D6F746F72007961775F6D6FF9
:10E4D000746F7200646A695F6D6F746F725F7368E6
:10E4E0006F6F74007D04017C000240AB03410005A6
:10E4F0005308065804070F000810820911000A1576
:10E50000800B16000C18010D28E500080000002003
:10E5100058040000EC010008D8E600085804002068
:10E52000707400004C020008100BE7416B3A58A0D1
:10E530008B3A658E1B089D041AAD041AD904130981
:10E540008F1B0841081A7504111324F413658B14EA
:10E5500008C1891C08B58C1031131D8A1B080D10C9
:10E560001A8504C11AB9181A65041A11301A550807
:10E570001409024313020125C03209041B01020BD6
:10E5800013052416100105240110090104240202B8
:10E590000524061701070582030815100904013335
:10E5A000020A2E0705010240072A810711130A06F5
:10E5B00032023340011A12231302021E4083044028
:10E5C00057591B0203151375091B0871041A6D04B2
:10E5D0001AA1041ABD040718040309041A035B9264
:10E5E000FF0131E3803F0910101AA22913ADE41393
:10E5F00008027B03015359415AFC085AFD085AFE90
:10E600000832FB1AB334411CD00F49C75A400403E7
:10E6100011C841130105D21587184217B7D138BA6E
:10E62000DA40E1E0093333B3BEACC527B71A506412
:10E63000FAE02C7A82F50920F40922240A26B9E0AE
:10E64000EA02E02790410AD7A33B3AA0A41CDB0FC3
:10E65000C9081A20384910D9E0263E0AD7233C9A27
:10E66000C080292C296CE11AC090440101011201DB
:10E67000840201023912012D3720429A99993E995C
:10E68000CC1B7A44F40210463AD474396B19740ADC
:10E6900063027419142A3F6032101AAA011E18B7B7
:10E6A00051B8CA884125DC0F49401AA0449A9048C5
:10E6B0009994130203D2141AA030A11CDB0FC910C5
:10E6C0002A4014F940D809CDCC4C3F6F1283398CC5
:08E6D00009132C0000000000FA
:040000050800018965
:00000001FF
